id,year,pilot,entreact,did,gdp,fin,stru,wage,gov,human,pubservice
110000,2009,0.0,1.484304,0,18.615671,2.0048521,2.6962,10.97061,1.1443436,463.2687,11.349182
110000,2010,0.0,1.64492,0,18.765234,1.9963067,2.6962,11.09258,1.1543747,459.3958,11.361346
110000,2011,0.0,1.53296,0,18.906307,1.9561547,2.6962,11.23631,1.0794842,452.7999,11.38049
110000,2012,0.0,1.292039,0,19.001745,1.9306009,2.6962,11.354,1.1117288,448.4347,11.436152
110000,2013,1.0,1.315931,1,19.088539,1.960018,2.6962,11.45102,1.1399976,447.6593,11.588395
110000,2014,1.0,1.786298,1,19.178249,1.9898568,2.6962,11.54636,1.1235381,445.9382,11.541037
110000,2015,1.0,1.859188,1,19.241253,2.1227043,2.6962,11.63579,1.2146214,441.1597,11.558319
110000,2016,1.0,1.838379,1,19.241253,2.2057183,2.6962,11.7179,1.2608436,439.6097,11.588395
110000,2017,1.0,1.558344,1,19.241253,2.2624536,2.6962,11.81299,1.2557099,436.2605,11.588395
110000,2018,1.0,1.472442,1,19.241253,2.324661,2.6962,11.91734,1.2906379,422.335,11.588395
110000,2019,1.0,1.532477,1,19.241253,2.0801203,2.6962,11.94549,1.27353,419.4495,11.588395
110000,2020,1.0,1.481046,1,19.241253,2.2445557,2.6962,11.94549,1.297652,420.0178,11.588395
110000,2021,1.0,1.904371,1,19.241253,2.1375093,2.6962,11.94549,1.214556,436.3352,11.588395
110000,2022,1.0,1.882661,1,19.241253,2.2949915,2.6962,11.94549,1.3070855,438.7885,11.588395
110000,2023,1.0,2.328634,1,19.241253,2.4816883,2.6962,11.94549,1.2896794,428.8128,11.588395
110000,2024,1.0,2.160879,1,19.241253,2.3134222,2.6962,11.94549,1.3175758,419.0288,11.588395
120000,2009,0.0,0.7089218,0,18.135908,1.4826392,2.4356,10.71609,1.3677485,414.3207,10.643542
120000,2010,0.0,0.829375,0,18.339954,1.4932159,2.4437,10.87736,1.2881994,435.8268,10.693762
120000,2011,0.0,0.8515154,0,18.543543,1.3175335,2.4475,10.92659,1.2344831,451.3268,10.706856
120000,2012,0.0,0.8622029,0,18.674849,1.3488616,2.4566,11.08825,1.2177205,476.3532,10.797451
120000,2013,0.0,0.9836155,0,18.783249,1.3537295,2.4674,11.13988,1.2261271,487.9671,10.879216
120000,2014,0.0,1.357824,0,18.87347,1.3808154,2.4806,11.34844,1.2068095,497.487,10.993564
120000,2015,0.0,1.448729,0,18.923767,1.4814749,2.5087,11.3408,1.2119298,499.4196,11.042842
120000,2016,0.0,1.689013,0,19.002079,1.5301856,2.5521,11.38288,1.3583367,492.1858,11.031075
120000,2017,0.0,2.295495,0,19.038523,1.6228765,2.5724,11.48211,1.420226,490.1609,11.004729
120000,2018,0.0,2.173337,0,19.052465,1.7299334,2.577,11.55148,1.4740038,483.6867,11.007701
120000,2019,0.0,2.581354,0,18.764555,2.4726346,2.6215,11.62269,1.4557452,494.3592,11.018465
120000,2020,0.0,2.395894,0,18.763136,2.6761174,2.6288,11.68619,1.6386738,506.3292,11.027183
120000,2021,0.0,2.499037,0,18.871437,2.551347,2.5981,11.76112,1.4724234,506.3828,11.038721
120000,2022,0.0,2.083445,0,18.909935,2.5535109,2.5961,11.83083,1.4782312,512.0629,11.037869
120000,2023,1.0,2.653889,1,18.935717,2.6089292,2.538506,11.89599,1.6179545,509.888,11.10802
120000,2024,1.0,2.436734,1,19.0098,2.4966705,2.623685,11.94549,1.6995536,507.7464,11.116128
130100,2009,0.0,0.720496,0,17.217134,0.96177959,2.2988,10.2172,1.9126264,375.0023,10.430669
130100,2010,0.0,0.614754,0,17.342171,0.96209353,2.2966,10.35643,1.8649645,377.0078,10.506272
130100,2011,0.0,0.6757044,0,17.524851,0.89641684,2.2991,10.46686,1.8240792,389.2921,10.539509
130100,2012,0.0,0.7404655,0,17.622219,0.88775122,2.3011,10.55649,1.7044929,393.4567,10.635927
130100,2013,0.0,0.8212819,0,17.699886,0.92769992,2.3139,10.68403,1.6594907,397.7821,10.775178
130100,2014,1.0,1.062621,1,17.761019,0.98620093,2.3438,10.78461,1.6492864,383.9975,10.731428
130100,2015,1.0,1.298492,1,17.811985,0.94182724,2.3677,10.90487,1.8194386,408.0197,10.752441
130100,2016,1.0,1.593343,1,17.897738,0.87316573,2.3833,11.02172,1.816595,425.6378,10.811202
130100,2017,1.0,1.92073,1,17.938932,1.4448669,2.43455,11.1255,1.7503761,473.4789,10.737179
130100,2018,1.0,2.060825,1,17.923531,1.6596564,2.4858,11.22676,1.9081298,505.9898,10.798084
130100,2019,1.0,2.447557,1,17.877676,1.9521279,2.5302,11.27641,1.8473662,506.7205,10.845212
130100,2020,1.0,2.275568,1,17.898962,2.203079,2.5378,11.34888,1.8067693,554.8949,10.927197
130100,2021,1.0,1.989743,1,17.988358,2.2463295,2.5197,11.39712,1.6918334,593.6166,10.955934
130100,2022,1.0,1.694867,1,18.078331,2.2725561,2.5141,11.44315,1.8065575,620.4156,11.000281
130100,2023,1.0,2.314342,1,18.137522,2.4007165,2.540363,11.48715,1.7276642,645.2971,11.075397
130100,2024,1.0,2.191811,1,18.222595,2.393208,2.571202,11.52929,1.7085204,670.0377,11.107225
130200,2009,0.0,0.5488895,0,17.456438,0.57632059,2.2337,10.41424,1.6837972,124.1831,10.232143
130200,2010,0.0,0.5562313,0,17.615295,0.60774451,2.2298,10.5249,1.6974585,132.8408,10.318078
130200,2011,0.0,0.6253561,0,17.812326,0.56748068,2.2204,10.64612,1.7282715,143.6304,10.376767
130200,2012,0.0,0.658749,0,17.886524,0.60174483,2.227,10.71952,1.6284441,169.2249,10.247006
130200,2013,0.0,0.6611344,0,17.929855,0.64754075,2.2324,10.78457,1.5614179,151.2901,10.55263
130200,2014,0.0,0.890547,0,17.946718,0.68728483,2.2428,10.84377,1.6205629,146.9012,10.515451
130200,2015,0.0,0.9454673,0,17.926886,0.78312236,2.2623,10.92531,1.7680534,147.5853,10.535583
130200,2016,0.0,1.264987,0,17.967318,0.78286374,2.2607,10.9958,1.8096189,152.4724,10.560671
130200,2017,0.0,1.302106,0,17.994524,0.7982766,2.285,11.1101,1.7421733,163.294,10.418046
130200,2018,0.0,1.618166,0,18.057552,0.79537261,2.3093,11.21948,1.7327194,175.8456,10.490691
130200,2019,0.0,2.285992,0,18.048166,0.88313502,2.3214,11.26434,1.713786,193.4682,10.522207
130200,2020,0.0,1.986662,0,18.093704,0.96189678,2.3035,11.32035,1.8265675,219.9164,10.573059
130200,2021,0.0,1.589388,0,18.226004,0.94133192,2.2999,11.40811,1.6671849,236.6218,10.693739
130200,2022,0.0,1.116351,0,18.304258,0.99980193,2.3027,11.48879,1.7265061,242.9055,10.740042
130200,2023,0.0,1.538442,0,18.32999,1.1155217,2.346271,11.56344,1.7225217,290.0959,10.780539
130200,2024,0.0,1.50217,0,18.421082,1.1348009,2.363748,11.6329,1.7815233,337.2863,10.759349
130300,2009,0.0,0.6445133,0,15.900614,0.9078728,2.3579,10.3806,1.8411735,307.1822,9.2104406
130300,2010,0.0,0.5868887,0,16.046059,0.96294701,2.3326,10.48653,1.8848139,305.0503,9.2982597
130300,2011,0.0,0.6449621,0,16.185829,0.9713375,2.3464,10.52393,1.9461105,309.931,9.3684549
130300,2012,0.0,0.7337912,0,16.248568,1.0359088,2.3395,10.72956,1.8403263,534.1793,9.2655859
130300,2013,0.0,0.7534677,0,16.274035,1.1183884,2.3234,10.78536,1.8293285,580.5432,9.5415125
130300,2014,0.0,0.9141986,0,16.300436,1.2626638,2.3346,10.86853,1.8649101,525.3134,9.7120848
130300,2015,0.0,0.9999661,0,16.341595,1.1999021,2.3599,10.95869,1.9962654,524.9357,9.6297083
130300,2016,0.0,1.125671,0,16.417721,1.1312463,2.3623,11.0347,2.1168416,517.1174,9.6453638
130300,2017,0.0,1.720067,0,16.523785,1.1327101,2.39115,11.16695,2.2158849,516.4899,9.5306835
130300,2018,0.0,1.5055,0,16.610083,1.182799,2.42,11.22699,2.182719,504.1967,9.5614901
130300,2019,0.0,1.73299,0,16.595572,1.3684672,2.4151,11.29208,2.2058425,314.5282,9.5667553
130300,2020,0.0,1.504725,0,16.640455,1.4563994,2.3968,11.35755,2.1470447,322.4393,9.6190672
130300,2021,0.0,1.4024,0,16.730032,1.4578645,2.3836,11.40592,1.8053801,322.88,9.6547699
130300,2022,0.0,1.054,0,16.7652,1.5545841,2.3792,11.45206,1.8390805,318.5267,9.6972628
130300,2023,0.0,1.568533,0,16.811743,1.6554395,2.42004,11.49617,2.1917841,478.4667,9.83183
130300,2024,0.0,1.692767,0,16.873749,1.666086,2.438316,11.53841,2.1422338,638.4067,9.8209209
130400,2009,0.0,0.3414406,0,16.818853,0.56248921,2.2161,10.22622,2.2680807,62.84247,10.174735
130400,2010,0.0,0.294385,0,16.977417,0.55841827,2.1971,10.37742,2.2766254,63.20602,10.250511
130400,2011,0.0,0.3667959,0,17.143789,0.55039924,2.2009,10.49459,2.0675054,63.29286,10.347147
130400,2012,0.0,0.3893364,0,17.224771,0.60879302,2.21,10.54501,2.0556793,62.15688,10.41658
130400,2013,0.0,0.3994064,0,17.237001,0.68429732,2.2286,10.57236,2.1264455,84.68813,10.479539
130400,2014,1.0,0.7396212,1,17.243027,0.76780343,2.2371,10.63159,2.2093723,57.10831,10.557452
130400,2015,1.0,1.01389,1,17.264048,0.89137268,2.2722,10.75043,2.704994,55.7264,10.622302
130400,2016,1.0,1.718171,1,17.323195,0.93771678,2.2776,10.83658,2.5996857,54.39147,10.703963
130400,2017,1.0,1.8202,1,17.335831,1.0493158,2.3226,10.98388,2.4850984,57.37298,10.46473
130400,2018,1.0,1.455709,1,17.357794,1.0598682,2.3676,11.04605,2.571929,61.84026,10.544973
130400,2019,1.0,1.366607,1,17.36685,1.1922783,2.3577,11.10556,2.6604056,68.04901,10.568441
130400,2020,1.0,1.353968,1,17.409254,1.3498203,2.3607,11.17252,2.7421365,74.74552,10.613344
130400,2021,1.0,1.157078,1,17.532734,1.3959848,2.345,11.24264,2.3893304,78.01979,10.640173
130400,2022,1.0,1.019088,1,17.587351,1.5512598,2.3484,11.30816,2.3803992,78.41354,10.780975
130400,2023,1.0,1.32717,1,17.5956,1.7714839,2.382388,11.36966,2.318058,81.44892,10.83695
130400,2024,1.0,1.466514,1,17.66651,1.8706782,2.412686,11.42759,2.4825177,84.46729,10.852478
130500,2009,0.0,0.3651114,0,16.172859,0.62793845,2.1342,10.16219,3.0821173,63.76578,9.8883743
130500,2010,0.0,0.3870879,0,16.310446,0.67166805,2.1309,10.24555,3.018182,64.35392,9.9334831
130500,2011,0.0,0.4148867,0,16.475018,0.66266239,2.1383,10.45823,3.0408282,65.6507,10.027695
130500,2012,0.0,0.4605457,0,16.54471,0.75978661,2.1447,10.54355,2.9230435,66.14284,10.073442
130500,2013,0.0,0.5091231,0,16.590956,0.85852683,2.1586,10.58929,2.882077,62.59798,10.196343
130500,2014,0.0,0.8310648,0,16.617016,0.93997586,2.1944,10.62607,3.0784152,60.41661,10.286639
130500,2015,0.0,0.9439895,0,16.686094,0.99688148,2.2379,10.75671,2.1170399,60.67607,10.292552
130500,2016,0.0,1.017475,0,16.799042,1.0101991,2.2584,10.82387,3.6722879,62.02284,10.356631
130500,2017,0.0,1.12481,0,16.855558,1.1120319,2.30195,10.99257,3.3022804,65.99493,10.190695
130500,2018,0.0,1.357666,0,16.883917,1.2894508,2.3455,11.08575,3.3210166,64.84943,10.294651
130500,2019,0.0,1.467104,0,16.869513,1.512464,2.3396,11.11862,3.4438031,70.10737,10.292586
130500,2020,0.0,1.959438,0,16.906553,1.7346449,2.3423,11.16068,3.4740787,75.47283,10.360818
130500,2021,0.0,1.423712,0,17.004751,1.7968923,2.3321,11.21137,3.0044992,89.96,10.367567
130500,2022,0.0,1.271446,0,17.053011,1.942989,2.3289,11.25962,2.9327085,93.19202,10.424066
130500,2023,0.0,1.920634,0,17.068209,2.1984797,2.368122,11.30564,2.9928999,117.5473,10.513742
130500,2024,0.0,1.651588,0,17.135498,2.2955961,2.388228,11.34964,3.1616404,141.7816,10.49756
130600,2009,0.0,0.3676338,0,16.666218,0.5587008,2.1896,10.12534,2.7350152,139.9003,10.254039
130600,2010,0.0,0.3528049,0,16.836082,0.56495064,2.1878,10.2432,2.9539773,140.0849,10.30685
130600,2011,0.0,0.307797,0,17.014143,0.55199325,2.1734,10.38213,2.5871,143.2601,10.363504
130600,2012,0.0,0.366897,0,17.119059,0.58253318,2.1722,10.46063,2.3983893,121.2559,10.519672
130600,2013,1.0,0.4228284,1,17.184292,0.64722091,2.1743,10.58857,2.5536125,222.7743,10.460242
130600,2014,1.0,0.6139897,1,17.228374,0.74160463,2.2045,10.67004,2.377475,134.6983,10.518997
130600,2015,1.0,0.7756844,1,17.216822,0.86353546,2.2642,10.82927,2.662781,145.2083,10.721063
130600,2016,1.0,1.277689,1,17.364302,0.88677984,2.2559,10.90403,2.54917,178.5642,10.764244
130600,2017,1.0,1.226072,1,17.356396,1.0659949,2.3016,11.06406,2.5682418,143.3011,10.700725
130600,2018,1.0,1.31957,1,17.396189,1.1981872,2.3473,11.10568,3.6683571,147.4892,10.751564
130600,2019,1.0,1.328354,1,17.445702,1.342433,2.4155,11.17486,2.879117,156.0477,10.77189
130600,2020,1.0,1.386075,1,17.492823,1.4902292,2.4173,11.23367,3.5468731,166.449,10.904469
130600,2021,1.0,1.454321,1,17.600155,1.6028428,2.3977,11.30779,3.316592,169.6026,10.883898
130600,2022,1.0,1.29815,1,17.645889,1.9260948,2.3873,11.3768,2.5935526,178.4773,10.901211
130600,2023,1.0,1.824349,1,17.691906,1.5965483,2.430337,11.44134,3.8397489,159.4621,10.999514
130600,2024,1.0,1.872638,1,17.68107,1.7530218,2.449809,11.50198,3.574122,140.5407,11.039684
130700,2009,0.0,0.4940624,0,15.895378,0.97792476,2.2783,10.1917,3.3030841,96.97389,9.4987469
130700,2010,0.0,0.4391055,0,16.083935,0.9502213,2.2538,10.32839,2.910217,96.66502,9.5485964
130700,2011,0.0,0.4688917,0,16.230183,0.95029825,2.2359,10.41742,2.7897804,96.45272,9.6123323
130700,2012,0.0,0.5303373,0,16.327993,0.96704656,2.2375,10.48173,2.5014939,97.14133,9.3930788
130700,2013,0.0,0.5150353,0,16.39345,1.015655,2.2126,10.49931,2.4886177,33.71386,9.8667717
130700,2014,0.0,0.6769526,0,16.417439,1.1069142,2.2182,10.58151,2.6213524,99.12078,9.8525105
130700,2015,0.0,0.7319673,0,16.428183,1.2319162,2.2425,10.79737,2.9247677,144.5726,9.8929319
130700,2016,0.0,0.9121277,0,16.500628,1.3822943,2.2638,10.86431,2.9301403,37.37234,10.005638
130700,2017,0.0,1.005183,0,16.47368,1.6826085,2.3157,11.06626,3.48032,116.0624,9.8284407
130700,2018,0.0,1.070989,0,16.547682,1.8818996,2.3676,11.14937,3.5712276,125.4108,9.9444857
130700,2019,0.0,1.259979,0,16.556995,2.1413052,2.3987,11.16955,3.6236897,141.428,9.9485083
130700,2020,0.0,1.335168,0,16.588099,2.3743618,2.3956,11.21125,3.6646788,162.2297,9.9783163
130700,2021,0.0,1.141201,0,16.66506,2.4441299,2.401,11.25839,2.8724318,175.4476,9.9970694
130700,2022,0.0,0.8079212,0,16.691896,2.6017692,2.3795,11.30341,3.6347072,176.9344,10.096007
130700,2023,0.0,1.278662,0,16.72949,2.7916744,2.398871,11.34649,3.8476255,175.5461,10.139586
130700,2024,0.0,1.509143,0,16.766768,2.7905469,2.385146,11.38779,3.5240788,174.1516,10.161922
130800,2009,0.0,0.5490307,0,15.843808,0.7875132,2.1857,10.19336,2.8714135,95.53925,9.3882351
130800,2010,0.0,0.546761,0,16.000395,0.8619557,2.176,10.30778,2.8434279,101.2816,9.459775
130800,2011,0.0,0.513572,0,16.217218,0.77293688,2.1519,10.43814,2.7054484,107.6035,9.5071058
130800,2012,0.0,0.554683,0,16.285236,0.82174677,2.1575,10.45178,2.8576822,109.4667,9.6838999
130800,2013,0.0,0.5928326,0,16.358759,0.87162954,2.1584,10.65309,2.553688,110.3174,9.6629438
130800,2014,0.0,0.7415813,0,16.412666,0.96603751,2.1637,10.70353,2.3644423,106.559,9.7154694
130800,2015,0.0,0.8753759,0,16.424644,1.1009933,2.1848,10.80102,3.0076308,107.6082,9.7535362
130800,2016,0.0,0.990235,0,16.481749,1.1516657,2.2115,10.88648,3.6983032,112.436,9.8411331
130800,2017,0.0,1.043237,0,16.500261,1.3077652,2.2439,11.00659,3.7842779,118.1132,9.7758245
130800,2018,0.0,1.156702,0,16.511158,1.4875449,2.2763,11.09069,3.607409,124.5314,9.7599058
130800,2019,0.0,1.213734,0,16.504038,1.6792611,2.2627,11.14714,3.7506192,140.8381,9.7764492
130800,2020,0.0,1.068661,0,16.556351,1.7398849,2.2451,11.21086,3.8675344,147.5748,9.81318
130800,2021,0.0,1.062902,0,16.646957,1.7436053,2.2192,11.32381,3.342375,161.5989,9.7872343
130800,2022,0.0,0.9629024,0,16.69471,1.7971979,2.1912,11.42528,3.5218761,157.5277,9.8115368
130800,2023,1.0,1.275726,1,16.734362,1.9208176,2.21834,11.51741,3.5055437,154.1926,9.8940935
130800,2024,1.0,1.117467,1,16.79257,1.8804936,2.225976,11.60175,3.4907143,150.8575,9.8952541
130900,2009,0.0,0.468655,0,16.706564,0.39494631,2.2773,10.52226,2.4337056,59.89687,9.8473406
130900,2010,0.0,0.3692758,0,16.90797,0.40604839,2.2644,10.40471,2.3345466,63.43362,9.9537525
130900,2011,0.0,0.4375885,0,17.067898,0.42102066,2.2456,10.49681,2.2693238,66.71203,10.071076
130900,2012,0.0,0.4885948,0,17.152142,0.44970277,2.2471,10.60551,2.1852326,68.90382,9.8970671
130900,2013,0.0,0.5620443,0,17.221027,0.5197255,2.2695,10.67996,2.0455742,71.33899,10.189869
130900,2014,0.0,0.6202108,0,17.260208,0.58820832,2.2775,10.78067,2.0097511,104.8087,10.296475
130900,2015,0.0,0.7131696,0,17.318251,0.64217937,2.3118,10.91106,2.2987838,71.65272,10.387517
130900,2016,0.0,0.916,0,17.383543,0.69815123,2.3299,10.9703,2.290858,100.3359,10.441647
130900,2017,0.0,1.052159,0,17.411015,0.76811254,2.37505,11.11221,2.2981091,77.87147,10.356758
130900,2018,0.0,1.151992,0,17.420033,0.81187868,2.4202,11.20947,2.362437,87.40741,10.430698
130900,2019,0.0,1.323583,0,17.395691,0.91185552,2.4382,11.28702,2.4196088,102.8996,10.437434
130900,2020,0.0,1.304235,0,17.426428,1.0038681,2.4422,11.30103,2.6691301,114.4605,10.437111
130900,2021,0.0,1.434866,0,17.544333,1.0011108,2.4249,11.36927,2.2318943,123.5455,10.53191
130900,2022,0.0,1.117849,0,17.59697,1.0801052,2.4171,11.43316,2.2378132,129.6556,10.636697
130900,2023,0.0,1.642574,0,17.608749,1.2537867,2.452332,11.4932,2.1326118,132.79,10.719007
130900,2024,0.0,1.495493,0,17.67054,1.2913115,2.465296,11.54985,2.2322509,135.9245,10.750772
131000,2009,0.0,0.6437472,0,16.255663,0.91324925,2.2246,10.35694,1.9079132,255.873,9.3979807
131000,2010,0.0,0.5863205,0,16.419014,0.97852033,2.2311,10.52476,1.6968904,235.3444,9.5418005
131000,2011,0.0,0.6365498,0,16.595209,0.95300454,2.2403,10.59611,1.6252772,247.3029,9.6140041
131000,2012,0.0,0.6132041,0,16.702726,1.0096205,2.239,10.72385,1.5570232,242.5646,9.6404982
131000,2013,0.0,0.7241004,0,16.782398,1.1365567,2.2692,10.81236,1.4234806,206.3613,9.6516228
131000,2014,0.0,0.8862345,0,16.895567,1.1614739,2.3307,10.92479,1.2076935,197.6488,9.7957907
131000,2015,0.0,1.0957,0,17.023878,1.3442122,2.3875,11.07789,1.5885609,338.6854,9.8021746
131000,2016,0.0,1.350383,0,17.113678,1.8125281,2.4127,11.1947,1.5024123,296.8128,9.8722553
131000,2017,0.0,1.470549,0,17.176235,2.0132515,2.46,11.26016,1.7579178,259.1287,9.7358379
131000,2018,0.0,1.561607,0,17.252148,2.0070863,2.5073,11.36416,1.7135237,265.4468,9.837882
131000,2019,0.0,1.899917,0,17.279995,2.1133413,2.5381,11.42447,1.6474485,282.4596,9.9160089
131000,2020,0.0,2.327513,0,17.312321,2.2165308,2.5563,11.43662,1.8102205,308.1699,9.9858046
131000,2021,0.0,2.311457,0,17.385887,2.1969333,2.5426,11.51248,1.6452361,325.5445,9.981883
131000,2022,0.0,1.964335,0,17.389259,2.3606501,2.5358,11.58298,1.7716604,359.7137,9.9941502
131000,2023,0.0,2.60498,0,17.401249,2.4990819,2.559377,11.64885,1.8595735,385.8434,10.091874
131000,2024,0.0,2.48824,0,17.480354,2.3803091,2.549582,11.71064,2.2929714,411.764,10.284967
131100,2009,0.0,0.3886813,0,15.690547,0.56681508,2.115,10.03277,4.1688108,38.62287,9.3299885
131100,2010,0.0,0.3531349,0,15.871968,0.58529443,2.0991,10.15413,4.0078049,39.94548,9.3591051
131100,2011,0.0,0.4411005,0,16.044529,0.61784643,2.0986,10.27504,3.6889441,40.31929,9.4188976
131100,2012,0.0,0.5273056,0,16.129061,0.6984126,2.1088,10.40261,3.1696405,36.51221,9.4919033
131100,2013,0.0,0.6585028,0,16.185972,0.83226138,2.1638,10.51015,2.707613,34.21899,9.6254921
131100,2014,0.0,0.790433,0,16.257105,0.93424469,2.2316,10.62393,1.6323016,55.58329,9.7243605
131100,2015,0.0,0.9173926,0,16.316954,1.0525764,2.2614,10.7616,3.0382204,60.44311,9.724062
131100,2016,0.0,1.159758,0,16.468882,1.0271926,2.2698,10.82564,3.1630154,34.27692,9.816349
131100,2017,0.0,1.339185,0,16.5389,1.1217574,2.3012,10.96844,2.8827479,49.87445,9.67665
131100,2018,0.0,1.257478,0,16.561941,1.2209828,2.3326,11.04894,3.1237261,41.60307,9.7127504
131100,2019,0.0,1.744411,0,16.526888,1.4082515,2.385,11.07582,3.2304764,47.56768,9.7211256
131100,2020,0.0,1.57819,0,16.562782,1.4895136,2.3847,11.13924,3.299232,49.69684,9.7103271
131100,2021,0.0,1.497887,0,16.650488,1.4914484,2.3793,11.21318,2.8938017,52.13072,9.7659483
131100,2022,0.0,1.285804,0,16.706438,1.479911,2.3619,11.28204,2.9379523,51.53261,9.8108234
131100,2023,0.0,1.621692,0,16.753614,1.62051,2.401833,11.34646,2.9013176,58.95662,9.9788733
131100,2024,0.0,1.720433,0,16.797144,1.6555892,2.404199,11.40698,2.9581096,66.34849,9.9657583
140100,2009,0.0,1.030017,0,16.553276,2.6898465,2.5258,10.40851,1.3605217,885.5198,10.116177
140100,2010,0.0,1.01502,0,16.693615,2.842855,2.5169,10.56718,1.3694004,902.0848,10.156113
140100,2011,0.0,1.081233,0,16.850523,2.719728,2.5111,10.71149,1.3697206,936.7534,10.224194
140100,2012,0.0,1.10339,0,16.955963,2.7585542,2.5208,10.79763,1.2864544,979.2291,10.389549
140100,2013,0.0,1.105333,0,16.998913,2.9474714,2.532,10.84029,1.2902359,1030.552,10.419748
140100,2014,0.0,1.310495,0,17.046747,3.1390924,2.5695,10.96424,1.2466295,1084.433,10.453053
140100,2015,0.0,1.426522,0,17.124353,3.3003497,2.5999,11.01066,1.5314718,1147.089,10.478611
140100,2016,0.0,1.837108,0,17.201799,3.4183736,2.6126,11.07937,1.5001155,1168.2,10.506682
140100,2017,0.0,2.292845,0,17.336617,3.352951,2.6106,11.186,1.5361723,1192.881,10.506874
140100,2018,0.0,2.510398,0,17.475084,3.2158093,2.6086,11.30004,1.453427,1178.04,10.526641
140100,2019,0.0,2.708047,0,17.511614,3.4022017,2.6015,11.32491,1.5792217,1215.146,10.546368
140100,2020,0.0,2.71751,0,17.541927,3.4504373,2.6222,11.39245,1.7105834,1215.146,10.641154
140100,2021,0.0,3.463595,0,17.75164,3.1820226,2.5699,11.49373,1.4854051,1164.828,10.686864
140100,2022,0.0,4.143375,0,17.83567,3.2216299,2.5401,11.58569,1.6363945,1215.146,10.702615
140100,2023,0.0,4.994444,0,17.836208,3.4504373,2.563374,11.6699,1.7301891,1215.146,10.666627
140100,2024,0.0,3.72678,0,17.808006,3.4504373,2.674764,11.74757,1.6907471,1215.146,10.721857
140200,2009,0.0,0.4797845,0,15.601015,0.76557493,2.4187,10.24608,2.3334789,118.6597,9.4483328
140200,2010,0.0,0.5033857,0,15.75556,0.85816765,2.4089,10.44672,2.4063661,107.669,9.4818926
140200,2011,0.0,0.5202571,0,15.947986,0.78086239,2.3825,10.68898,2.6176713,108.8335,9.5703201
140200,2012,0.0,0.5068566,0,16.047016,0.82728195,2.3862,10.78332,2.3231111,116.1052,9.5598698
140200,2013,0.0,0.4941037,0,16.084984,0.98283714,2.4159,10.85084,2.4749148,88.89185,9.6727524
140200,2014,0.0,0.5997347,0,16.11982,1.0310109,2.4413,10.93552,2.1133716,88.33137,9.6857042
140200,2015,0.0,0.8154133,0,16.17009,1.1217593,2.4747,10.98105,3.1473446,90.92404,9.7066212
140200,2016,0.0,0.8880188,0,16.143564,1.194888,2.5183,10.92324,3.2148936,88.49686,9.803833
140200,2017,0.0,1.053679,0,16.232594,1.1094513,2.52575,11.00083,3.0062377,85.96541,9.652009
140200,2018,0.0,1.256006,0,16.358654,1.083488,2.5332,11.06009,2.7904379,86.51572,9.7414389
140200,2019,0.0,1.810094,0,16.39497,1.181288,2.5198,11.16532,2.7922282,89.60692,9.8471289
140200,2020,0.0,1.32,0,16.432907,1.3368698,2.5277,11.22717,2.874469,94.82334,9.866045
140200,2021,0.0,1.276582,0,16.640455,1.1792712,2.4543,11.31918,2.2442925,101.1899,9.7917738
140200,2022,0.0,2.603513,0,16.72949,1.2280495,2.4342,11.40343,2.1466501,167.2089,9.6785927
140200,2023,0.0,2.916044,0,16.745104,1.3676039,2.453433,11.48114,2.3941643,158.2595,9.7067423
140200,2024,0.0,0.4071836,0,16.706993,1.6193864,2.528266,11.55323,2.5384681,149.3101,9.7671518
140300,2009,0.0,0.6448914,0,15.064581,0.8400631,2.3952,10.45538,1.6446732,54.80924,8.7388954
140300,2010,0.0,0.6803028,0,15.272676,0.859559,2.3748,10.6551,1.5810905,79.17877,8.7723007
140300,2011,0.0,0.6984019,0,15.479653,0.81446522,2.3736,10.76523,1.5232546,81.56773,8.7772474
140300,2012,0.0,0.6099167,0,15.610518,0.88074827,2.3808,10.90386,1.5568142,90.8327,8.8309813
140300,2013,0.0,0.5760362,0,15.626761,1.0091376,2.3894,10.7892,1.801039,93.11228,8.8050756
140300,2014,0.0,0.6620871,0,15.634586,1.0531332,2.4179,10.75805,1.847221,103.506,8.8513775
140300,2015,0.0,0.8984564,0,15.60008,1.2108942,2.4684,10.74923,2.2803404,103.859,8.8206997
140300,2016,0.0,0.9167669,0,15.644666,1.1922668,2.4864,10.78301,2.3191829,107.4962,8.8629084
140300,2017,0.0,1.0625,0,15.720632,1.3164879,2.49355,10.93765,2.1212873,114.1439,8.6676798
140300,2018,0.0,1.158636,0,15.808433,1.4082907,2.5007,11.03187,2.1510224,126.0,8.7313366
140300,2019,0.0,1.156515,0,15.788201,1.576605,2.5119,11.08525,2.3045533,128.3788,8.7081442
140300,2020,0.0,1.10981,0,15.81969,1.5813346,2.5187,11.1284,2.715872,142.6692,8.722743
140300,2021,0.0,1.15084,0,16.031448,1.453164,2.4503,11.20789,2.2758512,167.0229,8.7949762
140300,2022,0.0,2.87771,0,16.131012,1.4201727,2.4127,11.28154,1.9333303,197.0611,8.8381166
140300,2023,0.0,3.261985,0,16.121092,1.4959093,2.431535,11.35012,2.0248322,227.0992,8.7870674
140300,2024,0.0,1.279237,0,15.962611,1.9037648,2.515183,11.41431,2.2537603,257.1374,8.9152975
140400,2009,0.0,0.4595456,0,15.863578,0.61373103,2.2814,10.26727,1.6192187,92.09416,9.5252972
140400,2010,0.0,0.5773964,0,16.034967,0.68587816,2.2585,10.41671,1.7441018,112.2579,9.4525805
140400,2011,0.0,0.578642,0,16.3158,0.59967488,2.2407,10.57884,1.6860204,91.73796,9.4872904
140400,2012,0.0,0.4577804,0,16.402229,0.63335192,2.246,10.71401,1.5118984,90.84499,9.5029354
140400,2013,0.0,0.4473124,0,16.406069,0.68892676,2.2649,10.70553,1.6539493,95.61725,9.5849342
140400,2014,0.0,0.5400059,0,16.404133,0.76395041,2.329,10.78023,1.7899873,121.3473,9.6469164
140400,2015,0.0,0.6169809,0,16.296528,0.94701862,2.3916,10.80908,2.5049369,117.7349,9.6855183
140400,2016,0.0,0.7861062,0,16.357489,0.94202107,2.3942,10.84095,2.3784525,112.4749,9.6886225
140400,2017,0.0,0.9664793,0,16.508469,0.92379266,2.3874,10.96388,2.0291986,107.1006,9.5552063
140400,2018,0.0,0.9369026,0,16.61622,0.9419136,2.3806,11.02801,2.1485853,104.4956,9.6052837
140400,2019,0.0,1.006206,0,16.612791,1.0630803,2.4046,11.08479,2.1890283,109.0265,9.453208
140400,2020,0.0,1.056937,0,16.655758,1.1754791,2.4025,11.17474,2.3809612,127.3962,9.6278658
140400,2021,0.0,1.024307,0,16.955776,0.9548853,2.3209,11.28268,1.7323619,149.9734,9.6291161
140400,2022,0.0,2.293068,0,17.1495,0.85812366,2.2724,11.3801,1.583982,163.8083,9.6221848
140400,2023,0.0,1.81177,0,17.149857,0.97710311,2.28013,11.46887,1.8174063,176.3953,9.6534224
140400,2024,0.0,0.3933923,0,17.070911,1.1510612,2.352973,11.5504,1.9356095,188.9823,9.670167
140500,2009,0.0,0.443218,0,15.617303,0.70482183,2.2841,10.4399,1.5910738,37.52367,8.8938475
140500,2010,0.0,0.6883411,0,15.804129,0.71579486,2.2797,10.59743,1.6130567,36.83115,8.9467649
140500,2011,0.0,0.5672644,0,16.007139,0.70778286,2.2589,10.79355,1.6671618,22.62069,8.9733515
140500,2012,0.0,0.5815307,0,16.130827,0.76711911,2.2701,10.90541,1.5659509,27.0715,9.0267782
140500,2013,0.0,0.5797538,0,16.149511,0.83245391,2.2915,10.91294,1.6633948,28.12585,9.1224918
140500,2014,0.0,0.6647328,0,16.15329,0.88886613,2.328,10.92863,1.6497101,29.12746,9.1599941
140500,2015,0.0,1.047576,0,16.157549,0.95720112,2.3514,10.91,1.9180992,28.63197,9.2228613
140500,2016,0.0,0.9917727,0,16.166258,1.0313293,2.3762,10.92329,1.9312842,28.75,9.2696466
140500,2017,0.0,1.04362,0,16.259192,1.0603361,2.3862,11.04541,1.760087,26.0362,9.0350342
140500,2018,0.0,1.173665,0,16.419573,1.0175753,2.3962,11.11322,1.8232522,23.37104,9.1138296
140500,2019,0.0,1.257117,0,16.421898,1.1322402,2.3869,11.13402,1.827045,18.36486,9.1944141
140500,2020,0.0,1.242207,0,16.472969,1.1952684,2.3852,11.20426,1.9552035,17.83333,9.290906
140500,2021,0.0,1.228423,0,16.766245,1.0976162,2.3161,11.28643,1.4512072,50.96847,9.32759
140500,2022,0.0,3.106126,0,16.953176,0.87698179,2.2719,11.36235,1.3666047,65.70721,9.3277674
140500,2023,0.0,3.347342,0,16.96525,1.0709772,2.285047,11.43291,1.5557475,80.72973,9.3909101
140500,2024,0.0,1.398243,0,16.997723,1.1844802,2.353141,11.49882,1.6151937,95.75225,9.3832846
140600,2009,0.0,0.5556968,0,15.540609,0.3465707,2.3714,10.23752,1.5609426,9.105305,8.6020861
140600,2010,0.0,0.526875,0,15.717838,0.66370183,2.3134,10.39001,1.6166124,9.105305,8.6637144
140600,2011,0.0,0.4836616,0,15.961677,0.32658055,2.3106,10.56316,1.6275027,9.105305,8.6494484
140600,2012,0.0,0.4902594,0,16.125191,0.32658055,2.307,10.70958,1.6468914,9.105305,8.7334328
140600,2013,0.0,0.5565367,0,16.144154,0.32658055,2.3192,10.76156,1.6208384,9.105305,8.8184824
140600,2014,0.0,0.6571836,0,16.1215,0.32658055,2.3367,10.92873,1.6521969,50.83239,8.8046255
140600,2015,0.0,0.7714693,0,16.01399,0.39794654,2.4259,10.85923,2.5468342,65.89066,8.8397112
140600,2016,0.0,0.803681,0,16.032608,0.6288569,2.4469,10.84695,2.5988021,69.67484,8.8954926
140600,2017,0.0,0.9140244,0,16.09812,0.63635939,2.47805,10.99928,1.9355468,64.15854,8.710784
140600,2018,0.0,0.9525767,0,16.181665,0.69289595,2.5092,11.1053,1.923424,65.11656,8.8279076
140600,2019,0.0,1.218293,0,16.178249,0.81123072,2.4871,11.16101,2.0903645,67.7561,9.0030699
140600,2020,0.0,1.170552,0,16.213406,0.92327166,2.4836,11.25274,2.2146986,80.41718,9.0068769
140600,2021,0.0,1.12463,0,16.469456,0.81087202,2.4158,11.34975,1.7835184,113.6481,9.0252151
140600,2022,0.0,2.389691,0,16.547277,0.75016212,2.3784,11.43817,1.5693254,157.5185,9.1577835
140600,2023,0.0,2.825864,0,16.549229,0.95262527,2.39366,11.5194,1.9457651,163.6358,9.2270012
140600,2024,0.0,0.9549383,0,16.402523,1.1880457,2.444035,11.59453,1.9904103,169.7531,9.0309744
140700,2009,0.0,0.550875,0,15.666813,0.56909573,2.3008,10.07351,1.7848513,169.1563,9.3182077
140700,2010,0.0,0.5954636,0,15.848694,0.61484367,2.2824,10.276,1.8615606,179.6049,9.3446093
140700,2011,0.0,0.5915558,0,16.001829,0.6866706,2.2858,10.53796,1.9760096,191.0857,9.3728848
140700,2012,0.0,0.5432308,0,16.104565,0.76386285,2.2844,10.66156,1.8012478,210.2369,9.3956575
140700,2013,0.0,0.6256278,0,16.140079,0.88950223,2.2872,10.74445,1.8555752,360.2753,9.4752398
140700,2014,0.0,0.6741604,0,16.158566,0.98724401,2.3271,10.76314,1.8453203,422.9501,9.5220079
140700,2015,0.0,0.9365103,0,16.163179,1.1504502,2.3597,10.84328,2.4058008,493.9817,9.5934238
140700,2016,0.0,1.060602,0,16.205286,1.2646582,2.3719,10.88174,2.4520702,530.7139,9.6486597
140700,2017,0.0,1.347952,0,16.368795,1.2296083,2.3696,11.02767,2.3625479,550.512,9.3635759
140700,2018,0.0,1.448653,0,16.488005,1.2749989,2.3673,11.1181,2.1393452,576.1766,9.4638195
140700,2019,0.0,1.454478,0,16.496532,1.3985956,2.3936,11.14478,2.276329,599.7851,9.5201015
140700,2020,0.0,1.349522,0,16.502678,1.4590966,2.3941,11.21814,2.3717687,661.1224,9.5131817
140700,2021,0.0,1.362746,0,16.730032,1.3422971,2.3255,11.30339,2.144304,780.3582,9.5765104
140700,2022,0.0,3.040506,0,16.86573,1.2779075,2.2958,11.38194,2.2136667,768.7083,9.5875435
140700,2023,0.0,2.523145,0,16.855738,1.4405895,2.313501,11.45477,2.2588639,757.1276,9.5936279
140700,2024,0.0,1.512278,0,17.017851,1.3050778,2.447047,11.52265,2.3733802,745.6154,9.6393919
140800,2009,0.0,0.4414837,0,15.79376,0.66333413,2.2389,9.958449,3.942373,36.48783,10.010277
140800,2010,0.0,0.4541971,0,15.928667,0.60410857,2.2165,10.07292,3.7831533,36.1956,10.015297
140800,2011,0.0,0.4969615,0,16.134777,0.59444654,2.1904,10.32518,4.0557461,35.28353,10.15619
140800,2012,0.0,0.4333012,0,16.184492,0.56935209,2.2081,10.35979,4.6373811,39.81136,10.280176
140800,2013,0.0,0.4528139,0,16.249226,0.72727334,2.213,10.446,5.0453424,88.80168,10.294617
140800,2014,0.0,0.5041127,0,16.301847,3.4504373,2.2584,10.5281,4.5231943,81.70982,10.193691
140800,2015,0.0,0.7718149,0,16.278524,0.81293964,2.2968,10.75379,4.9194794,102.4402,10.225824
140800,2016,0.0,0.8259887,0,16.318871,0.82877117,2.3071,10.81802,4.869494,103.9962,10.224628
140800,2017,0.0,0.9406433,0,16.407993,0.82013839,2.3199,10.91993,4.515635,107.8791,10.017441
140800,2018,0.0,1.169201,0,16.529968,0.76654661,2.3327,11.03862,4.1846538,103.998,9.9578333
140800,2019,0.0,1.178327,0,16.564703,0.81237394,2.3369,11.04578,4.3195419,110.1459,10.118236
140800,2020,0.0,1.580078,0,16.615229,0.88208532,2.3327,11.08701,4.6392956,122.0662,10.090216
140800,2021,0.0,1.750819,0,16.837399,0.82916003,2.2738,11.18348,3.7924089,139.0741,10.063137
140800,2022,0.0,2.353197,0,16.951439,0.87785143,2.2731,11.27145,4.2921381,147.2943,10.088181
140800,2023,0.0,2.563236,0,16.963964,1.0263975,2.291772,11.35231,4.1654873,138.1228,10.092868
140800,2024,0.0,1.506842,0,16.902454,1.191165,2.341459,11.42712,4.7130485,128.9513,10.11172
140900,2009,0.0,0.5607507,0,15.066292,0.84201497,2.353,9.958449,3.0414622,30.9537,9.2419357
140900,2010,0.0,0.4141441,0,15.291317,0.80556446,2.3288,10.10244,3.0366511,59.69761,9.2956924
140900,2011,0.0,0.4873911,0,15.528489,0.74058884,2.2864,10.32699,2.8412049,58.85198,9.3419828
140900,2012,0.0,0.4468387,0,15.641582,0.77262276,2.2995,10.44705,2.7856722,66.74516,9.3419828
140900,2013,0.0,0.5768144,0,15.694567,0.89052868,2.3063,10.5533,2.8923039,60.77393,9.4081249
140900,2014,0.0,0.598304,0,15.732932,0.94710565,2.3336,10.60656,2.6475091,60.576,9.4081249
140900,2015,0.0,0.6656988,0,15.734248,1.0494832,2.366,10.71175,3.2857444,66.06747,9.4573565
140900,2016,0.0,0.8654221,0,15.78421,1.0860021,2.3821,10.76353,3.5751176,87.48052,9.3302546
140900,2017,0.0,0.8341559,0,15.983984,0.94554853,2.3795,10.86267,3.9676113,87.77597,9.075551
140900,2018,0.0,0.9398701,0,16.107166,0.92897648,2.3769,10.95312,3.8517599,73.13312,9.1628294
140900,2019,0.0,1.008111,0,16.120094,1.0476787,2.3929,11.09151,4.0802255,92.74918,9.2344475
140900,2020,0.0,1.028758,0,16.152496,1.1013815,2.4038,11.14784,4.2874002,96.02941,9.2344475
140900,2021,0.0,1.037082,0,16.413746,0.92489839,2.3206,11.22688,3.336755,97.20984,9.3987265
140900,2022,0.0,2.134013,0,16.524227,0.94620258,2.3069,11.30013,2.8659549,97.14474,9.3660612
140900,2023,0.0,1.952508,0,16.485512,1.1480796,2.315115,11.36837,3.0863132,97.43894,9.3767023
140900,2024,0.0,1.323146,0,16.413002,1.3872857,2.403707,11.43226,3.4617906,97.7351,9.3368845
141000,2009,0.0,0.5013958,0,15.852653,0.56156766,2.2814,10.0948,2.0831907,83.11367,9.5599403
141000,2010,0.0,0.5250846,0,16.001724,0.61779815,2.267,10.04675,2.1178014,87.6635,9.618269
141000,2011,0.0,0.5715064,0,16.245659,0.57970291,2.2381,10.25846,2.1000512,89.93183,9.7138996
141000,2012,0.0,0.5389934,0,16.317831,0.61385864,2.2458,10.39897,2.0102115,97.26952,9.6544495
141000,2013,0.0,0.5128511,0,16.320143,0.69099736,2.2588,10.53403,2.2451587,101.2711,9.7103882
141000,2014,0.0,0.5253846,0,16.31139,0.77758855,2.3,10.57697,2.393656,103.2751,9.7690983
141000,2015,0.0,0.8842751,0,16.267471,0.92945486,2.3582,10.78002,3.260613,103.753,9.7718973
141000,2016,0.0,0.8157604,0,16.304722,0.98190731,2.3752,10.82937,3.6163948,109.6429,9.843154
141000,2017,0.0,0.9843649,0,16.395977,0.9541688,2.39305,10.94845,3.4434667,101.0762,9.6775274
141000,2018,0.0,1.086721,0,16.482769,0.99031597,2.4109,11.06186,3.0624158,98.39954,9.7689266
141000,2019,0.0,1.11587,0,16.491726,1.1392416,2.4242,11.10751,2.9783938,99.57541,9.8420372
141000,2020,0.0,1.200558,0,16.526888,1.2034801,2.4206,11.17214,3.2475753,96.99303,9.9057846
141000,2021,0.0,1.218112,0,16.764675,1.0729349,2.3436,11.28209,2.5759771,52.9627,9.883132
141000,2022,0.0,3.38486,0,16.919201,1.055727,2.3,11.38114,2.5048192,62.68224,9.8931341
141000,2023,0.0,2.181733,0,16.956209,1.1949725,2.313081,11.47126,2.7356918,72.44965,9.92974
141000,2024,0.0,1.574742,0,17.009684,1.2423109,2.408291,11.55392,3.0596399,82.26291,9.8630819
141100,2009,0.0,0.3872051,0,15.626354,0.43078676,2.2397,10.17364,2.0390792,37.44785,9.1674328
141100,2010,0.0,0.4188636,0,15.950315,0.48029861,2.2049,10.36187,2.0696962,42.55913,9.3993893
141100,2011,0.0,0.5183196,0,16.240944,3.4504373,2.1778,10.57011,1.8880115,41.93474,9.3009119
141100,2012,0.0,0.5046736,0,16.325447,3.4504373,2.1783,10.75576,1.7363498,40.76708,9.2549314
141100,2013,0.0,0.4427012,0,16.323973,0.65362936,2.1886,10.82601,1.7825098,50.13709,9.2856331
141100,2014,0.0,0.4217302,0,16.214628,0.78049934,2.2537,10.82562,2.0198371,55.50038,9.31668
141100,2015,0.0,0.6278517,0,16.072891,0.93151969,2.3178,10.87597,3.0217721,59.09982,9.3259878
141100,2016,0.0,0.7653453,0,16.113392,0.95540416,2.3343,10.92156,3.0787377,58.82353,9.4093552
141100,2017,0.0,0.8622959,0,16.388369,0.79051936,2.3183,11.02481,2.2724979,49.2551,9.0610275
141100,2018,0.0,0.9506599,0,16.468977,0.80468589,2.3023,11.13124,2.3446259,48.71827,9.1204157
141100,2019,0.0,1.016168,0,16.531528,0.79325897,2.3106,11.16568,2.2353036,48.81218,9.2571287
141100,2020,0.0,1.196132,0,16.548578,0.82566559,2.3071,11.25034,2.4626191,49.45802,9.3254528
141100,2021,0.0,1.205026,0,16.846127,0.66246951,2.2463,11.35558,1.7547028,51.17857,9.4215736
141100,2022,0.0,1.961531,0,17.00145,0.6488297,2.2145,11.4508,1.6132414,51.93877,9.4739342
141100,2023,0.0,1.471301,0,16.979296,0.75322825,2.233718,11.53773,1.8787026,52.16582,9.4742422
141100,2024,0.0,1.216429,0,17.09001,0.7397247,2.334733,11.6177,1.8760881,52.39286,9.4964209
150100,2009,0.0,1.550908,0,16.615223,1.1985943,2.5441,10.4339,1.5465037,896.7366,9.5100746
150100,2010,0.0,1.491506,0,16.741737,1.3520417,2.5381,10.53724,1.3985296,937.7723,9.3429461
150100,2011,0.0,1.393069,0,16.896166,1.4705684,2.5366,10.66422,1.6884111,956.8575,9.3593636
150100,2012,0.0,1.307295,0,17.024567,1.4975197,2.5381,10.70104,1.5411569,986.4958,9.3693085
150100,2013,0.0,1.366068,0,17.115189,1.5765586,2.5808,10.79543,1.6198167,979.735,9.5147324
150100,2014,0.0,1.556326,0,17.180752,1.7780942,2.6204,10.82911,1.4697458,977.2216,9.5814209
150100,2015,0.0,2.153491,0,17.246435,1.9653285,2.6378,10.89113,1.4577281,985.7825,9.7277641
150100,2016,0.0,2.226349,0,17.272959,2.2220376,2.65,10.9369,1.5574602,986.4481,9.7855482
150100,2017,0.0,2.545103,0,17.229475,2.5163405,2.6497,11.05222,2.0001574,984.8971,9.7862797
150100,2018,0.0,2.297967,0,17.184013,2.7402272,2.6494,11.17587,1.7425749,976.691,9.7957354
150100,2019,0.0,2.358835,0,17.144495,3.0504541,2.6236,11.33982,2.0575566,976.6064,9.8275242
150100,2020,0.0,2.018095,0,17.148071,3.1772861,2.6178,11.40254,2.0201011,986.3174,9.8372946
150100,2021,0.0,2.35149,0,17.256248,3.0658946,2.5757,11.49748,1.8379415,1000.647,9.8944464
150100,2022,0.0,1.567132,0,17.320768,3.1719241,2.5564,11.58418,1.8234227,1036.419,9.9262266
150100,2023,0.0,3.136284,0,17.453623,2.9832289,2.560013,11.66395,2.4908636,993.4904,9.9302273
150100,2024,0.0,2.967917,0,17.530788,2.8403099,2.602907,11.73784,2.2797384,951.5379,9.9228487
150200,2009,0.0,1.151737,0,16.892269,0.37534395,2.4069,10.51123,1.5007321,379.5665,9.2973433
150200,2010,0.0,1.142084,0,17.018587,0.42152295,2.4049,10.63099,1.4726058,384.4495,9.3448715
150200,2011,0.0,1.660325,0,17.218506,0.42577276,2.3928,10.75904,1.5524336,304.3913,9.4242411
150200,2012,0.0,1.181432,0,17.344673,0.4164376,2.3944,10.85217,1.5671325,307.1186,9.5400038
150200,2013,0.0,1.328222,0,17.371721,0.46502852,2.4267,10.87984,1.6514581,311.5555,9.5545683
150200,2014,0.0,1.376531,0,17.409065,0.50438088,2.4517,10.93758,1.5094427,314.4479,9.5665455
150200,2015,0.0,1.71844,0,17.432339,0.58908176,2.462,10.99373,1.5587187,323.0591,9.5994053
150200,2016,0.0,1.731116,0,17.470737,0.6213243,2.4797,11.06643,1.5277959,358.2411,9.6693459
150200,2017,0.0,1.607679,0,17.344723,0.8682245,2.50355,11.15204,2.4003572,339.183,9.6689034
150200,2018,0.0,1.47192,0,17.200508,1.0157741,2.5274,11.22947,2.5535691,341.1473,9.7716694
150200,2019,0.0,1.451289,0,17.11652,1.1047722,2.5366,11.31312,2.4011149,339.6311,9.7408514
150200,2020,0.0,1.508419,0,17.143061,0.89838845,2.5109,11.36597,2.6128325,386.3385,9.7418509
150200,2021,0.0,1.811116,0,17.309895,0.8199293,2.4528,11.4515,2.0841753,389.4464,9.7763929
150200,2022,0.0,1.303393,0,17.439852,0.79473597,2.4026,11.53028,2.2765815,377.8705,9.7607708
150200,2023,0.0,1.774018,0,17.568304,0.78315586,2.390276,11.60331,2.3685305,385.2679,9.7826748
150200,2024,0.0,1.610625,0,17.638702,0.74265897,2.468186,11.67137,2.2307775,392.6652,9.7654886
150300,2009,0.0,1.34124,0,14.950802,0.69908386,2.2916,10.47983,2.527343,76.61256,7.9105906
150300,2010,0.0,1.118868,0,15.179364,0.7154308,2.2638,10.59296,1.8875624,75.0,7.9714308
150300,2011,0.0,0.816451,0,15.390864,0.67315722,2.2537,10.6676,2.1311157,66.3586,8.0368967
150300,2012,0.0,0.7968978,0,15.542858,0.6775856,2.2483,10.84878,1.7199544,64.58029,8.1763916
150300,2013,0.0,0.9954792,0,15.556204,0.83310926,2.3224,10.88179,1.3242159,55.22604,8.2589407
150300,2014,0.0,1.088628,0,15.608967,0.89862794,2.3502,10.89902,1.2610292,50.92058,8.1749849
150300,2015,0.0,2.198022,0,15.537977,0.98924196,2.4132,10.92552,1.3207814,79.47853,8.033658
150300,2016,0.0,2.022045,0,15.559875,0.93300182,2.4172,10.97337,1.6347615,109.2273,8.0718431
150300,2017,0.0,2.079091,0,15.490888,1.1473529,2.3888,11.12222,1.2480924,114.3182,8.034955
150300,2018,0.0,1.977727,0,15.416787,1.1646414,2.3604,11.23194,2.6727972,117.9773,8.0326853
150300,2019,0.0,2.156591,0,15.522076,1.2094446,2.3592,11.35949,2.2152019,134.4318,8.0356026
150300,2020,0.0,1.862954,0,15.54362,0.93721706,2.3341,11.38816,2.0958157,144.5909,8.068716
150300,2021,0.0,1.967727,0,15.78681,0.65821338,2.2728,11.5178,1.7896141,152.9773,8.0352793
150300,2022,0.0,1.718182,0,15.898695,0.59451669,2.2502,11.63256,1.4915862,117.9091,8.0235519
150300,2023,0.0,2.319546,0,15.779821,0.77385962,2.339251,11.73549,2.0062571,113.2727,8.0864105
150300,2024,0.0,1.959545,0,15.600581,1.1237441,2.471884,11.8288,1.8551161,108.6364,8.068716
150400,2009,0.0,0.7508875,0,16.026955,0.43327063,2.1794,10.21872,4.0824251,30.25545,9.6441984
150400,2010,0.0,0.7388474,0,16.200808,0.42894387,2.161,10.3521,3.9020324,32.89422,9.6427717
150400,2011,0.0,0.7101544,0,16.416117,0.41950226,2.1506,10.55369,4.4061112,37.47554,9.6878157
150400,2012,0.0,0.7629879,0,16.56876,0.45353055,2.1438,10.72754,4.3673868,38.70338,9.8748827
150400,2013,0.0,0.8632135,0,16.640547,0.51046306,2.1773,10.84495,3.8142529,40.3963,9.9781313
150400,2014,0.0,0.9087592,0,16.693794,0.58934313,2.208,10.90373,3.6770351,42.3143,9.8206491
150400,2015,0.0,1.066057,0,16.739357,0.62491411,2.2282,10.92192,3.968672,44.09571,10.085768
150400,2016,0.0,1.204168,0,16.777313,0.71458662,2.2276,10.99544,3.92608,46.93737,10.081173
150400,2017,0.0,1.271348,0,16.672876,0.94965124,2.2626,11.06365,4.5939317,49.11087,9.9224567
150400,2018,0.0,1.200588,0,16.556248,1.2056341,2.2976,11.18794,4.7139482,50.30066,10.016906
150400,2019,0.0,1.320413,0,16.653419,1.1757095,2.324,11.25391,4.9386849,51.41739,10.072935
150400,2020,0.0,1.314814,0,16.685112,1.2223752,2.2957,11.28868,5.1995211,52.71116,10.08868
150400,2021,0.0,1.359824,0,16.798664,1.2381371,2.28,11.32241,4.5085516,55.26652,10.140415
150400,2022,0.0,1.000374,0,16.882633,1.20549,2.2444,11.35503,5.0341125,74.54626,10.103567
150400,2023,0.0,1.527577,0,16.905643,1.3344681,2.255154,11.38663,5.5901451,71.38326,10.111923
150400,2024,0.0,1.39489,0,16.960524,1.3637371,2.322854,11.41725,5.0820632,68.22026,9.974412
150500,2009,0.0,0.7398232,0,16.078724,0.4130857,2.1332,9.993249,3.0063388,84.09334,8.8640404
150500,2010,0.0,0.7529652,0,16.280741,0.3943539,2.1108,10.16863,2.8452361,113.0028,8.9780302
150500,2011,0.0,0.7683849,0,16.488844,0.36486259,2.1,10.45137,2.9149487,96.83537,9.113389
150500,2012,0.0,0.802658,0,16.643919,0.3607052,2.0935,10.55255,2.865911,118.1332,9.205328
150500,2013,0.0,1.062547,0,16.695721,0.39453924,2.1344,10.66713,2.8787031,91.20174,9.4543839
150500,2014,0.0,1.175642,0,16.752977,0.39001209,2.1517,10.75751,2.8145659,139.69,9.4946165
150500,2015,0.0,1.351661,0,16.747913,0.49203464,2.2075,10.8798,3.0146081,116.0159,9.3507109
150500,2016,0.0,1.323762,0,16.785608,0.50873184,2.2288,10.95131,2.7901368,112.3354,9.4230299
150500,2017,0.0,1.174399,0,16.603905,0.64236575,2.2739,11.0263,4.4988341,109.5506,9.5713663
150500,2018,0.0,1.025127,0,16.381689,0.75433314,2.319,11.10837,4.9726052,105.7025,9.4064827
150500,2019,0.0,1.418864,0,16.354748,0.81653529,2.2468,11.22962,4.9766955,101.53,9.6000824
150500,2020,0.0,2.357975,0,16.36261,0.82914388,2.2324,11.30907,5.0452862,114.7911,9.6058226
150500,2021,0.0,1.604445,0,16.462395,0.85971653,2.2091,11.3665,4.2795486,128.1365,9.626811
150500,2022,0.0,1.380921,0,16.564062,0.86299556,2.1661,11.42081,4.5824738,141.1175,9.6421232
150500,2023,0.0,1.650064,0,16.593708,0.96071005,2.187321,11.47232,5.0997863,125.1714,9.6991653
150500,2024,0.0,1.503905,0,16.640455,1.0289812,2.187582,11.52131,4.8934016,109.2254,9.6600771
150600,2009,0.0,1.582553,0,16.888666,0.55793613,2.3607,10.71032,1.4294826,14.13567,9.1334591
150600,2010,0.0,1.813755,0,17.090097,0.59098148,2.3595,10.87839,1.3334217,17.00354,9.1759558
150600,2011,0.0,2.035209,0,17.287024,0.60937566,2.3476,10.99034,1.2901615,24.39317,8.8805857
150600,2012,0.0,1.734188,0,17.414684,0.60657132,2.3453,11.10391,1.2869186,25.29914,9.0388403
150600,2013,0.0,1.774595,0,17.493303,0.59874141,2.3516,11.13657,1.1788195,27.67984,9.1974573
150600,2014,0.0,1.919423,0,17.518166,0.63832033,2.3698,11.04534,1.25966,36.69872,9.1911573
150600,2015,0.0,2.392957,0,17.559381,0.63892972,2.3853,11.20337,1.2971342,37.46504,9.2318087
150600,2016,0.0,2.436541,0,17.603767,0.65863365,2.3941,11.2185,1.2452453,50.20126,9.3076487
150600,2017,0.0,2.350186,0,17.526781,0.752657,2.40425,11.26659,1.3265609,56.86956,9.1584148
150600,2018,0.0,2.183025,0,17.443369,0.85743099,2.4144,11.46465,1.3530202,69.02469,9.2398996
150600,2019,0.0,2.561402,0,17.400417,0.90182328,2.351,11.50582,1.2508117,79.41463,9.2679491
150600,2020,0.0,2.239878,0,17.380526,0.96171933,2.3554,11.54154,1.4276477,88.63222,9.2682314
150600,2021,0.0,2.404788,0,17.669056,0.74028814,2.2839,11.59234,1.321795,102.6364,9.2650175
150600,2022,0.0,2.327711,0,17.843182,0.6219306,2.2418,11.64068,1.1788936,119.6325,9.3224182
150600,2023,0.0,3.488862,0,17.884537,0.69563526,2.257457,11.68679,1.2302357,125.6647,9.3670025
150600,2024,0.0,3.180179,0,17.968596,0.7085219,2.231005,11.73086,1.2459588,131.625,9.4124641
150700,2009,0.0,0.9370768,0,15.868692,0.43807533,2.2127,10.24877,3.6632195,51.74418,9.2556009
150700,2010,0.0,1.11773,0,16.047688,0.4619469,2.1874,10.34893,3.71384,44.38998,9.2758474
150700,2011,0.0,1.177737,0,16.253771,0.42454877,2.1802,10.52078,3.9276199,63.32101,9.3491449
150700,2012,0.0,1.112613,0,16.40764,0.41236845,2.1705,10.70746,3.7100785,50.18018,9.492734
150700,2013,0.0,1.268444,0,16.476156,0.43241504,2.1553,10.78622,3.6035609,59.78673,9.4844809
150700,2014,0.0,1.200301,0,16.538254,0.48168236,2.2,10.81256,3.6291103,59.49229,9.5024872
150700,2015,0.0,1.386039,0,16.587442,0.57585448,2.2257,10.77898,3.6246092,83.06595,9.5532913
150700,2016,0.0,1.454517,0,16.601046,0.66322446,2.2467,10.97483,3.8927021,73.91505,9.5182657
150700,2017,0.0,1.288654,0,16.480566,0.8257848,2.2623,11.07363,5.1031537,28.76538,9.5363293
150700,2018,0.0,1.201016,0,16.343557,0.92271149,2.2779,11.16807,5.2224631,29.74609,9.4373169
150700,2019,0.0,1.318118,0,16.294567,0.96473378,2.2534,11.24342,5.4764185,28.89804,9.4401817
150700,2020,0.0,1.068515,0,16.276808,0.94904155,2.2244,11.27471,5.8598995,33.14455,9.4480963
150700,2021,0.0,1.2072,0,16.421898,0.85666406,2.1853,11.3254,4.2559748,33.256,9.4433546
150700,2022,0.0,1.305323,0,16.547277,0.78039896,2.1391,11.37365,4.7847223,32.45968,9.4574347
150700,2023,0.0,1.308537,0,16.585596,0.86756361,2.16308,11.41968,5.2096295,32.37805,9.5471697
150700,2024,0.0,1.280041,0,16.666796,0.80680394,2.219152,11.46368,5.2201352,32.29508,9.5180454
150800,2009,0.0,0.8552222,0,15.444488,0.55100775,2.0615,10.16138,3.5161159,41.40796,8.6000624
150800,2010,0.0,0.7669314,0,15.612803,0.5740813,2.0424,10.31971,3.2270741,39.88945,8.6946697
150800,2011,0.0,0.7552997,0,15.787436,0.56843942,2.0385,10.47052,3.6204567,38.44218,8.7590408
150800,2012,0.0,0.9680771,0,15.911477,0.5948385,2.0395,10.63439,3.684778,40.55704,9.0489969
150800,2013,0.0,1.111845,0,15.93764,0.68167067,2.0488,10.75485,3.3191953,43.89192,8.9323444
150800,2014,0.0,1.085218,0,15.97591,0.7351473,2.0603,10.7682,3.124984,48.04591,9.2834978
150800,2015,0.0,1.555638,0,15.99867,0.77643794,2.1189,10.84289,3.4896264,56.3423,9.0390778
150800,2016,0.0,1.445143,0,16.02968,0.82960081,2.1482,10.90462,3.3718848,60.60571,9.0898666
150800,2017,0.0,1.511149,0,15.972208,0.98949546,2.1572,11.07745,4.3056073,65.75862,8.9049015
150800,2018,0.0,1.483391,0,15.911231,1.0890085,2.1662,11.08936,4.8022051,30.91954,8.9502735
150800,2019,0.0,1.547529,0,15.984564,1.0589291,2.2155,11.2369,5.4838734,64.87931,8.9502735
150800,2020,0.0,1.440578,0,15.98342,1.012414,2.2004,11.33389,5.379796,63.98266,8.9560928
150800,2021,0.0,1.61314,0,16.10095,0.95503563,2.1679,11.39653,4.5412273,65.63372,8.9544153
150800,2022,0.0,1.220292,0,16.199677,0.96443158,2.1273,11.45547,3.9643362,72.0117,8.9334002
150800,2023,0.0,1.902471,0,16.267378,1.031355,2.139953,11.51112,4.5507646,66.53529,8.9950409
150800,2024,0.0,2.001953,0,16.334818,1.0330662,2.179264,11.56385,4.4095588,60.99408,8.9103155
150900,2009,0.0,0.3031548,0,15.424969,0.42228314,2.1638,10.27328,8.1457129,66.27088,8.4320707
150900,2010,0.0,0.4897917,0,15.55176,0.42479989,2.1462,10.34136,8.0780706,66.19748,8.4200211
150900,2011,0.0,0.3932479,0,15.747092,0.39857095,2.1383,10.47644,7.9416661,53.29986,8.5089598
150900,2012,0.0,0.5186411,0,15.871133,0.44095638,2.1392,10.62932,6.7159328,55.05227,8.7425747
150900,2013,0.0,0.6666431,0,15.936328,0.51819229,2.1552,10.73603,3.2990327,72.61913,8.8427486
150900,2014,0.0,0.6638628,0,15.983107,0.56582969,2.2005,10.82178,5.8245883,74.87365,8.9374809
150900,2015,0.0,0.9786395,0,16.027924,0.56465906,2.2245,10.94267,5.7732496,75.40074,8.962904
150900,2016,0.0,0.7968978,0,16.055017,0.6536563,2.2371,11.08644,5.3480926,76.83942,8.9631605
150900,2017,0.0,0.8729412,0,15.957569,0.82543635,2.25475,11.10243,7.3796778,79.73162,8.7870674
150900,2018,0.0,0.7903321,0,15.849588,0.96171165,2.2724,11.16412,7.5711784,84.12915,8.883502
150900,2019,0.0,0.7675093,0,15.904902,0.97028464,2.2918,11.24747,7.4443073,94.05205,8.9667387
150900,2020,0.0,0.8392496,0,15.928145,0.97859734,2.2626,11.30596,6.8819885,97.7636,9.0422764
150900,2021,0.0,0.8532576,0,16.01717,0.96272123,2.252,11.32232,6.2891779,102.3371,9.0128641
150900,2022,0.0,0.593295,0,16.135935,0.89400786,2.2122,11.33842,5.9993515,123.7969,9.1049795
150900,2023,0.0,0.9753101,0,16.199677,0.94207245,2.222866,11.35426,6.122251,144.0581,9.1224918
150900,2024,0.0,1.33498,0,16.312016,0.89088261,2.347433,11.36985,5.7775474,164.7961,9.1793652
210100,2009,0.0,0.7811737,0,17.569361,1.1912476,2.4046,10.56041,1.4861705,477.0958,10.50323
210100,2010,0.0,0.7547666,0,17.731035,1.1898581,2.403,10.64303,1.1101747,484.4122,10.664807
210100,2011,0.0,0.8558461,0,17.895708,1.1645199,2.3942,10.73109,1.0309069,517.7404,10.668979
210100,2012,0.0,0.8266556,0,18.005558,1.1893378,2.3922,10.81774,1.0713916,509.4992,10.838266
210100,2013,0.0,0.9322927,0,18.086407,1.2386614,2.3935,10.86783,1.1002272,527.4969,10.887717
210100,2014,0.0,1.045293,0,18.078009,1.4125036,2.4093,10.94358,1.1640596,546.9266,10.929081
210100,2015,0.0,1.223751,0,18.102169,1.5598698,2.4282,11.0321,1.3337517,553.1578,10.984597
210100,2016,0.0,1.403638,0,17.831253,2.2662444,2.5161,11.11905,1.3292444,549.8488,11.033178
210100,2017,1.0,2.282809,1,17.873312,2.239104,2.5279,11.21426,1.3028988,539.7232,11.069696
210100,2018,1.0,2.336059,1,17.957438,2.3404176,2.5397,11.31529,1.3396958,524.3325,11.079601
210100,2019,1.0,2.194802,1,17.985271,2.5686617,2.5755,11.38163,1.4345707,561.0992,11.090416
210100,2020,1.0,2.065365,1,18.000914,2.7282076,2.579,11.47114,1.4591485,578.7587,11.127425
210100,2021,1.0,3.173399,1,18.098959,2.6273239,2.5555,11.52835,1.3354238,590.183,11.17503
210100,2022,1.0,2.088523,1,18.158796,2.6768398,2.5379,11.58245,1.4762901,617.2209,11.207962
210100,2023,1.0,4.013712,1,18.212671,2.4903257,2.554032,11.63378,1.3536243,584.0236,11.216135
210100,2024,1.0,2.696392,1,18.318316,2.2924993,2.576154,11.6826,1.4059128,550.8262,11.215543
210200,2009,0.0,1.291125,0,17.588158,1.1252496,2.367,10.56528,1.1772233,404.8974,10.303572
210200,2010,0.0,1.28523,0,17.758677,1.1940296,2.3574,10.70583,1.2209165,419.0642,10.315829
210200,2011,0.0,1.25825,0,17.93465,1.1650584,2.3504,10.81432,1.1287215,433.5956,10.400437
210200,2012,0.0,1.226698,0,18.064409,1.1605854,2.352,10.91183,1.1877735,446.7085,10.451465
210200,2013,0.0,1.287151,0,18.152905,1.1905384,2.3665,10.98636,1.2745014,467.0752,10.516807
210200,2014,0.0,1.452768,0,18.15353,1.29662,2.4016,11.06052,1.2671279,481.6154,10.615751
210200,2015,0.0,1.417363,0,18.163416,1.3834149,2.4497,11.1475,1.5703945,488.6195,10.63511
210200,2016,0.0,1.60297,0,18.036516,1.6159289,2.4458,11.20863,1.4222462,486.9413,10.652566
210200,2017,1.0,1.918151,1,18.062561,1.60414,2.45385,11.31306,1.3987058,478.7496,10.632098
210200,2018,1.0,1.920924,1,18.155214,1.4795576,2.4619,11.38044,1.4225997,470.4958,10.71728
210200,2019,1.0,1.758898,1,18.064291,1.7134343,2.4691,11.46627,1.4668399,485.1235,10.722298
210200,2020,1.0,1.547298,1,18.068283,1.7963682,2.469,11.50097,1.4259416,541.5428,10.723598
210200,2021,1.0,1.853526,1,18.175547,1.697504,2.4469,11.58422,1.3287117,552.6904,10.755239
210200,2022,1.0,1.554992,1,18.250011,1.6591054,2.4261,11.66107,1.4797465,549.3793,10.770756
210200,2023,1.0,2.042557,1,18.287493,1.6214564,2.439374,11.73243,1.3509144,535.0016,10.796428
210200,2024,1.0,2.158175,1,18.371176,1.4810731,2.525013,11.79904,1.4005942,520.8562,10.784338
210300,2009,0.0,0.5128824,0,16.666491,0.5418967,2.3767,10.32327,1.4446244,101.8919,9.644846
210300,2010,0.0,0.5333011,0,16.871874,0.50782919,2.3692,10.40172,1.1214641,102.9563,9.6891794
210300,2011,0.0,0.9288111,0,16.99305,0.47643024,2.3738,10.42619,1.1210091,106.5614,9.7353649
210300,2012,0.0,0.6539955,0,17.005705,0.53856117,2.3653,10.4494,1.2383612,107.286,9.8033361
210300,2013,0.0,0.7130932,0,17.082512,0.54261327,2.3688,10.60313,1.3600404,107.3213,9.8531408
210300,2014,1.0,0.678317,1,16.987671,0.69354296,2.3844,10.66985,1.3463227,104.0638,9.8707056
210300,2015,1.0,0.9560757,1,16.966963,0.83420807,2.4113,10.684,1.894078,102.2164,9.9201975
210300,2016,1.0,0.9327745,1,16.497881,1.4613335,2.5048,10.78237,1.8796805,98.59248,9.9430447
210300,2017,1.0,1.252151,1,16.596254,1.4071667,2.4907,10.82351,1.9529829,98.43896,9.8561859
210300,2018,1.0,1.289474,1,16.678316,1.421351,2.4766,10.91412,1.8317347,90.25439,9.8386822
210300,2019,1.0,1.343206,1,16.67485,1.4486978,2.453,11.01801,2.1333532,91.89412,9.8488731
210300,2020,1.0,1.301902,1,16.671406,1.4589837,2.4664,11.17034,2.2129776,105.5007,9.837348
210300,2021,1.0,1.641652,1,16.753614,1.2392851,2.4534,11.24755,1.7123482,117.3604,9.8636551
210300,2022,1.0,0.7909667,1,16.740284,1.348641,2.469,11.31923,2.0702834,125.1873,9.8677053
210300,2023,1.0,1.058693,1,16.817225,1.3230629,2.474427,11.38611,1.9358089,195.1155,9.9496555
210300,2024,1.0,1.590581,1,16.886351,1.2191885,2.543895,11.4488,1.8082147,265.8991,10.01637
210400,2009,0.0,0.7933606,0,15.759476,0.47673184,2.3056,10.33614,2.196929,168.492,9.0499372
210400,2010,0.0,0.7096102,0,16.007339,0.41666329,2.2906,10.46738,1.8492591,192.4947,9.0178471
210400,2011,0.0,0.7476602,0,16.225485,0.40818295,2.2685,10.49643,1.5523672,197.5874,9.1128378
210400,2012,0.0,0.6563612,0,16.330275,0.40542465,2.2665,10.565,1.5381976,202.207,9.1997852
210400,2013,0.0,0.6406881,0,16.411098,0.43772858,2.2659,10.65782,1.7056743,202.9633,9.2527294
210400,2014,0.0,0.6701472,0,16.362282,0.52034301,2.311,10.72815,1.6648097,204.0892,9.2924728
210400,2015,0.0,0.7753059,0,16.314054,0.60724604,2.3501,10.82427,2.2740538,213.3621,9.4185734
210400,2016,0.0,0.808093,0,15.973153,0.87774175,2.3614,10.87252,2.2654035,204.7488,9.4869871
210400,2017,0.0,0.9108531,0,16.066696,0.94545597,2.3542,10.94977,2.0703454,191.8246,9.345396
210400,2018,0.0,0.9995694,0,16.165762,0.92464596,2.347,11.05336,2.34478,197.756,9.3831167
210400,2019,0.0,1.180048,0,15.952041,1.2263831,2.3736,11.10775,2.7674377,205.0338,9.3831167
210400,2020,0.0,1.224363,0,15.929354,1.3418458,2.3876,11.22403,2.6742642,224.0294,9.2319059
210400,2021,0.0,1.475821,0,15.978833,1.2161024,2.3828,11.23708,2.1329536,236.9453,9.2431946
210400,2022,0.0,1.330352,0,16.043371,1.2240767,2.3664,11.24996,2.8571172,224.7638,9.2320042
210400,2023,0.0,1.541167,0,16.06575,1.3009405,2.400836,11.26268,2.6589766,163.3858,9.2281799
210400,2024,0.0,1.624615,0,16.129036,1.264442,2.459491,11.27524,2.801688,100.7487,9.2990837
210500,2009,0.0,0.5403962,0,15.744702,0.65535122,2.2932,10.25364,1.9200361,97.52348,9.1121759
210500,2010,0.0,0.7145537,0,15.9677,0.5868541,2.2762,10.36786,1.5614296,100.0711,9.0948172
210500,2011,0.0,0.6679196,0,16.161715,0.53408402,2.2695,10.47591,1.363286,113.9728,9.1055355
210500,2012,0.0,0.6065927,0,16.224577,0.55121124,2.2853,10.56525,1.4213232,101.8473,9.172327
210500,2013,1.0,0.6156927,1,16.29512,0.54587227,2.2987,10.62809,1.4063107,97.57715,9.2454176
210500,2014,1.0,0.6493421,1,16.276163,0.6228472,2.3434,10.63167,1.4287035,140.8618,9.2736902
210500,2015,1.0,0.8076847,1,16.270554,0.75724548,2.3704,10.68789,2.4601753,118.8678,9.2736902
210500,2016,1.0,0.8272667,1,15.852448,1.1943668,2.3886,10.75069,2.4777453,192.6933,9.3426838
210500,2017,1.0,0.965946,1,15.86591,1.4652098,2.40615,10.83724,2.1006474,220.1487,9.2859116
210500,2018,1.0,1.151164,1,15.923402,1.5536257,2.4237,10.93026,2.4181395,218.1301,9.2794933
210500,2019,1.0,1.043517,1,15.870915,1.8496004,2.3896,10.92775,2.4393907,269.3034,9.2970686
210500,2020,1.0,1.020839,1,15.907374,1.7734865,2.3938,11.07994,2.4622934,258.7902,9.2459974
210500,2021,1.0,1.093617,1,16.006046,1.5088383,2.3882,11.20849,1.8019027,261.539,9.2708712
210500,2022,1.0,0.8519286,1,16.0466,1.3501354,2.3695,11.32238,2.1898663,344.0143,9.1997852
210500,2023,1.0,1.348201,1,16.088667,1.4416758,2.399691,11.42462,2.1496005,214.223,9.3198223
210500,2024,1.0,1.301884,1,16.143763,1.334299,2.467531,11.51737,2.1126823,82.55073,9.2684202
210600,2009,0.0,0.8350643,0,15.619727,0.61673087,2.2316,10.05803,2.2224844,113.7776,9.3441715
210600,2010,0.0,0.7253066,0,15.801865,0.65363222,2.2134,10.16069,1.6783285,100.2362,9.3750067
210600,2011,0.0,0.7436333,0,16.000063,0.65099233,2.2157,10.20551,1.5227194,123.6085,9.4495144
210600,2012,0.0,0.7079834,0,16.133352,0.65984511,2.2234,10.26209,1.538896,118.3077,9.5176048
210600,2013,0.0,0.6831039,0,16.220016,0.71162015,2.2387,10.37919,1.6450027,122.5949,9.5608568
210600,2014,0.0,0.6717745,0,16.140448,0.90322399,2.2678,10.39105,1.6341189,123.7411,9.5779648
210600,2015,0.0,0.8894814,0,16.10288,1.0419494,2.2727,10.48542,3.2139266,119.6179,9.6076393
210600,2016,0.0,1.01063,0,15.832059,1.4708582,2.3521,10.56522,2.7303569,116.0378,9.5675249
210600,2017,0.0,1.723149,0,15.878569,1.8481579,2.35635,10.65089,2.7576098,111.8213,9.3488846
210600,2018,0.0,1.835427,0,15.91566,1.6254832,2.3606,10.69369,2.9444487,110.1496,9.3375015
210600,2019,0.0,1.926009,0,15.85413,1.7705741,2.3718,10.95095,2.9727898,125.1416,9.3538342
210600,2020,0.0,1.13658,0,15.868351,1.7143288,2.362,11.02739,3.1610384,162.1905,9.5114079
210600,2021,0.0,1.287511,0,15.960272,1.5756723,2.3408,11.15084,2.4261572,171.345,9.5941048
210600,2022,0.0,1.016255,0,16.002686,1.5484535,2.3239,11.2607,3.4096229,159.5683,9.639782
210600,2023,0.0,1.373111,0,16.061525,1.5621287,2.338553,11.35968,3.207643,166.0533,9.6156054
210600,2024,0.0,1.282646,0,16.126064,1.5070771,2.339154,11.44974,2.9502976,172.6547,9.8003464
210700,2009,0.0,0.9985493,0,15.799673,0.67445719,2.1729,10.16182,2.321512,257.5389,9.2591305
210700,2010,0.0,0.8014269,0,16.026674,0.63913,2.1922,10.29055,1.7077179,261.6961,9.3527946
210700,2011,0.0,0.7404152,0,16.228676,0.62252182,2.1936,10.41927,1.5179665,261.7126,9.4747028
210700,2012,0.0,0.6479052,0,16.33539,0.66723663,2.1979,10.53766,1.5567176,271.7538,9.3832006
210700,2013,0.0,0.6750245,0,16.414438,0.72367847,2.2111,10.59041,1.6475933,278.7349,9.3480129
210700,2014,0.0,0.9629872,0,16.428516,0.8201679,2.2404,10.63219,1.6695443,282.4075,9.471858
210700,2015,0.0,0.9340627,0,16.401264,0.96321529,2.2531,10.76672,2.7748759,281.6268,9.5934238
210700,2016,0.0,1.019271,0,16.150383,1.3098989,2.2598,10.80288,2.5597146,274.3411,9.6539354
210700,2017,0.0,1.172804,0,16.192739,1.5890822,2.304,10.91312,2.6028824,258.6013,9.6255579
210700,2018,0.0,1.221424,0,16.294071,2.3818488,2.3482,11.01177,2.6768801,254.3797,9.6564999
210700,2019,0.0,1.199795,0,16.188555,3.0644927,2.3702,11.09393,3.5382326,264.9659,9.6504641
210700,2020,0.0,1.046059,0,16.187622,3.0580497,2.3608,11.17605,2.8907433,307.4286,9.6772137
210700,2021,0.0,1.166354,0,16.256117,3.4504373,2.3709,11.1892,1.960427,317.8125,9.6432257
210700,2022,0.0,0.9418182,0,16.302082,2.8980985,2.3496,11.20218,2.4905727,324.6364,9.6242361
210700,2023,1.0,1.873979,1,16.343636,2.742008,2.370273,11.21499,2.4403939,330.2007,9.642642
210700,2024,1.0,1.496064,1,16.42116,0.95082188,2.37596,11.22764,2.542393,335.844,9.6061592
210800,2009,0.0,1.09692,0,15.894305,0.84998888,2.2722,10.21916,1.8614473,55.16933,9.0713081
210800,2010,0.0,0.9558867,0,16.120543,0.81156516,2.2924,10.32856,1.3714242,70.79353,9.1159201
210800,2011,0.0,0.961656,0,16.320753,0.78876412,2.3016,10.37032,1.3060111,70.569,9.2316122
210800,2012,0.0,0.9629945,0,16.441034,0.81738245,2.315,10.49212,1.2985296,90.88898,9.5079975
210800,2013,0.0,1.033849,0,16.532267,0.86670554,2.328,10.58714,1.3446543,94.7914,9.2793064
210800,2014,0.0,0.8606515,0,16.55382,0.97754651,2.3545,10.65014,1.3697509,95.36219,9.2885046
210800,2015,0.0,1.135285,0,16.532686,1.0784473,2.3731,10.79913,1.652755,91.57854,9.3571215
210800,2016,0.0,1.253133,0,16.263275,1.6038616,2.4003,10.75788,1.8813583,90.79399,9.5209084
210800,2017,0.0,1.383578,0,16.357506,1.6697178,2.40205,10.82126,1.9063956,92.90517,9.4377146
210800,2018,0.0,2.020996,0,16.415768,1.4857775,2.4038,10.9034,1.7342904,88.08658,9.5812826
210800,2019,0.0,3.270866,0,16.40177,1.7376641,2.3846,11.08615,1.9118197,102.9481,9.5636702
210800,2020,0.0,2.290457,0,16.399508,1.9809686,2.3979,11.19141,1.9792645,129.0327,9.5875435
210800,2021,0.0,1.768553,0,16.456709,1.5670022,2.3813,11.25472,1.8076972,142.0263,9.5866508
210800,2022,0.0,1.43978,0,16.477167,1.5359361,2.3825,11.31427,1.943591,75.78414,9.5555601
210800,2023,0.0,1.756106,0,16.509462,1.561482,2.406449,11.37046,1.8319026,134.2655,9.6023827
210800,2024,0.0,1.687955,0,16.562782,1.3009335,2.506249,11.42367,1.7639047,193.2667,9.5824556
210900,2009,0.0,1.042752,0,14.873195,1.0437338,2.1453,10.04357,4.2893405,188.3341,8.8240891
210900,2010,0.0,0.8413036,0,15.147522,0.94848382,2.0926,10.14046,2.9355571,214.9652,8.879055
210900,2011,0.0,0.8965642,0,15.384669,0.90538716,2.0973,10.40754,2.5598614,236.2259,8.8854408
210900,2012,0.0,0.8110125,0,15.538212,0.9452275,2.0951,10.56009,2.270798,224.452,9.0459375
210900,2013,0.0,0.7892726,0,15.632164,1.0199127,2.1029,10.59791,2.440352,239.079,9.1778173
210900,2014,0.0,0.8547121,0,15.61748,1.1539687,2.159,10.63178,2.4611876,235.6911,9.2389278
210900,2015,0.0,0.8434581,0,15.474762,1.4765431,2.1677,10.73507,3.4989233,219.8818,9.2974348
210900,2016,0.0,0.8621164,0,15.221161,2.0582025,2.2556,10.81177,3.8498189,202.0741,9.3423328
210900,2017,0.0,0.995,0,15.2243,2.2644997,2.2762,10.90285,3.8173113,196.3441,9.1858425
210900,2018,0.0,1.253243,0,15.310638,2.2416689,2.2968,10.93793,3.7849987,195.1622,9.246769
210900,2019,0.0,1.177283,0,15.400656,2.0837817,2.2996,10.99958,4.1764474,224.1141,9.2104406
210900,2020,0.0,1.360604,0,15.434898,2.0103548,2.2872,11.06147,4.2533994,259.8077,9.2507143
210900,2021,0.0,1.487556,0,15.511127,1.8815844,2.2807,11.14393,3.01197,243.9722,9.2391224
210900,2022,0.0,1.284246,0,15.569914,1.8075799,2.2768,11.22011,3.5916848,304.7766,9.2049255
210900,2023,0.0,1.856461,0,15.610598,1.7536185,2.308804,11.29089,3.6609418,263.6236,9.2086391
210900,2024,0.0,1.604181,0,15.687313,1.6535696,2.337075,11.357,3.4460592,222.0056,9.2456112
211000,2009,0.0,0.74782,0,15.620942,0.68738174,2.2382,10.23228,1.6817296,103.1066,9.1782303
211000,2010,0.0,0.8496072,0,15.810795,0.69890124,2.243,10.37448,1.3084134,108.4442,9.1938047
211000,2011,0.0,0.7949014,0,16.000063,0.66333997,2.2415,10.49558,1.2289555,107.8509,9.1071997
211000,2012,0.0,0.7265114,0,16.118584,0.69839483,2.2418,10.60258,1.2466134,105.9068,9.2477322
211000,2013,0.0,0.668,0,16.195047,0.74800962,2.2454,10.66994,1.4620085,94.5,9.3298998
211000,2014,0.0,0.5923847,0,16.132607,0.89841264,2.2877,10.74601,1.4286855,96.05892,9.3825274
211000,2015,0.0,0.7496647,0,16.146276,0.99846995,2.3061,10.834,2.1907611,148.726,9.43612
211000,2016,0.0,0.8905028,0,15.693716,1.786887,2.38,10.90608,2.0143511,95.97765,9.4663
211000,2017,0.0,1.231695,0,15.847467,1.7892065,2.3494,11.0081,1.8421725,92.72881,9.3753462
211000,2018,0.0,1.392571,0,15.978518,1.9288124,2.3188,11.1264,1.7834734,92.66286,9.3973179
211000,2019,0.0,1.296264,0,15.93297,2.9104722,2.3323,11.14322,1.9459108,117.908,9.4032717
211000,2020,0.0,0.9842319,0,15.941359,3.3487966,2.3389,11.20354,2.048804,143.6812,9.4412937
211000,2021,0.0,1.056725,0,15.967273,2.2460034,2.3291,11.36279,1.6308914,149.8363,9.4525023
211000,2022,0.0,0.9355882,0,16.003807,1.3298602,2.3234,11.50012,1.9583348,135.6647,9.4932613
211000,2023,0.0,1.546154,0,15.987987,1.4347401,2.365096,11.62086,2.6678891,138.0828,9.5092592
211000,2024,0.0,1.582679,0,16.069956,0.81467754,2.374934,11.72857,2.3657362,140.5298,9.4928093
211100,2009,0.0,1.998616,0,15.727814,0.54029334,2.172,10.10077,1.9106493,47.93478,8.7684183
211100,2010,0.0,1.347581,0,16.041561,0.47523299,2.1585,10.24086,1.3603116,41.08191,8.7893553
211100,2011,0.0,1.444588,0,16.231354,0.46489829,2.151,10.32206,1.2835728,37.88872,8.8616333
211100,2012,0.0,1.144953,0,16.337196,0.49735495,2.1482,10.43266,1.2992007,44.15372,8.8340454
211100,2013,0.0,1.242946,0,16.418982,0.4926163,2.1559,10.53896,1.3125149,48.55814,8.9598255
211100,2014,0.0,1.191409,0,16.383497,0.61332059,2.2572,10.59431,1.3501736,54.613,8.8580847
211100,2015,0.0,1.43199,0,16.346457,0.66575843,2.2727,10.63535,1.8231086,54.75529,9.014082
211100,2016,0.0,1.585077,0,16.125206,0.83679867,2.3041,10.66765,1.8224,52.80769,9.1252184
211100,2017,0.0,1.61,0,16.201702,0.83803117,2.31915,10.734,1.5531725,52.17692,9.107089
211100,2018,0.0,1.818615,0,16.314138,0.78203619,2.3342,10.85112,1.5145105,53.86923,9.1006374
211100,2019,0.0,1.942615,0,16.365736,0.9056232,2.306,10.92318,1.5741508,62.33077,9.0878334
211100,2020,0.0,1.739691,0,16.383532,0.98097944,2.2916,11.1398,1.5416781,66.18533,9.0818253
211100,2021,0.0,2.003023,0,16.44235,1.0624964,2.3022,11.21101,1.2388461,72.60465,9.0837564
211100,2022,0.0,1.405271,0,16.450274,1.0771372,2.2937,11.27748,1.7634308,71.5969,9.1056461
211100,2023,0.0,1.755271,0,16.441628,1.1346395,2.320921,11.33981,1.6206111,79.4186,9.1349697
211100,2024,0.0,2.048372,0,16.464518,1.2061156,2.348143,11.39848,1.5008612,87.24031,9.21064
211200,2009,0.0,0.6923479,0,15.616735,0.70006412,2.0725,10.08856,2.2863951,28.67412,8.9012308
211200,2010,0.0,0.7327872,0,15.792544,0.67070359,2.0788,10.23856,1.7679617,54.04227,8.9506626
211200,2011,0.0,0.6339127,0,15.983241,0.63409668,2.0788,10.39339,1.5978729,49.35061,9.0425129
211200,2012,0.0,0.5461284,0,16.093111,0.62895668,2.0856,10.52874,1.7474886,57.34282,9.0872688
211200,2013,0.0,0.5838689,0,16.14889,0.68102944,2.095,10.59062,2.1182666,59.27128,9.1271763
211200,2014,0.0,0.676755,0,15.975715,0.89212835,2.1053,10.59174,2.2387631,55.05298,9.3644342
211200,2015,0.0,0.7470204,0,15.818207,1.0924877,2.1285,10.65662,4.1426954,59.96072,9.3463564
211200,2016,0.0,0.7613667,0,15.587139,1.4304973,2.1998,10.68272,3.5547152,62.69667,9.3464432
211200,2017,0.0,0.7959183,0,15.598062,1.5216233,2.21085,10.7709,3.8585939,61.89116,9.4544621
211200,2018,0.0,0.8484247,0,15.634591,1.411642,2.2219,10.88663,4.0612321,59.83562,9.3921614
211200,2019,0.0,1.291003,0,15.671808,1.3955526,2.2373,11.00486,4.5503817,90.65398,9.3999681
211200,2020,0.0,1.107867,0,15.707115,1.3622108,2.2292,11.1786,4.6995625,111.514,9.3567753
211200,2021,0.0,1.472049,0,15.78402,1.1331562,2.2333,11.19473,3.8713791,135.0848,9.4412937
211200,2022,0.0,0.9806406,0,15.835732,1.1079476,2.2238,11.2106,4.7011113,102.8327,9.5300293
211200,2023,0.0,1.273763,0,15.850216,1.1435299,2.266806,11.22623,4.6160021,93.84946,9.5770645
211200,2024,0.0,1.154657,0,15.868351,1.0605745,2.330722,11.24162,4.2184243,84.73647,9.6460762
211300,2009,0.0,0.5086398,0,15.460498,0.69565529,2.1048,10.1871,2.8813529,12.26211,9.1375542
211300,2010,0.0,0.451863,0,15.697124,0.66239053,2.0796,10.30704,2.2151368,10.38498,9.2139339
211300,2011,0.0,0.6980938,0,15.911097,0.64444941,2.0677,10.35473,1.9939982,11.80352,9.3269672
211300,2012,0.0,0.634586,0,16.035402,0.6602276,2.0597,10.49894,1.9957782,13.99295,9.4516382
211300,2013,0.0,0.6315464,0,16.120953,0.71912926,2.0661,10.57372,2.0362775,14.58616,9.5313368
211300,2014,0.0,0.6022901,0,16.111597,0.83431602,2.1421,10.60933,2.2415466,16.05989,9.5870628
211300,2015,0.0,0.7143151,0,15.961129,1.0733238,2.1801,10.69081,3.5456247,15.23027,9.6438093
211300,2016,0.0,0.9689736,0,15.784765,1.3852539,2.2538,10.77574,4.2173133,15.81525,9.7100849
211300,2017,0.0,1.157738,0,15.847205,1.3867896,2.27275,10.87298,4.0497866,16.05059,9.4943151
211300,2018,0.0,1.112827,0,15.933487,1.3470074,2.2917,10.9943,3.8072705,16.77083,9.6511726
211300,2019,0.0,1.285821,0,15.947308,1.3084787,2.2446,11.0718,4.0259199,27.10448,9.6485949
211300,2020,0.0,1.102986,0,15.985706,1.3097893,2.2375,11.12572,4.1648674,30.86275,9.6745777
211300,2021,0.0,1.114451,0,16.061525,1.1881762,2.2264,11.16742,3.3296196,32.17378,9.7016163
211300,2022,0.0,0.8290797,0,16.113083,1.1690252,2.2164,11.20745,3.8180127,26.33436,9.7674389
211300,2023,0.0,1.199784,0,16.161156,1.1529981,2.244706,11.24593,3.8504999,22.49691,9.8221693
211300,2024,0.0,1.291366,0,16.260464,1.0944847,2.277575,11.283,3.5898778,18.6118,9.9088726
211400,2009,0.0,0.7905552,0,15.309721,1.0138072,2.2852,10.09565,2.482233,25.28785,9.0515795
211400,2010,0.0,0.656575,0,15.485947,0.95147264,2.2656,10.1675,1.9572309,24.04614,9.1342154
211400,2011,0.0,0.685887,0,15.68741,0.86965847,2.26,10.35752,2.0879519,26.63349,9.1735725
211400,2012,0.0,1.08825,0,15.788664,0.87691337,2.2567,10.49234,1.9861857,28.73214,9.1766806
211400,2013,0.0,0.7965345,0,15.863339,0.94374228,2.2688,10.58963,2.043124,30.01786,9.4985971
211400,2014,0.0,0.6737798,0,15.791742,1.1155144,2.2937,10.65213,2.0514705,30.99394,9.5858269
211400,2015,0.0,0.9561942,0,15.789824,1.1839657,2.2988,10.75892,2.9020987,31.04605,9.3563433
211400,2016,0.0,0.9851429,0,15.68323,1.4390938,2.3149,10.8339,3.0755858,69.58215,9.3968201
211400,2017,0.0,1.115126,0,15.786671,1.5863165,2.29405,10.91576,2.731828,27.93141,9.2258196
211400,2018,0.0,1.23837,0,15.910806,1.6174829,2.2732,11.00028,2.8948843,27.78623,9.3866434
211400,2019,0.0,1.281087,0,15.903664,1.8319517,2.2963,11.04382,2.9467092,34.26087,9.4300385
211400,2020,0.0,1.487166,0,15.85673,1.903869,2.2961,11.13121,3.6500134,39.55759,9.4723969
211400,2021,0.0,1.199114,0,15.94612,1.747686,2.2814,11.17159,3.653389,44.59779,9.5392122
211400,2022,0.0,0.8731481,0,15.979982,1.7463573,2.2695,11.2104,3.8342042,43.41481,9.5713663
211400,2023,0.0,1.561375,0,16.02598,1.7229475,2.155638,11.24776,3.4239545,42.54275,9.6209917
211400,2024,0.0,1.352575,0,16.122087,1.4040867,2.340502,11.28378,3.1457801,41.66418,9.7119036
220100,2009,0.0,0.7675083,0,17.164909,1.3407645,2.3363,10.32379,2.1451449,475.113,10.41178
220100,2010,0.0,0.8913281,0,17.320778,1.368999,2.3313,10.4835,2.1174486,481.9328,10.470221
220100,2011,0.0,1.179036,0,17.505159,1.2879993,2.3322,10.63275,1.7970386,494.2675,10.544604
220100,2012,0.0,1.11633,0,17.612492,1.2850939,2.3435,10.75092,1.6300125,512.1707,10.606263
220100,2013,0.0,1.355666,0,17.72817,1.2898488,2.3358,10.86575,1.6577718,533.8422,10.675007
220100,2014,1.0,1.434363,1,17.793776,1.3992608,2.3491,10.9504,1.7009699,549.4063,10.731755
220100,2015,1.0,1.632649,1,17.828289,1.6157476,2.375,11.04323,1.9723921,565.2216,10.731755
220100,2016,1.0,1.817331,1,17.907589,1.6573775,2.398,11.13363,1.8546368,576.8473,10.760644
220100,2017,1.0,2.220521,1,18.002293,1.5714682,2.4122,11.20462,1.9457206,584.5287,10.708981
220100,2018,1.0,2.120866,1,18.088799,1.5974791,2.4264,11.29508,1.8709551,595.4141,10.783695
220100,2019,1.0,2.323833,1,17.893726,2.2149138,2.4596,11.38602,2.1332998,621.821,10.844646
220100,2020,1.0,2.74589,1,18.010906,2.1882646,2.4237,11.43933,2.4615424,601.5367,10.984207
220100,2021,1.0,4.450082,1,18.078613,2.2871859,2.4361,11.51754,1.566201,585.3638,11.011769
220100,2022,1.0,2.680975,1,18.026897,2.594394,2.437,11.59008,2.1246252,609.0905,11.030704
220100,2023,1.0,3.537118,1,18.064291,2.6214902,2.47466,11.65771,1.8645946,631.7012,11.096546
220100,2024,1.0,2.536254,1,18.150446,2.5124679,2.51341,11.72105,2.4707608,654.3651,11.071517
220200,2009,0.0,0.6077225,0,16.52388,0.41385117,2.2796,10.28532,2.7008271,201.3282,9.7380819
220200,2010,0.0,0.6836624,0,16.706236,0.39730471,2.2864,10.34148,2.9207761,206.7599,9.8512993
220200,2011,0.0,0.7258943,0,16.910204,0.37716895,2.295,10.46572,2.4674933,215.9359,9.8619366
220200,2012,0.0,0.6376741,0,17.006014,0.38961056,2.3033,10.60772,2.3938663,223.5051,9.9252005
220200,2013,0.0,0.8061058,0,17.08028,0.43063679,2.3182,10.64739,2.3419881,235.7096,9.9392405
220200,2014,0.0,0.8294599,0,16.985012,0.57425183,2.3228,10.72251,2.4951768,242.144,10.060363
220200,2015,0.0,0.9450545,0,16.991138,0.70942324,2.3348,10.80434,2.7591825,246.0421,10.104344
220200,2016,0.0,1.091232,0,17.015615,0.85938758,2.3738,10.88542,2.8047392,246.4882,10.173858
220200,2017,0.0,1.309663,0,16.964767,0.93643761,2.44765,11.00082,3.8258893,246.9253,10.08318
220200,2018,0.0,1.290556,0,16.911196,0.95003086,2.5215,11.10634,3.9505119,253.0531,10.173247
220200,2019,0.0,1.147112,0,16.466639,1.5527875,2.4092,11.1529,4.2967486,273.7354,10.193542
220200,2020,0.0,1.164201,0,16.491726,1.6540024,2.3717,11.18071,5.2461228,285.9386,10.198729
220200,2021,0.0,1.506716,0,16.556351,1.6074079,2.3775,11.26122,3.4489059,302.6468,10.107367
220200,2022,0.0,1.623725,0,16.53549,1.7045974,2.3565,11.33572,4.7682114,313.56,10.187237
220200,2023,0.0,2.075754,0,16.578049,1.701315,2.373659,11.40506,4.8199267,327.8116,10.197276
220200,2024,0.0,1.945202,0,16.608515,1.71108,2.390817,11.4699,4.4453521,342.2071,10.119647
220300,2009,0.0,0.6913187,0,15.700449,0.54488307,2.0553,9.958449,4.2496934,91.68731,9.277812
220300,2010,0.0,0.5555131,0,15.869061,0.46767318,2.0299,10.0158,4.0764489,156.9256,9.3481874
220300,2011,0.0,0.6385517,0,16.102573,0.38300303,2.0255,10.24055,3.5956333,100.2433,9.3779716
220300,2012,0.0,0.6240262,0,16.233923,0.39429927,2.0369,10.37521,3.0340476,104.3889,9.4453335
220300,2013,0.0,0.6350792,0,16.309,0.45093673,2.0497,10.4599,2.9468987,109.3788,9.4799862
220300,2014,0.0,0.6527583,0,16.308977,0.60357535,2.0553,10.54192,3.3082955,113.755,9.5053205
220300,2015,0.0,0.6469777,0,16.327747,0.75531924,2.052,10.73527,3.5499165,117.4995,9.5290852
220300,2016,0.0,0.9176543,0,16.29524,0.90982753,2.102,10.83321,4.1181002,120.4568,9.6376324
220300,2017,0.0,0.9644063,0,16.184879,1.0041369,2.19495,10.93729,5.3639989,119.5062,9.4634314
220300,2018,0.0,0.8696865,0,16.06081,1.005252,2.2879,11.01876,6.7834034,119.4107,9.6760845
220300,2019,0.0,0.8513836,0,15.889939,1.2012515,2.2057,11.08581,6.4030123,126.4403,9.6645317
220300,2020,0.0,1.021025,0,15.477541,1.9007761,2.1099,11.11445,7.6125164,162.778,9.3388214
220300,2021,0.0,1.432823,0,15.527505,1.2999223,2.1462,11.19772,5.5668178,211.9809,9.3887377
220300,2022,0.0,2.109378,0,15.576811,1.3011866,2.1179,11.27459,8.1657743,218.0,9.4283504
220300,2023,0.0,2.447368,0,15.588766,1.3660985,2.15013,11.34597,5.9721837,229.7416,9.4353218
220300,2024,0.0,1.581675,0,15.575091,1.4406883,2.18236,11.4126,5.1856804,241.4833,9.4370775
220400,2009,0.0,0.5314267,0,15.027993,0.49569312,2.2269,9.999386,3.6731992,63.61286,8.4314175
220400,2010,0.0,0.6430707,0,15.226846,0.41756281,2.2296,10.08484,3.7524016,72.89697,8.3938951
220400,2011,0.0,0.7772245,0,15.425933,0.39393038,2.2224,10.233,3.6484489,44.17959,8.6022692
220400,2012,0.0,0.8763934,0,15.615779,0.37927836,2.2325,10.38467,3.4630871,45.63115,8.607399
220400,2013,0.0,0.9931911,0,15.76185,0.39542669,2.2426,10.50612,3.677309,50.36095,8.6055698
220400,2014,0.0,0.8298029,0,15.74748,0.46950462,2.2446,10.58345,3.7039981,49.96716,8.6192083
220400,2015,0.0,0.798096,0,15.798772,0.48681933,2.2581,10.68903,3.937001,47.96357,8.640295
220400,2016,0.0,0.8483334,0,15.850541,0.52939117,2.2737,10.75599,4.566587,48.16667,8.72258
220400,2017,0.0,0.9949152,0,15.751984,0.62734473,2.33545,10.82921,6.6872253,44.47458,8.4557428
220400,2018,0.0,1.02094,0,15.642639,0.71327883,2.3972,10.9673,6.796608,49.13675,8.5811062
220400,2019,0.0,0.9997436,0,15.226498,1.0685983,2.5126,11.06207,7.623641,60.92308,8.71029
220400,2020,0.0,0.9812121,0,15.274126,1.0730554,2.486,11.1065,8.1001482,73.32468,8.7246952
220400,2021,0.0,1.145175,0,15.348067,1.0738553,2.4925,11.15094,5.391633,79.68421,8.7114429
220400,2022,0.0,1.10115,0,15.426947,1.0774771,2.4641,11.19348,7.1874681,82.90266,8.7519493
220400,2023,0.0,1.718393,0,15.458384,1.1157886,2.483655,11.23428,6.9600224,96.5,8.7729197
220400,2024,0.0,1.238288,0,15.479437,1.1904269,2.503209,11.27349,4.747489,110.3423,8.7724552
220500,2009,0.0,0.746043,0,15.460319,0.59417933,2.2654,9.979916,3.5906451,46.89828,9.1108513
220500,2010,0.0,1.446046,0,15.651422,0.54486603,2.2712,10.08821,3.5242023,47.68707,9.1151505
220500,2011,0.0,0.8393363,0,15.869931,0.49614301,2.2751,10.25405,2.9216259,50.08407,9.1781273
220500,2012,0.0,0.6909617,0,15.991538,0.47181642,2.2725,10.3661,2.7338879,52.81834,9.2171173
220500,2013,0.0,1.158794,0,16.12154,0.49725297,2.2703,10.4935,2.7115173,54.36797,9.2829399
220500,2014,1.0,1.09874,1,16.126556,0.57552576,2.2953,10.58035,2.492851,55.88659,9.3020077
220500,2015,1.0,0.9693803,1,16.119308,0.6608873,2.304,10.70111,2.9472907,56.97874,9.4138527
220500,2016,1.0,1.189182,1,16.064264,0.73347372,2.3448,10.76861,3.1271405,58.44545,9.4214115
220500,2017,1.0,1.302719,1,15.999814,0.88193977,2.39345,10.86004,4.1139946,59.83871,9.2122383
220500,2018,1.0,1.676667,1,15.930923,1.02197,2.4421,10.97408,4.4993935,59.26389,9.2960596
220500,2019,1.0,1.531256,1,15.797891,1.2260433,2.4773,11.00586,5.0147724,59.78605,9.2936697
220500,2020,1.0,1.281035,1,15.82908,1.2696079,2.4417,11.08408,5.3138041,61.34118,9.2676659
220500,2021,1.0,1.287095,1,15.552462,1.7912152,2.472,11.12977,3.9554448,66.84762,8.9686508
220500,2022,1.0,1.505263,1,15.592156,1.8300264,2.457,11.17347,5.9308562,77.4689,8.984067
220500,2023,1.0,1.2975,1,15.630335,1.4503976,2.471193,11.21534,5.1920509,73.90385,9.1008606
220500,2024,1.0,0.9874396,1,15.568183,1.5827898,2.485386,11.25553,5.43888,70.30434,9.1016407
220600,2009,0.0,0.7262565,0,15.087052,0.61083859,2.2185,9.996695,3.8653479,27.55165,8.8536654
220600,2010,0.0,0.7971251,0,15.281464,0.56235588,2.1957,10.18176,3.960211,28.1352,8.7699728
220600,2011,0.0,0.8484825,0,15.48592,0.51661336,2.2207,10.30852,3.5850389,12.35019,8.7724552
220600,2012,0.0,0.7279906,0,15.676518,0.47074932,2.2293,10.41602,3.210901,9.38233,8.7620201
220600,2013,0.0,0.9397325,0,15.723043,0.5324381,2.2299,10.48013,2.9611986,9.105305,8.7890511
220600,2014,0.0,0.8977039,0,15.725481,0.5835852,2.2318,10.58,3.1219602,9.105305,8.8658762
220600,2015,0.0,1.073941,0,15.715455,0.6402542,2.2463,10.70396,3.5169668,12.09221,8.9594402
220600,2016,0.0,1.281803,0,15.756587,0.59864509,2.2873,10.76414,3.802357,14.04098,9.0211153
220600,2017,0.0,1.463167,0,15.731208,0.63445961,2.3378,10.82437,6.9139872,11.59167,8.9006853
220600,2018,0.0,1.471525,0,15.705168,0.73271322,2.3883,10.93035,8.4305496,10.28814,8.9761362
220600,2019,0.0,1.378461,0,15.442788,0.99943024,2.5093,10.97548,8.4474611,20.75214,8.9562216
220600,2020,0.0,1.317739,0,15.442788,1.0865214,2.4912,11.05124,8.6610956,31.8,9.0394335
220600,2021,0.0,1.339911,0,15.503759,1.0989316,2.4841,11.13727,5.7266769,41.09734,9.0493498
220600,2022,0.0,1.121071,0,15.505607,1.1409839,2.4502,11.21649,6.8490734,42.34821,9.0135956
220600,2023,0.0,1.722162,0,15.525699,1.2478105,2.478634,11.28988,6.2074265,41.9009,9.019906
220600,2024,0.0,1.554909,0,15.552462,1.2831672,2.507067,11.35826,8.81567,41.44545,8.9914379
220700,2009,0.0,0.5790241,0,16.013657,0.32658055,2.1464,10.26874,3.6008346,10.5192,8.4285803
220700,2010,0.0,0.561455,0,16.21599,0.32658055,2.1385,10.28632,3.3670456,10.26375,8.648572
220700,2011,0.0,0.669531,0,16.426291,0.32658055,2.1687,10.42518,2.8652627,11.85553,8.7530556
220700,2012,0.0,0.6934438,0,16.591482,0.32658055,2.1963,10.50485,2.4583182,12.01863,8.8942585
220700,2013,0.0,0.7825089,0,16.619165,0.32658055,2.2039,10.676,2.5823774,11.62897,8.9433756
220700,2014,0.0,0.9202873,0,16.585779,0.37633595,2.2088,10.7121,2.7494664,10.59246,9.0397892
220700,2015,0.0,0.8650699,0,16.611145,0.49411267,2.2111,10.78249,3.6433458,10.39307,9.0419216
220700,2016,0.0,1.112842,0,16.619894,0.56401384,2.2554,10.83155,4.4076328,9.971223,9.0819387
220700,2017,0.0,1.326291,0,16.531956,0.629453,2.356,10.92295,5.7028575,10.69091,8.9438982
220700,2018,0.0,1.303345,0,16.435532,0.64365393,2.4566,11.05449,5.9396911,11.92,9.1143799
220700,2019,0.0,1.340764,0,15.803385,1.2393634,2.2753,11.17682,5.6323786,15.78182,9.2550268
220700,2020,0.0,1.220658,0,15.834406,1.2194237,2.2326,11.23608,3.9028871,18.88117,9.3711824
220700,2021,0.0,1.714485,0,15.917203,1.1610278,2.2469,11.26913,4.700357,22.01838,9.2939463
220700,2022,0.0,1.263764,0,15.982276,1.1951044,2.1812,11.30113,6.5710306,21.18081,9.3296337
220700,2023,0.0,1.874778,0,16.004927,1.285852,2.20168,11.33214,6.743113,26.12222,9.4218969
220700,2024,0.0,4.466877,0,16.120094,1.2356843,2.22216,11.36221,5.187572,31.10037,9.4002171
220800,2009,0.0,0.7737855,0,15.077835,0.5509038,2.1845,9.958449,6.4174252,32.29316,8.6899691
220800,2010,0.0,0.7387486,0,15.30882,0.43259606,2.1726,9.958449,5.1167817,86.19226,8.7185001
220800,2011,0.0,0.7936296,0,15.528543,0.39632949,2.149,10.09972,4.6819911,91.93581,8.7229061
220800,2012,0.0,0.5596,0,15.632776,0.46396211,2.1678,10.23903,4.599216,95.255,8.7175188
220800,2013,0.0,0.8321949,0,15.75043,0.54631656,2.1923,10.27667,4.2216964,96.49924,8.7527399
220800,2014,0.0,0.9333165,0,15.741482,0.64749378,2.2011,10.37754,4.4188652,99.34782,8.9040871
220800,2015,0.0,1.025678,0,15.760966,0.86609977,2.2069,10.58388,5.0534382,100.6763,8.8596478
220800,2016,0.0,1.303523,0,15.76162,1.0089884,2.2406,10.70592,5.2918696,104.3005,8.8998671
220800,2017,0.0,1.547539,0,15.692411,1.2296715,2.2622,10.81475,6.1761465,105.3351,8.7478285
220800,2018,0.0,1.408526,0,15.618055,1.2324747,2.2838,10.86884,6.5918722,108.4895,8.7890511
220800,2019,0.0,1.322011,0,15.408819,1.4979072,2.3291,11.03782,5.6831722,126.2011,8.8607826
220800,2020,0.0,1.247219,0,15.444751,1.387989,2.2684,11.15061,6.8723464,15.24064,8.8920612
220800,2021,0.0,1.595243,0,15.518438,1.3755851,2.2787,11.21072,5.6860747,151.6487,8.8599319
220800,2022,0.0,1.261749,0,15.564711,1.3728466,2.2266,11.26743,9.1947546,166.3443,8.9474163
220800,2023,0.0,1.91884,0,15.595534,1.4798012,2.256769,11.3211,10.128849,20.48066,9.0322895
220800,2024,0.0,1.425419,0,15.630335,1.5680687,2.286939,11.37203,5.0237646,9.105305,9.0847769
230100,2009,0.0,0.7532271,0,17.273573,1.0811684,2.3873,10.28366,1.801888,472.8752,10.686589
230100,2010,0.0,0.766537,0,17.416883,1.1260897,2.397,10.38626,1.9020965,485.463,10.751478
230100,2011,0.0,0.7446391,0,17.563175,1.1487585,2.4009,10.50369,1.85515,484.7589,10.799576
230100,2012,0.0,0.7381278,0,17.63327,1.2214787,2.417,10.64,1.8143405,485.3659,10.856207
230100,2013,0.0,0.8645699,0,17.730938,1.2509187,2.4184,10.76237,1.7643921,494.7568,11.003383
230100,2014,0.0,1.08585,0,17.793335,1.3590553,2.4313,10.85039,1.747444,512.9393,11.088278
230100,2015,0.0,0.9878611,0,17.867506,1.4766126,2.4423,10.97516,2.0230024,690.4199,11.197543
230100,2016,0.0,1.148046,0,17.926649,1.483009,2.4626,11.04425,2.3290937,661.3721,11.172981
230100,2017,0.0,1.337623,0,17.951826,1.5930918,2.51385,11.12051,2.60379,532.8629,11.163368
230100,2018,0.0,1.602962,0,17.958721,1.7333868,2.5651,11.18124,2.5032461,529.6155,11.229806
230100,2019,0.0,1.563659,0,17.776133,2.2962546,2.5685,11.31916,2.9687767,611.8391,11.275784
230100,2020,0.0,1.344963,0,17.763672,2.4215412,2.5417,11.348,3.4227352,625.0687,11.250274
230100,2021,0.0,2.128176,0,17.795567,2.5674975,2.5333,11.40297,2.7119615,666.0053,11.263387
230100,2022,0.0,1.92366,0,17.821024,2.6055102,2.5211,11.45506,4.0641775,817.1458,11.282984
230100,2023,0.0,1.78428,0,17.836567,2.6997571,2.541972,11.50458,3.4518855,811.0085,11.330204
230100,2024,0.0,2.059957,0,17.912518,2.6000178,2.582517,11.55176,3.4518855,804.8319,11.335305
230200,2009,0.0,0.6834103,0,15.747781,0.68851465,2.1796,9.969831,4.4987869,88.01176,9.7417326
230200,2010,0.0,0.664572,0,15.990782,0.61377329,2.1572,10.20561,4.0514884,87.77702,9.7417326
230200,2011,0.0,0.601498,0,16.181828,0.59788036,2.1363,10.33165,3.4285133,88.18294,9.6301689
230200,2012,0.0,0.6698981,0,16.280279,0.64677751,2.1423,10.43864,4.7947178,90.0948,9.8975697
230200,2013,0.0,0.7512747,0,16.325434,0.73811531,2.1777,10.54422,6.7250748,92.01974,10.073483
230200,2014,0.0,0.7221077,0,16.308167,0.96275055,2.1926,10.65002,3.2653086,99.08713,10.073483
230200,2015,0.0,0.8855276,0,16.357368,1.1081252,2.207,10.75814,4.9205709,116.0287,10.154363
230200,2016,0.0,0.9057169,0,16.399742,1.1777093,2.2361,10.83088,8.6839399,101.1801,10.168733
230200,2017,0.0,0.9506742,0,16.406151,1.1810775,2.25965,10.88038,6.3030944,103.5281,10.135353
230200,2018,0.0,0.9709057,0,16.410883,1.0728729,2.2832,11.06254,6.447454,101.3981,10.194252
230200,2019,0.0,1.170057,0,16.239428,1.283457,2.1838,11.08889,6.6319404,107.7989,10.306349
230200,2020,0.0,1.200402,0,16.300417,1.2670833,2.1408,11.14851,7.0916348,133.6245,10.288103
230200,2021,0.0,1.71,0,16.321037,1.2856894,2.1439,11.2167,6.0420151,109.5609,10.334653
230200,2022,0.0,1.805692,0,16.394211,1.2892845,2.1358,11.28054,5.831656,114.8382,10.34673
230200,2023,0.0,1.649843,0,16.40177,1.3914596,2.122346,11.34055,5.4015369,120.1984,10.357553
230200,2024,0.0,1.24198,0,16.42042,1.4654684,2.239968,11.39716,5.5751896,125.6436,10.342838
230300,2009,0.0,0.8221908,0,15.079123,0.60039675,2.0765,10.0621,2.1216497,54.19223,8.994669
230300,2010,0.0,0.8119979,0,15.249388,0.53630775,2.0659,10.26957,1.8217378,55.90909,8.9954128
230300,2011,0.0,0.8465326,0,15.440492,0.52852112,2.0509,10.34619,1.6609687,56.58549,9.1444139
230300,2012,0.0,0.7302851,0,15.577392,0.52921522,2.0232,10.53299,1.5799834,52.93707,9.242033
230300,2013,0.0,0.8233119,0,15.557575,0.64712405,2.0311,10.55902,1.7453398,48.98714,9.1992798
230300,2014,0.0,0.8726579,0,15.456464,0.87878096,2.0149,10.6073,1.8696597,47.99564,9.2240458
230300,2015,0.0,0.9672537,0,15.453899,1.1330422,2.0118,10.59391,2.2787974,45.45955,9.3338842
230300,2016,0.0,1.043591,0,15.461047,1.3390994,2.0443,10.77616,4.7312779,48.20442,9.3703308
230300,2017,0.0,1.043771,0,15.468889,1.4846966,2.04815,10.90827,4.8661542,10.86286,9.3178482
230300,2018,0.0,1.099191,0,15.49294,1.4869624,2.052,10.80945,4.7224445,51.15029,9.3279457
230300,2019,0.0,1.091538,0,15.523889,1.5154482,2.0344,11.05924,5.2141628,54.01775,9.3439093
230300,2020,0.0,0.9813772,0,15.55948,1.5730796,2.0157,11.03951,6.3976698,57.65868,9.3311415
230300,2021,0.0,1.080061,0,15.613914,1.588303,2.0695,11.13774,4.5558004,59.70909,9.3486233
230300,2022,0.0,1.001534,0,15.710128,1.5113038,2.0446,11.22717,4.900908,63.63804,9.3297224
230300,2023,0.0,1.121863,0,15.696501,1.5790272,2.022731,11.30927,4.7851963,64.78261,9.3632336
230300,2024,0.0,1.105283,0,15.644887,1.726249,2.162544,11.38513,5.0747461,65.95598,9.3411055
230400,2009,0.0,0.7610821,0,14.577526,1.0268564,2.0466,10.13648,3.5028646,27.20958,8.6676798
230400,2010,0.0,0.7950504,0,14.735742,0.90315276,2.005,10.28762,3.3110213,24.0605,8.7214394
230400,2011,0.0,0.7409926,0,14.956733,0.79543364,1.9661,10.53278,2.9175801,51.50735,8.7436914
230400,2012,0.0,0.7685714,0,15.091541,0.77401584,1.9661,10.59692,2.937885,61.18894,8.797246
230400,2013,0.0,0.7305195,0,14.978705,0.96456218,1.9672,10.59508,3.6507351,53.62709,8.9069357
230400,2014,0.0,0.7356075,0,14.768948,1.3626429,1.9702,10.58713,4.4421821,17.3271,8.9193192
230400,2015,0.0,0.8499195,0,14.792233,1.7079518,1.9974,10.62294,5.7636189,21.0018,9.0057735
230400,2016,0.0,0.9815385,0,14.78668,1.8422548,2.0153,10.79436,5.6347818,21.48077,8.9819326
230400,2017,0.0,0.9872277,0,14.855469,1.8463098,2.0447,10.89676,4.8069086,24.87129,9.0412111
230400,2018,0.0,1.1595,0,14.878761,1.7171084,2.0741,10.88718,4.5822582,23.6,9.0425129
230400,2019,0.0,1.210408,0,15.027452,1.3869675,2.1317,10.7839,5.7319055,29.85714,9.0539207
230400,2020,0.0,1.130619,0,15.039286,1.5653459,2.097,10.91716,5.9530897,38.42268,8.9727173
230400,2021,0.0,1.145104,0,15.079638,1.797122,2.1186,11.09718,4.293201,42.59375,8.9316845
230400,2022,0.0,1.162737,0,15.224055,1.6395577,2.1102,11.24969,4.3790102,44.77895,8.9533815
230400,2023,0.0,1.081383,0,15.160983,1.7154011,2.120177,11.38198,4.2485018,47.01064,8.9649515
230400,2024,0.0,1.121505,0,15.13993,1.9327806,2.270529,11.49881,4.1456351,49.29032,8.9522171
230500,2009,0.0,0.6927922,0,14.909138,0.70134085,1.9661,9.958449,3.3505948,14.34918,9.012743
230500,2010,0.0,0.7231165,0,15.192639,0.62328714,1.9661,9.958449,3.0521262,14.89642,8.7479877
230500,2011,0.0,0.7420635,0,15.430764,0.68870515,1.9661,9.958449,3.0483761,25.78042,8.8008671
230500,2012,0.0,0.7307181,0,15.547929,0.68277627,1.9661,10.02977,3.0906489,27.2141,8.8146276
230500,2013,0.0,0.7839119,0,15.5295,0.77959466,1.9661,10.60394,3.547693,13.84513,8.8974085
230500,2014,0.0,0.9420806,0,15.280346,1.2189618,1.979,10.57428,5.6050472,23.42282,8.8311272
230500,2015,0.0,1.0603,0,15.28185,1.7302675,2.0079,10.64961,4.926393,146.4017,9.1376619
230500,2016,0.0,1.098897,0,15.291182,1.9141526,2.0545,10.87138,6.4416928,153.3172,8.8836403
230500,2017,0.0,1.723298,0,15.347873,1.876287,2.0411,10.97049,6.5477166,195.3723,9.0374146
230500,2018,0.0,1.065674,0,15.438867,1.8021568,2.0277,10.90162,5.6585393,102.8298,9.0900917
230500,2019,0.0,1.049929,0,15.375758,1.9317309,2.1506,11.04142,6.4698496,75.41135,9.0900917
230500,2020,0.0,1.050935,0,15.412876,1.8511072,1.9661,11.0708,7.0359201,48.68345,9.0718822
230500,2021,0.0,1.235402,0,15.456448,1.8339988,1.9661,11.10943,4.7370048,49.45256,9.0691223
230500,2022,0.0,1.229706,0,15.532906,1.7594413,1.9756,11.14662,4.5513887,49.875,9.0654306
230500,2023,0.0,1.334815,0,15.503759,1.8759743,2.028615,11.18248,4.5655389,41.37037,9.0872688
230500,2024,0.0,1.309851,0,15.532906,2.0312536,2.081629,11.21709,4.2483459,32.73881,9.029418
230600,2009,0.0,0.9489952,0,16.869513,0.32658055,2.1374,10.63038,1.4170315,231.4702,9.2707767
230600,2010,0.0,0.9344532,0,17.182829,0.32658055,2.112,10.7296,1.3677677,229.2995,9.4258547
230600,2011,0.0,0.9082741,0,17.437593,0.32658055,2.1077,10.81052,1.3226137,227.9261,9.4235144
230600,2012,0.0,0.9223722,0,17.504658,0.32658055,2.1142,10.94007,1.2897133,231.8217,9.5106668
230600,2013,0.0,0.9559448,0,17.548765,0.32658055,2.1224,11.07139,1.288532,247.7353,9.5986595
230600,2014,0.0,1.167246,0,17.523581,0.32658055,2.1504,11.12242,1.2686063,226.1123,9.6331873
230600,2015,0.0,1.21566,0,17.21118,0.32658055,2.2206,11.11004,1.5455028,234.3255,9.6812811
230600,2016,0.0,1.302681,0,17.077448,0.3668634,2.2959,11.19078,2.0233443,220.6123,9.7424383
230600,2017,0.0,1.544505,0,17.104107,0.40430111,2.3069,11.21967,1.89758,169.978,9.6974468
230600,2018,0.0,1.594579,0,17.148129,0.38800263,2.3179,11.40485,1.9930282,229.1245,9.7248392
230600,2019,0.0,1.650772,0,17.061224,0.43619576,2.3026,11.52071,1.9246743,227.0294,9.7399092
230600,2020,0.0,1.519559,0,16.951439,0.52428341,2.3208,11.47302,2.2038672,228.0147,9.7350693
230600,2021,0.0,1.613346,0,17.08127,0.49051946,2.2824,11.52573,1.8228827,221.4081,9.7403803
230600,2022,0.0,1.586578,0,17.213034,0.44720033,2.2315,11.57581,2.0095079,54.48289,9.6913462
230600,2023,0.0,2.077717,0,17.169617,0.47717819,2.252926,11.62349,2.1693079,257.689,9.7416744
230600,2024,0.0,2.058082,0,17.153414,0.50410396,2.307834,11.66901,2.3715339,475.8245,9.8226566
230700,2009,0.0,0.778572,0,14.577526,0.50123912,2.0058,9.958449,8.751791,19.49572,8.49331
230700,2010,0.0,0.6766444,0,14.577526,0.51398659,2.0007,9.958449,7.6589465,16.12446,8.6600809
230700,2011,0.0,0.608551,0,14.647043,0.44028482,1.9869,9.958449,7.8691278,17.75138,8.6548662
230700,2012,0.0,0.7490416,0,14.771148,0.47874901,1.9661,10.09382,7.565043,9.105305,8.7066555
230700,2013,0.0,0.7849838,0,14.861046,0.44910666,1.9727,10.11805,6.7056222,9.105305,8.6342649
230700,2014,0.0,1.007623,0,14.755617,0.54873556,1.9661,10.21117,7.0289426,9.105305,8.799058
230700,2015,0.0,1.099101,0,14.724562,0.59398758,1.9661,10.48167,10.113858,9.105305,8.8001137
230700,2016,0.0,1.09,0,14.736656,0.662319,1.9661,10.51306,9.0375862,13.65254,8.7721453
230700,2017,0.0,1.143621,0,14.763843,0.68745911,1.99215,10.56393,9.1534853,15.5431,8.7513161
230700,2018,0.0,1.105439,0,14.824024,0.65733063,2.0266,10.66751,8.7599869,31.47368,8.7738485
230700,2019,0.0,1.143036,0,14.910784,0.5515933,2.0614,10.71337,9.0500622,21.35714,8.8372459
230700,2020,0.0,1.163364,0,14.89392,0.64166766,2.0376,10.82614,10.728926,37.66364,8.8211422
230700,2021,0.0,1.235926,0,14.975532,0.64339656,2.0502,10.94585,10.660819,58.11111,8.7508411
230700,2022,0.0,1.029346,0,15.048071,0.6634385,2.0639,11.05275,9.9005423,66.17757,8.7524233
230700,2023,0.0,0.9728302,0,15.090874,0.66433185,2.084149,11.14931,7.9597592,74.39622,8.7981529
230700,2024,0.0,0.3834286,0,15.126542,0.752886,2.135235,11.23737,7.5600996,82.77143,8.8079205
230800,2009,0.0,0.9453342,0,15.280293,0.64914298,2.1156,10.05279,6.0855227,128.7243,9.1642962
230800,2010,0.0,0.9704468,0,15.449555,0.66787195,2.1674,10.20481,5.8418484,120.9946,9.2324934
230800,2011,0.0,0.9364072,0,15.648586,0.70971453,2.129,10.32449,4.5203733,126.1198,9.3197327
230800,2012,0.0,1.008901,0,15.715069,0.80394369,2.1384,10.55008,4.2338181,183.4726,9.3015509
230800,2013,0.0,1.034449,0,15.885089,0.77725941,2.0831,10.4918,4.5847549,185.6051,9.3722887
230800,2014,0.0,1.105137,0,15.851497,1.0294605,2.1218,10.58452,4.4633074,185.2361,9.5612793
230800,2015,0.0,1.186361,0,15.907581,1.4900646,2.1185,10.75743,5.893446,142.429,9.541297
230800,2016,0.0,1.201218,0,15.949717,1.7846487,2.1604,10.82018,6.2546687,133.7059,9.6119308
230800,2017,0.0,1.231489,0,16.110113,1.7559628,2.12765,10.89707,6.9001484,97.98724,9.5715752
230800,2018,0.0,1.216309,0,16.130074,1.790946,2.0949,10.88343,6.6100535,166.5536,9.6394567
230800,2019,0.0,1.483777,0,15.847598,2.3472865,1.9661,10.82943,6.9219756,225.4292,9.6435499
230800,2020,0.0,1.316876,0,15.909841,2.286099,1.9661,10.96365,7.335742,267.9132,9.5941048
230800,2021,0.0,1.574123,0,15.914755,2.402756,1.9661,11.00373,5.7974191,229.5175,9.7378464
230800,2022,0.0,1.574381,0,15.977683,2.2780807,1.9661,11.04227,5.7657337,190.9292,9.6121988
230800,2023,0.0,1.722321,0,16.022686,2.2320921,1.9661,11.07937,4.7980943,294.4152,9.6638966
230800,2024,0.0,1.601982,0,16.126064,2.1724844,2.097152,11.11515,5.1002378,399.7658,9.6406937
230900,2009,0.0,1.102619,0,14.664063,0.54121286,2.1973,10.13604,2.5448267,26.12914,8.0352793
230900,2010,0.0,0.903726,0,14.931385,0.53741336,2.1912,10.2653,2.0799918,19.26556,8.0602245
230900,2011,0.0,0.8578209,0,14.940632,0.57905823,2.1944,10.41625,2.2289543,15.78209,8.0925455
230900,2012,0.0,0.8409091,0,14.910477,0.58852035,2.2132,10.54473,2.7924154,14.49134,8.2725706
230900,2013,0.0,0.8005435,0,14.695088,0.83124369,2.2742,10.57577,3.3346736,18.31522,8.1889668
230900,2014,0.0,0.8304989,0,14.577526,0.95113719,2.3015,10.58804,3.4479153,26.4966,8.2581635
230900,2015,0.0,0.9575261,0,14.577526,1.088527,2.3104,10.62864,4.2007546,34.72506,8.238801
230900,2016,0.0,0.9695,0,14.588584,1.240953,2.341,10.79333,5.930119,39.3625,8.3402176
230900,2017,0.0,1.211772,0,14.643363,1.0848379,2.3478,10.88682,3.8800399,42.70886,8.2837467
230900,2018,0.0,1.286795,0,14.733104,0.98499912,2.3546,10.97394,3.4313049,40.9359,8.3262749
230900,2019,0.0,1.387532,0,14.652758,0.9620108,2.3043,11.07085,4.4898534,53.0,8.4062614
230900,2020,0.0,1.133553,0,14.577526,1.1649481,2.2669,11.04865,6.4927287,52.94737,8.3742466
230900,2021,0.0,1.3916,0,14.652758,1.3411597,2.2513,11.09247,3.5372293,63.16,8.3544388
230900,2022,0.0,1.311757,0,14.805052,1.2940583,2.2234,11.13446,3.6571224,62.55405,8.4220028
230900,2023,0.0,1.275069,0,14.782495,1.6506088,2.251807,11.17475,3.0179822,79.79452,8.4580803
230900,2024,0.0,1.267361,0,14.6784,1.8742068,2.408707,11.21348,3.890754,97.51389,8.4482718
231000,2009,0.0,0.7323798,0,15.654924,0.39238322,2.3131,10.07067,3.3752303,197.7011,9.2565556
231000,2010,0.0,0.7427747,0,15.850189,0.78555167,2.2833,10.21947,3.1780353,200.2146,9.3535748
231000,2011,0.0,0.7646332,0,16.056589,0.4025991,2.2644,10.34261,2.680445,201.1527,9.3702459
231000,2012,0.0,0.8647534,0,16.098965,0.37760362,2.1853,10.4428,2.601403,197.6926,9.4434347
231000,2013,0.0,0.9032819,0,16.313723,0.4395346,2.2657,10.55283,2.4240236,193.3359,9.569273
231000,2014,0.0,0.9618561,0,16.35239,0.47496206,2.3054,10.65204,2.7144966,182.1629,9.6404982
231000,2015,0.0,1.091832,0,16.388657,0.57491142,2.3003,10.76663,4.1071315,197.6985,9.7331734
231000,2016,0.0,1.137066,0,16.431532,0.52589738,2.3085,10.91607,3.8084393,159.4517,9.7849293
231000,2017,0.0,1.13549,0,16.414289,0.48028585,2.357,10.86607,3.7702858,196.6706,9.6614161
231000,2018,0.0,1.18,0,16.382544,0.51298225,2.4055,11.03935,4.1817045,195.4325,9.6709251
231000,2019,0.0,1.22732,0,15.925724,0.81098849,2.3519,11.08451,3.51015,213.088,9.6597586
231000,2020,0.0,1.294089,0,15.934173,0.89828593,2.3089,11.07388,5.2214313,275.6194,9.6432905
231000,2021,0.0,1.557418,0,15.984564,0.88768756,2.2996,11.12197,4.427978,288.7336,9.6633883
231000,2022,0.0,1.339087,0,16.041214,0.83981758,2.2903,11.16785,4.3048925,325.7552,9.6604605
231000,2023,0.0,1.474034,0,16.069956,1.0128264,2.12225,11.21173,3.9854846,318.7857,9.7111158
231000,2024,0.0,1.71366,0,16.167837,1.0060929,2.428286,11.25375,4.3848758,311.6383,9.7024727
231100,2009,0.0,0.8672866,0,14.622921,0.60937649,1.9661,9.958449,5.8937507,49.6929,8.8356466
231100,2010,0.0,0.8767005,0,14.775242,0.6693359,1.9661,9.958449,4.9946065,54.63521,8.7282639
231100,2011,0.0,0.810882,0,14.966226,0.62241304,1.9661,9.958449,5.1321821,54.69645,8.7332716
231100,2012,0.0,0.9222801,0,15.113198,0.63838816,1.9661,9.990529,5.1341519,56.8287,8.8646049
231100,2013,0.0,1.001341,0,15.175579,0.55364096,1.9661,10.41274,5.7417736,59.56851,8.9245234
231100,2014,0.0,0.9367155,0,15.253833,0.78699648,1.9661,10.4326,5.3616381,66.55718,8.9399738
231100,2015,0.0,1.099405,0,15.314743,1.117678,1.9661,10.68987,5.6509914,61.30952,8.9821844
231100,2016,0.0,1.300123,0,15.364785,1.1961738,1.9661,10.84782,5.6195617,60.55828,9.0292978
231100,2017,0.0,1.254161,0,15.402396,1.1970934,1.9661,10.86531,6.5690265,62.56522,8.8942585
231100,2018,0.0,1.174717,0,15.435156,1.1042585,1.9661,10.75071,6.2253189,64.35849,8.9839411
231100,2019,0.0,1.243165,0,15.571643,0.86471713,2.0286,10.8934,5.7517638,68.01899,8.9459839
231100,2020,0.0,1.104359,0,15.631963,0.72078925,1.9756,11.05,6.0287275,72.70513,8.9165058
231100,2021,0.0,1.352143,0,15.66711,0.75204474,1.9873,11.13478,5.7974987,77.50649,8.9337959
231100,2022,0.0,1.309408,0,15.70258,0.75939912,2.014,11.21293,5.8534007,82.44079,8.9620075
231100,2023,0.0,1.340667,0,15.704094,0.86885947,1.9661,11.28541,5.5409784,85.02,9.0065088
231100,2024,0.0,0.9941892,0,15.777013,0.92094374,2.215209,11.35299,5.758791,87.66892,9.0034389
231200,2009,0.0,0.6125485,0,15.617021,0.39128721,2.0669,9.958449,6.4866972,16.20443,9.344347
231200,2010,0.0,0.5151396,0,15.80807,0.41159233,2.0242,9.958449,3.8649693,17.12014,9.353054
231200,2011,0.0,0.5754081,0,16.026083,0.37826762,1.9661,10.04474,4.7224445,17.42052,9.241354
231200,2012,0.0,0.6572352,0,16.174458,0.38052443,1.9661,10.13898,4.5919499,19.08438,9.5142155
231200,2013,0.0,0.7789284,0,16.286879,0.42006153,1.9661,10.31934,4.2801032,18.35671,9.5537176
231200,2014,0.0,0.6561641,0,16.292255,0.57538563,1.9661,10.42156,4.7160149,18.26645,9.4734735
231200,2015,0.0,0.6585779,0,16.358849,0.60156846,1.9661,10.46962,5.9248443,18.03829,9.5363293
231200,2016,0.0,0.75372,0,16.392929,0.66999054,1.9661,10.72646,6.8072195,19.2744,9.7058897
231200,2017,0.0,0.8329924,0,16.408403,0.6925143,2.0008,10.78552,7.4521942,20.90341,9.7566099
231200,2018,0.0,0.9239504,0,16.425276,0.66853625,2.0355,10.90234,6.9455557,22.15458,9.804882
231200,2019,0.0,0.8837357,0,16.214315,0.95224148,1.9661,11.01099,7.2579765,21.45786,9.8585949
231200,2020,0.0,0.8804831,0,16.257858,1.068344,1.9661,10.96182,7.4928021,20.85604,9.9095192
231200,2021,0.0,0.875692,0,16.281914,1.0824332,1.9661,11.02804,6.2169724,20.24366,9.9580231
231200,2022,0.0,1.092854,0,16.331593,1.0233256,1.9661,11.09016,7.7547369,19.63976,9.6841488
231200,2023,0.0,1.027117,0,16.329166,1.1288626,1.9661,11.14864,5.396883,19.02386,9.8555574
231200,2024,0.0,0.9698594,0,16.336428,1.1753,2.038666,11.20388,6.6949801,18.39558,9.9455404
310000,2009,0.0,1.198751,0,18.829237,1.9728308,2.5862,11.05956,1.1768898,366.1091,11.492518
310000,2010,0.0,1.302177,0,18.961025,1.9896429,2.566,11.18269,1.1493961,365.1163,11.546776
310000,2011,0.0,1.30217,0,19.072781,1.9377677,2.574,11.25197,1.141421,360.2106,11.566277
310000,2012,0.0,1.310309,0,19.122873,1.8078687,2.5982,11.29216,1.1176139,355.0326,11.582983
310000,2013,0.0,1.410584,0,19.190887,2.0534041,2.6164,11.42382,1.1019834,352.4199,11.588395
310000,2014,0.0,1.907389,0,19.241253,2.0331135,2.6431,11.4316,1.0736845,352.1541,11.588395
310000,2015,0.0,2.059142,0,19.241253,2.124995,2.6734,11.52254,1.1217618,354.5625,11.588395
310000,2016,0.0,2.399717,0,19.241253,1.9158156,2.6939,11.69943,1.08005,354.9538,11.588395
310000,2017,0.0,2.442165,0,19.241253,1.9974828,2.6882,11.78116,1.1363025,353.8948,11.588395
310000,2018,0.0,2.742955,0,19.241253,2.0675707,2.6958,11.87048,1.1749244,354.1696,11.588395
310000,2019,0.0,2.940334,0,19.241253,1.9347851,2.6962,11.94549,1.1415453,358.4649,11.588395
310000,2020,0.0,3.224544,0,19.241253,2.0152199,2.6962,11.94549,1.1498394,365.0864,11.588395
310000,2021,0.0,3.539545,0,19.241253,2.0423493,2.6962,11.94549,1.084801,367.5372,11.588395
310000,2022,0.0,2.731257,0,19.241253,2.1609428,2.6962,11.94549,1.2346116,368.883,11.588395
310000,2023,0.0,3.52536,0,19.241253,2.2428811,2.6962,11.94549,1.1595203,377.8502,11.588395
310000,2024,0.0,2.596356,0,19.241253,2.1685262,2.6962,11.94549,1.1792026,386.6881,11.588395
320100,2009,0.0,1.090207,0,17.56036,2.1426878,2.4826,10.68334,1.0615828,1215.146,10.166851
320100,2010,0.0,1.118355,0,17.753328,2.0240788,2.4906,10.79511,1.0450662,1215.146,10.181082
320100,2011,0.0,1.086534,0,17.933819,1.8114151,2.4971,10.90984,1.0491397,1215.146,10.304074
320100,2012,0.0,1.092796,0,18.092394,1.7099619,2.5083,11.0533,1.0499853,1021.062,10.397757
320100,2013,0.0,1.211351,0,18.199009,1.7213476,2.5183,11.10319,1.0235784,1215.146,10.523687
320100,2014,1.0,1.623061,1,18.295202,1.7717919,2.5406,11.25527,1.0196081,1215.146,10.57513
320100,2015,1.0,2.773431,1,18.392361,1.8741103,2.5493,11.30313,1.0250385,1215.146,10.645115
320100,2016,1.0,3.806923,1,18.469759,2.0642898,2.5597,11.40969,1.0273411,1215.146,10.718741
320100,2017,1.0,2.871527,1,18.578974,2.0979974,2.5744,11.52783,1.0646085,1059.53,10.757051
320100,2018,1.0,3.097575,1,18.669134,2.2154021,2.5891,11.61792,1.0426528,1042.651,10.808677
320100,2019,1.0,3.193028,1,18.759365,2.3936911,2.5997,11.77225,1.0493915,1215.146,10.887418
320100,2020,1.0,3.936454,1,18.813938,2.5370653,2.6081,11.83504,1.0713922,1215.146,10.958757
320100,2021,1.0,3.885055,1,18.912691,2.6118217,2.6019,11.91228,1.0510027,1031.86,10.997891
320100,2022,1.0,3.127294,1,18.945883,2.8508065,2.6039,11.94549,1.1735891,1052.337,11.065872
320100,2023,1.0,3.333212,1,18.975773,3.0940754,2.623193,11.94549,1.1350096,1074.476,11.099333
320100,2024,1.0,2.584486,1,19.035921,3.1578,2.649039,11.94549,1.0684417,1096.319,11.126336
320200,2009,0.0,1.209599,0,17.725876,1.0544306,2.3942,10.67699,1.0132369,242.0595,9.906682
320200,2010,0.0,1.271905,0,17.874798,1.0634,2.4099,10.758,1.0132369,234.973,10.027562
320200,2011,0.0,1.221667,0,18.046736,1.0004783,2.4226,10.84966,1.0132369,231.5107,10.123507
320200,2012,0.0,1.218677,0,18.142044,0.98663878,2.4334,10.94877,1.0132369,232.6377,10.188779
320200,2013,1.0,1.218318,1,18.206272,1.0047039,2.4418,11.01175,1.0132369,235.8979,10.282472
320200,2014,1.0,1.568665,1,18.222878,1.0565863,2.4672,11.12764,1.0132369,239.4467,10.342001
320200,2015,1.0,1.636037,1,18.260307,1.0955606,2.4751,11.23874,1.0132369,239.844,10.423679
320200,2016,1.0,1.887757,1,18.338388,1.1273516,2.4989,11.34959,1.0132369,234.0165,10.495432
320200,2017,1.0,2.393732,1,18.470594,1.0558145,2.4997,11.40256,1.0620008,228.5781,10.506272
320200,2018,1.0,2.601972,1,18.555092,1.0465903,2.5005,11.41072,1.0431298,213.334,10.590189
320200,2019,1.0,2.59342,1,18.590591,1.1438297,2.5043,11.56892,1.0783437,238.5209,10.650413
320200,2020,1.0,6.706883,1,18.633369,1.2218307,2.5142,11.65917,1.129529,261.6169,10.666114
320200,2021,1.0,3.678796,1,18.757368,1.2275527,2.5024,11.71827,1.1310225,297.5068,10.612311
320200,2022,1.0,2.450501,1,18.816162,1.3172244,2.4987,11.77407,1.2051049,387.8516,10.639335
320200,2023,1.0,2.905545,1,18.856092,1.4420869,2.505062,11.82693,1.1629275,385.6558,10.696095
320200,2024,1.0,2.479108,1,18.906988,1.5325075,2.508284,11.87712,1.1082548,383.4933,10.711435
320300,2009,0.0,0.6128591,0,16.989456,0.4738448,2.2685,10.3474,1.560963,131.2392,10.129866
320300,2010,0.0,0.5114864,0,17.197233,0.48823121,2.3008,10.44127,1.4661773,123.4497,10.23218
320300,2011,0.0,0.489055,0,17.385508,0.48846066,2.3113,10.5838,1.4265597,134.8899,10.318342
320300,2012,0.0,0.4819788,0,17.508526,0.5096947,2.3195,10.69348,1.445219,116.9258,10.48299
320300,2013,0.0,0.5476313,0,17.607809,0.53221256,2.3275,10.75822,1.4085821,135.3789,10.6011
320300,2014,0.0,0.6915877,0,17.720289,0.54892045,2.3567,10.81535,1.401227,134.0879,10.673017
320300,2015,0.0,0.75819,0,17.789547,0.57706225,2.3675,10.90246,1.4179167,133.7912,10.704368
320300,2016,0.0,1.224755,0,17.877422,0.62325919,2.3805,10.9548,1.5463125,135.2786,10.798064
320300,2017,0.0,1.601434,0,18.006065,0.63173342,2.38875,11.06534,1.6492728,124.4023,10.590717
320300,2018,0.0,1.755694,0,18.028412,0.72721034,2.397,11.17685,1.6739588,125.0708,10.634725
320300,2019,0.0,1.766449,0,18.085348,0.81472099,2.4057,11.27172,1.8837761,129.2917,10.683179
320300,2020,0.0,4.46883,0,18.108706,0.94973773,2.4028,11.36371,1.9886819,140.4497,10.636528
320300,2021,0.0,1.910783,0,18.212057,1.0014175,2.4008,11.47814,1.8692937,219.8783,10.668072
320300,2022,0.0,1.408304,0,18.253208,1.1041435,2.3926,11.58081,1.9941332,253.0523,10.690876
320300,2023,0.0,1.684179,0,18.304148,1.2181284,2.419772,11.67391,1.9358505,237.3868,10.745249
320300,2024,0.0,1.448421,0,18.373274,1.2694707,2.451672,11.75908,1.8782583,221.6296,10.758626
320400,2009,0.0,1.108082,0,17.042326,0.99763483,2.3598,10.57699,1.0132369,348.6966,9.5975056
320400,2010,0.0,1.136724,0,17.23156,0.9890905,2.3817,10.69674,1.0132369,288.9551,9.596487
320400,2011,0.0,1.326839,0,17.393734,0.95123202,2.3928,10.81486,1.0311568,288.3659,9.6184025
320400,2012,0.0,1.258909,0,17.496828,0.96547204,2.4072,10.92883,1.0322655,241.8668,9.8283329
320400,2013,0.0,1.417163,0,17.590782,0.99022788,2.4205,11.19869,1.0220619,290.5247,9.8604231
320400,2014,0.0,1.681715,0,17.707712,0.97712499,2.4523,11.11836,1.0132369,294.5117,9.9771099
320400,2015,0.0,1.633194,0,17.780724,1.0154419,2.4673,11.16832,1.0408553,277.7242,10.003469
320400,2016,0.0,1.910053,0,17.871437,1.0466404,2.4826,11.30292,1.0579233,330.1733,10.060833
320400,2017,1.0,2.382427,1,18.007952,1.0091834,2.4878,11.34739,1.0631227,270.9129,9.954608
320400,2018,1.0,2.403848,1,18.071161,1.0685292,2.493,11.42156,1.0615451,274.9136,9.9487953
320400,2019,1.0,2.528312,1,18.119711,1.1611215,2.4807,11.55732,1.1087402,337.5714,10.044813
320400,2020,1.0,3.686158,1,18.172861,1.3088461,2.4947,11.63756,1.1779321,375.2445,10.079959
320400,2021,1.0,3.180644,1,18.293756,1.330309,2.4853,11.72388,1.1217666,403.6753,10.158827
320400,2022,1.0,2.744704,1,18.374638,1.4427103,2.4753,11.80333,1.3074667,425.5553,10.176335
320400,2023,1.0,2.635897,1,18.432215,1.6106513,2.484472,11.87694,1.2564588,444.8205,10.160568
320400,2024,1.0,2.165908,1,18.498938,1.7045056,2.490459,11.94549,1.2755445,463.9872,10.40913
320500,2009,0.0,1.570813,0,18.164524,1.0988518,2.3758,10.60317,1.0132369,296.354,10.474693
320500,2010,0.0,1.875043,0,18.340437,1.0979795,2.3969,10.72695,1.0132369,278.7426,10.514313
320500,2011,0.0,1.911723,0,18.489925,1.1079502,2.4109,10.85242,1.0132369,277.9713,10.61656
320500,2012,0.0,1.781522,0,18.603973,1.1344702,2.426,10.96166,1.0132369,296.7058,10.686749
320500,2013,0.0,1.874595,0,18.684252,1.190504,2.441,11.01092,1.0132369,308.8498,10.806511
320500,2014,1.0,2.218379,1,18.739925,1.2534026,2.4695,11.1118,1.0132369,316.8643,10.875913
320500,2015,1.0,2.530052,1,18.792524,1.3237734,2.4845,11.18845,1.0132369,321.0551,10.948945
320500,2016,1.0,2.973525,1,18.857327,1.4167567,2.5011,11.28816,1.0132369,323.4086,11.016118
320500,2017,1.0,3.989146,1,18.969929,1.3849479,2.49875,11.37768,1.0132369,303.5239,10.935514
320500,2018,1.0,4.04179,1,19.041121,1.4274108,2.4964,11.45552,1.0132369,309.5881,10.968577
320500,2019,1.0,6.049336,1,19.074879,1.5656441,2.5047,11.56715,1.0132369,344.4288,11.012858
320500,2020,1.0,6.706883,1,19.122292,1.6953784,2.515,11.64171,1.0132369,354.5401,11.060542
320500,2021,1.0,6.706883,1,19.241253,1.7388331,2.5049,11.74996,1.0293643,361.0853,11.106025
320500,2022,1.0,3.122065,1,19.241253,1.8886092,2.5032,11.84764,1.1113654,377.7264,11.137607
320500,2023,1.0,3.63467,1,19.241253,2.0787587,2.516017,11.93662,1.0669423,387.3604,11.195622
320500,2024,1.0,3.287066,1,19.241253,2.0663321,2.516569,11.94549,1.0582329,396.6816,11.245556
320600,2009,0.0,1.084297,0,17.173384,0.80607098,2.2758,10.46942,1.1933767,117.2082,10.097326
320600,2010,0.0,1.383828,0,17.361002,0.82037151,2.2957,10.58268,1.0892099,108.3298,10.151362
320600,2011,0.0,1.430331,0,17.524246,0.80519891,2.315,10.70483,1.1224649,97.43626,10.247254
320600,2012,0.0,1.365813,0,17.635126,0.84172302,2.3304,10.80767,1.2222493,98.53894,10.330845
320600,2013,0.0,1.050815,0,17.735281,0.89474827,2.3423,10.9794,1.1863194,99.50685,10.381707
320600,2014,0.0,0.9493617,0,17.850227,0.90759885,2.3823,11.05552,1.1810499,105.3869,10.439279
320600,2015,0.0,1.041903,0,17.934286,0.97541595,2.4003,11.10548,1.1971262,108.5306,10.464303
320600,2016,0.0,1.277197,0,18.030331,1.0099384,2.4232,11.18085,1.2694771,123.6506,10.549386
320600,2017,0.0,1.538325,0,18.163805,1.0127798,2.43015,11.22943,1.3716167,118.3089,10.412802
320600,2018,0.0,1.644194,0,18.249537,1.0456501,2.4371,11.27996,1.4470512,124.9096,10.475173
320600,2019,0.0,1.560987,0,18.356995,1.0883428,2.4184,11.37133,1.5706488,147.2526,10.503999
320600,2020,0.0,2.717672,0,18.424274,1.2070355,2.4337,11.43542,1.6903274,165.4365,10.567901
320600,2021,0.0,1.864814,0,18.518442,1.2773927,2.4261,11.5089,1.5801941,178.9588,10.578394
320600,2022,0.0,1.414485,0,18.549953,1.4065968,2.4173,11.57734,1.8714882,199.6707,10.595234
320600,2023,0.0,1.828248,0,18.587296,1.5481271,2.427131,11.64141,1.7362607,211.0148,10.610538
320600,2024,0.0,0.7837992,0,18.637566,1.6236728,2.438816,11.70161,1.6822008,222.5129,10.657071
320700,2009,0.0,0.7985488,0,16.057421,0.72652853,2.2089,10.29388,1.5552884,59.4978,9.2868385
320700,2010,0.0,0.6894903,0,16.294827,0.7929709,2.2372,10.42932,1.4339998,69.39104,9.3085556
320700,2011,0.0,0.5442003,0,16.462053,0.71688521,2.2467,10.56659,1.5250661,67.02692,9.3623743
320700,2012,0.0,0.4618395,0,16.590235,0.74626803,2.2511,10.69488,1.4958744,66.29354,9.621788
320700,2013,0.0,0.5802191,0,16.69775,0.76561302,2.2574,10.74175,1.5532651,72.26259,9.6830902
320700,2014,0.0,0.6130484,0,16.794041,0.78810883,2.2811,10.87074,1.436165,72.40076,9.7125082
320700,2015,0.0,0.7083647,0,16.8885,0.82431453,2.2943,10.93585,1.45978,72.97384,9.7626152
320700,2016,0.0,1.088202,0,16.983717,0.86132884,2.3044,11.02291,1.764411,72.37266,9.9732933
320700,2017,0.0,1.398724,0,17.088991,0.92160285,2.3169,11.15233,1.8178457,74.77486,9.7272873
320700,2018,0.0,1.626835,0,17.137556,1.0539943,2.3294,11.23596,1.7906532,77.92135,9.8100004
320700,2019,0.0,1.658802,0,17.261999,1.102332,2.335,11.30228,1.9222488,88.02621,9.8507195
320700,2020,0.0,2.720806,0,17.305023,1.2864228,2.3457,11.42963,2.0462799,101.2277,9.8358507
320700,2021,0.0,2.425066,0,17.433968,1.3789324,2.3505,11.51503,1.9438375,113.4278,9.859849
320700,2022,0.0,1.6742,0,17.50564,1.499287,2.3352,11.59371,2.518728,116.1864,9.8764763
320700,2023,0.0,2.491172,0,17.591484,1.6036506,2.339364,11.66665,2.2447445,120.7713,9.9075298
320700,2024,0.0,1.973795,0,17.657755,1.6710041,2.361326,11.73463,2.0776961,125.3909,9.931881
320800,2009,0.0,1.072132,0,16.232986,0.58699006,2.2125,10.24633,1.5372876,148.7663,9.3768711
320800,2010,0.0,1.037309,0,16.446011,3.4504373,2.2514,10.39763,1.4576571,127.7147,9.4880476
320800,2011,0.0,1.105044,0,16.642824,0.58679813,2.2654,10.51825,1.4498347,124.1458,9.6427717
320800,2012,0.0,0.8687271,0,16.770895,0.6107434,2.2789,10.64473,1.4548029,122.7377,9.8371344
320800,2013,0.0,0.7884087,0,16.886286,0.63786471,2.2909,10.72597,1.4186664,120.9331,9.9841919
320800,2014,0.0,0.9403177,0,17.01638,0.65877569,2.3239,10.8455,1.3991449,120.0946,10.037056
320800,2015,0.0,1.044078,0,17.127909,0.67930621,2.3472,10.9193,1.4629043,120.4907,10.083932
320800,2016,0.0,1.097923,0,17.232582,0.75597632,2.3709,10.99612,1.5323445,122.6285,10.146434
320800,2017,0.0,1.277825,0,17.320734,0.83790427,2.37645,11.07645,1.9613994,124.943,9.791214
320800,2018,0.0,1.334938,0,17.399376,0.91730338,2.382,11.17706,1.9685422,128.0463,9.8307552
320800,2019,0.0,2.064286,0,17.471609,0.99762332,2.3829,11.26285,2.056469,134.925,9.9032879
320800,2020,0.0,4.168556,0,17.51062,1.1505064,2.391,11.3292,2.1507666,161.191,9.8907061
320800,2021,0.0,6.706883,0,17.633223,1.2126176,2.3991,11.41421,2.0635061,212.9387,9.8424101
320800,2022,0.0,1.447786,0,17.674555,1.3595319,2.3877,11.49256,2.1972461,183.4029,9.9146748
320800,2023,0.0,1.547532,0,17.73053,1.5223169,2.411949,11.56521,2.265734,185.0457,9.9059849
320800,2024,0.0,1.33919,0,17.8069,1.5879915,2.434022,11.63295,2.2807758,186.7127,9.9594898
320900,2009,0.0,2.119022,0,16.768858,0.53914988,2.1736,10.19149,1.6284454,68.52543,9.7902069
320900,2010,0.0,2.302566,0,16.965147,0.56173801,2.2091,10.32426,1.5254396,69.49345,9.846282
320900,2011,0.0,2.673169,0,17.137423,0.56241643,2.2276,10.47724,1.5136294,67.38029,9.9749241
320900,2012,0.0,2.657454,0,17.255928,0.58700156,2.2355,10.60555,1.5137606,66.43239,10.136621
320900,2013,0.0,2.288128,0,17.363834,0.6271773,2.2477,10.6981,1.5149049,66.63146,10.270835
320900,2014,0.0,1.094327,0,17.462427,0.66950947,2.2801,10.78189,1.4429978,67.68859,10.424778
320900,2015,0.0,1.335096,0,17.556152,0.72296715,2.2982,10.88641,1.5629529,69.18469,10.48128
320900,2016,0.0,1.570349,0,17.638939,0.80840319,2.3186,10.97173,1.7590684,83.79903,10.522423
320900,2017,0.0,1.450254,0,17.743937,0.84056097,2.3328,11.071,2.0784509,75.49274,10.301156
320900,2018,0.0,1.310509,0,17.820492,0.89077216,2.347,11.17614,2.2049346,77.64,10.280382
320900,2019,0.0,1.207661,0,17.858913,1.0296527,2.3667,11.3478,2.2911749,82.14251,10.287661
320900,2020,0.0,4.795865,0,17.901991,1.1670032,2.3781,11.40453,2.4333825,88.67815,10.353289
320900,2021,0.0,1.375199,0,18.007738,1.2148376,2.372,11.52874,2.3351486,92.62936,10.349903
320900,2022,0.0,0.9769009,0,18.075369,1.3540919,2.362,11.63921,2.4134095,128.2585,10.355328
320900,2023,0.0,1.073759,0,18.120115,1.5574411,2.376148,11.73869,2.5443227,18.16962,10.353512
320900,2024,0.0,0.9219157,0,18.169523,1.71568,2.395368,11.82916,2.2919624,9.105305,10.362905
321000,2009,0.0,0.9714255,0,16.736732,0.65328103,2.2824,10.32901,1.2414732,165.7106,9.5794182
321000,2010,0.0,0.8586644,0,16.919868,0.66654903,2.3038,10.4754,1.2020178,168.8905,9.5945816
321000,2011,0.0,0.8685285,0,17.085194,0.65316653,2.317,10.60372,1.2122676,169.0502,9.6343651
321000,2012,0.0,0.963089,0,17.194189,0.68406415,2.3303,10.77472,1.2657958,182.9058,9.671114
321000,2013,0.0,0.995672,0,17.297369,0.72012341,2.3412,10.87158,1.2314922,177.7229,9.7441397
321000,2014,0.0,1.324084,0,17.425863,0.73890853,2.3673,10.95328,1.2457232,175.4932,9.768527
321000,2015,0.0,1.466191,0,17.508591,0.77069724,2.3787,11.06493,1.3148626,176.852,9.7905426
321000,2016,0.0,1.361991,0,17.610861,0.78845441,2.3931,11.12153,1.3871126,174.1342,9.8212461
321000,2017,1.0,1.619761,1,17.740435,0.79127699,2.4066,11.17973,1.5854906,164.3891,9.6964636
321000,2018,1.0,1.792266,1,17.816673,0.84712064,2.4201,11.23844,1.6568545,172.0196,9.7479439
321000,2019,1.0,1.520941,1,17.884537,0.91877842,2.4252,11.31248,1.8612185,190.2932,9.7862797
321000,2020,1.0,3.314125,1,17.917824,1.0383183,2.4378,11.38366,1.9814876,218.2464,9.8472347
321000,2021,1.0,1.671527,1,18.019606,1.0640124,2.4262,11.47993,1.9903735,237.7544,9.8845081
321000,2022,1.0,2.003147,1,18.078894,1.1422508,2.4196,11.56774,2.1480439,251.6116,9.9096184
321000,2023,1.0,1.987207,1,18.122679,1.3146541,2.436396,11.64845,2.0463142,263.5946,9.9060345
321000,2024,1.0,1.404795,1,18.1735,1.4053805,2.443383,11.72314,2.0176053,275.7954,9.9722204
321100,2009,0.0,0.871906,0,16.632162,0.76948822,2.3285,10.44014,1.1944082,321.0204,9.0337229
321100,2010,0.0,2.678291,0,16.805044,0.78653085,2.3542,10.53676,1.1518177,319.5782,9.0688925
321100,2011,0.0,1.181133,0,16.955971,0.77329135,2.3623,10.66103,1.1154432,323.6962,9.2254257
321100,2012,0.0,1.08434,0,17.085239,0.78819829,2.3723,10.77111,1.0917319,303.4083,9.3490582
321100,2013,0.0,1.091133,0,17.192169,0.80770433,2.3825,10.91055,1.124593,305.5629,9.445096
321100,2014,0.0,1.420617,0,17.297501,0.82394385,2.4239,10.97918,1.1226974,309.4965,9.4530516
321100,2015,0.0,1.280819,0,17.371567,0.85156727,2.4311,11.0567,1.1514941,314.1311,9.4248066
321100,2016,0.0,1.715993,0,17.461962,0.89840931,2.4403,11.14003,1.2386608,321.6213,9.4504595
321100,2017,0.0,2.386162,0,17.506977,0.96350855,2.44195,11.22943,1.359777,296.5683,9.2927494
321100,2018,0.0,2.72321,0,17.516813,1.0989136,2.4436,11.28487,1.3545942,309.3727,9.3427715
321100,2019,0.0,2.566482,0,17.535646,1.2804894,2.4465,11.3738,1.519472,370.8704,9.3630619
321100,2020,0.0,4.370558,0,17.55793,1.4467809,2.4574,11.44174,1.6003516,346.9405,9.4316425
321100,2021,0.0,2.842873,0,17.678974,1.4609004,2.4478,11.50536,1.6574155,410.6119,9.4752398
321100,2022,0.0,2.187041,0,17.730928,1.5788381,2.442,11.56517,1.7618481,438.4569,9.514142
321100,2023,0.0,2.346353,0,17.778986,1.7127013,2.460037,11.6216,1.6649128,465.9474,9.5595169
321100,2024,0.0,2.06,0,17.83009,1.7966212,2.478571,11.67502,1.7193171,493.6453,9.6118641
321200,2009,0.0,0.6626255,0,16.625467,0.69863254,2.2712,10.30224,1.247463,86.94591,9.5384207
321200,2010,0.0,0.6757159,0,16.83531,0.71297544,2.3022,10.44843,1.2630144,93.15961,9.5210552
321200,2011,0.0,0.663242,0,17.002941,0.71218258,2.3154,10.55389,1.2019229,93.75271,9.5982523
321200,2012,0.0,0.6463073,0,17.111965,0.7432341,2.327,10.6685,1.2879666,95.79186,9.7420273
321200,2013,0.0,0.8125049,0,17.219009,0.77962893,2.3395,10.75347,1.3682396,96.66995,9.8333874
321200,2014,0.0,0.8221042,0,17.333273,0.81625509,2.3725,10.88555,1.3355185,96.96165,9.880168
321200,2015,0.0,0.8628138,0,17.423153,0.87531704,2.3904,10.96602,1.3580364,110.6862,9.9181299
321200,2016,0.0,1.019409,0,17.529516,0.89151412,2.4115,11.01976,1.397752,116.5374,9.9926424
321200,2017,1.0,1.527881,1,17.675089,0.8797186,2.41255,11.08994,1.3823473,122.2733,9.793952
321200,2018,1.0,1.73664,1,17.748831,0.93664545,2.4136,11.16833,1.4905629,126.0696,9.9160585
321200,2019,1.0,1.763772,1,17.753786,1.0776798,2.3942,11.28847,1.6250718,131.3233,9.9786882
321200,2020,1.0,6.706883,1,17.788252,1.2017877,2.4064,11.36145,1.6725237,138.5151,10.004825
321200,2021,1.0,1.91432,1,17.914013,1.2286423,2.4107,11.62239,1.5891612,166.7647,9.9670725
321200,2022,1.0,1.325943,1,17.974707,1.3400574,2.4023,11.82914,1.6893569,150.8443,10.024509
321200,2023,1.0,1.713106,1,18.024967,1.5178092,2.413512,11.94549,1.5861109,160.1532,10.039067
321200,2024,1.0,1.467071,1,18.067001,1.6398832,2.42563,11.94549,1.5360216,169.6569,10.060449
321300,2009,0.0,1.028228,0,15.927967,0.56370246,2.1507,10.07794,2.062149,37.27895,9.3821068
321300,2010,0.0,1.121714,0,16.180216,0.587928,2.1981,10.22603,1.879585,29.23958,9.4942408
321300,2011,0.0,1.29456,0,16.396355,0.57539588,2.2172,10.37335,1.8287714,31.66457,9.6285896
321300,2012,0.0,1.586793,0,16.538141,0.65889794,2.231,10.48855,1.7226957,30.56934,9.6919641
321300,2013,0.0,1.846006,0,16.652409,0.751396,2.2466,10.67463,1.6809126,30.64325,9.8496122
321300,2014,0.0,1.459015,0,16.775969,0.76815122,2.2614,10.76623,1.6449025,30.3358,9.9103642
321300,2015,0.0,1.040203,0,16.872427,0.79800236,2.2721,10.86209,1.7218144,31.11482,10.051391
321300,2016,0.0,1.193547,0,16.972988,0.83380425,2.2812,10.93032,1.7833081,33.53378,10.137215
321300,2017,0.0,1.44313,0,17.077806,0.85158914,2.29875,10.99776,2.1144702,35.50592,10.207289
321300,2018,0.0,1.768866,0,17.129959,0.93197805,2.3163,11.0835,2.1025336,35.26734,10.24381
321300,2019,0.0,2.067922,0,17.249176,0.99510163,2.3633,11.19097,2.3788335,39.40372,10.280348
321300,2020,0.0,3.192713,0,17.300436,1.156945,2.3719,11.27336,2.6651094,47.99493,10.334653
321300,2021,0.0,2.511269,0,17.431551,1.1952477,2.3765,11.35157,2.183172,50.84264,10.386099
321300,2022,0.0,1.55381,0,17.532005,1.2491778,2.3694,11.42411,2.287935,56.77041,10.408949
321300,2023,1.0,1.945026,1,17.599245,1.367251,2.381331,11.49173,2.1252663,59.42735,10.410847
321300,2024,1.0,1.542509,1,17.687128,1.4221314,2.403873,11.55507,2.1381106,62.11168,10.438313
330100,2009,0.0,1.18069,0,17.744892,2.5775263,2.4557,10.69073,1.0132369,576.6733,10.458292
330100,2010,0.0,1.257154,0,17.901346,0.83893567,2.4519,10.79491,1.0132369,630.9656,10.526534
330100,2011,0.0,1.270332,0,18.066725,2.339581,2.4588,10.90427,1.0132369,642.1173,10.606412
330100,2012,0.0,1.157131,0,18.172476,2.2065902,2.4767,10.94054,1.0132369,655.5046,10.709473
330100,2013,0.0,1.466516,0,18.23958,2.2052481,2.4975,11.08296,1.0132369,667.7328,10.765322
330100,2014,1.0,1.631377,1,18.337969,2.2111459,2.5227,11.16794,1.0132369,663.1741,10.847432
330100,2015,1.0,1.906517,1,18.42569,2.2283409,2.5537,11.2621,1.0132369,657.2566,10.984987
330100,2016,1.0,2.333736,1,18.544111,2.2507915,2.582,11.37542,1.0132369,581.4918,11.075304
330100,2017,1.0,2.705637,1,18.65206,2.2671437,2.5992,11.47906,1.0132369,564.6804,11.158918
330100,2018,1.0,3.138217,1,18.721462,2.6557968,2.6164,11.57786,1.0132369,558.0943,11.22772
330100,2019,1.0,3.629711,1,18.850708,2.6824584,2.6405,11.69781,1.0132369,561.8654,11.289245
330100,2020,1.0,2.999853,1,18.897287,3.0538063,2.66,11.79198,1.0132369,571.7338,11.341556
330100,2021,1.0,3.345605,1,19.014505,3.0736916,2.6601,11.92584,1.0132369,700.8503,11.355979
330100,2022,1.0,3.114309,1,19.04945,3.2956305,2.6635,11.94549,1.0373285,591.6765,11.384523
330100,2023,1.0,4.293399,1,19.116774,3.4054465,2.567553,11.94549,1.0132369,598.7241,11.463945
330100,2024,1.0,3.331481,1,19.202755,3.3290718,2.6962,11.94549,1.0189444,605.5775,11.475088
330200,2009,0.0,1.284701,0,17.583502,1.7822517,2.3696,10.57484,1.1693125,236.5907,10.0364
330200,2010,0.0,1.488886,0,17.759613,0.6415202,2.3589,10.67997,1.1314998,245.2933,10.098931
330200,2011,0.0,1.61662,0,17.91968,1.7620759,2.363,10.81489,1.1416923,250.5621,10.105489
330200,2012,0.0,1.516998,0,18.002466,1.7167979,2.3841,10.93766,1.141893,251.615,10.177742
330200,2013,0.0,1.836522,0,18.082249,1.752491,2.3978,11.05329,1.1855253,256.7287,10.241851
330200,2014,0.0,1.966547,0,18.147596,1.7884499,2.4043,11.1595,1.1629603,258.4001,10.297285
330200,2015,0.0,1.974274,0,18.197989,1.8700217,2.4168,11.2251,1.2446623,265.5557,10.364072
330200,2016,0.0,2.233283,0,18.279865,1.8196943,2.4175,11.33447,1.1567634,262.511,10.416671
330200,2017,0.0,2.750452,0,18.40476,1.7400104,2.424,11.42633,1.132754,261.4908,10.438079
330200,2018,0.0,2.855456,0,18.492579,1.7999327,2.4305,11.53591,1.1554074,248.4312,10.479848
330200,2019,0.0,3.051398,0,18.601751,1.81679,2.4637,11.61619,1.2038685,257.3273,10.528195
330200,2020,0.0,3.185971,0,18.636518,2.0188553,2.4865,11.61986,1.1530566,274.5677,10.556334
330200,2021,0.0,3.64055,0,18.798775,1.9536251,2.4718,11.75203,1.1284151,281.7443,10.588754
330200,2022,0.0,2.97066,0,18.872011,2.0617216,2.4793,11.86875,1.3020909,288.7488,10.631592
330200,2023,1.0,3.081747,1,18.918604,2.2888498,2.394078,11.94549,1.2515532,298.8798,10.709785
330200,2024,1.0,2.564689,1,19.016657,2.3296356,2.515925,11.94549,1.2456901,308.9139,10.723927
330300,2009,0.0,1.111281,0,17.045265,1.7752526,2.4164,10.43093,1.2858036,95.28693,9.9223089
330300,2010,0.0,1.259049,0,17.191404,1.8860176,2.4117,10.5349,1.3601161,94.74072,9.9997969
330300,2011,0.0,1.292823,0,17.347307,1.8706745,2.422,10.65358,1.3676347,93.96167,10.010008
330300,2012,0.0,1.506111,0,17.418064,1.8640038,2.4328,10.7834,1.3388481,95.65984,10.144746
330300,2013,1.0,1.737996,1,17.505356,1.7713703,2.439,10.92711,1.3518211,98.06491,10.280725
330300,2014,1.0,1.630478,1,17.577419,1.6787256,2.4735,11.00044,1.3870806,100.2974,10.337346
330300,2015,1.0,1.556933,1,17.648073,1.6299348,2.5061,11.07306,1.4127185,103.2901,10.46829
330300,2016,1.0,1.886369,1,17.747643,1.5703974,2.5343,11.15724,1.5157725,105.4719,10.465557
330300,2017,1.0,1.846327,1,17.806635,1.5899471,2.54545,11.23692,1.6366394,107.4909,10.500317
330300,2018,1.0,2.049071,1,17.910881,1.6600451,2.5566,11.32463,1.5963737,107.1291,10.5298
330300,2019,1.0,2.273654,1,18.006075,1.7453156,2.5286,11.41506,1.8724996,125.3582,10.553545
330300,2020,1.0,2.983808,1,18.045404,1.9742874,2.5412,11.48014,1.7063128,145.0258,10.563026
330300,2021,1.0,2.941633,1,18.144268,2.0771801,2.5355,11.63366,1.6223969,153.1008,10.61002
330300,2022,1.0,2.27893,1,18.201281,2.2453427,2.5348,11.76671,1.9826366,163.2849,10.645306
330300,2023,1.0,2.828773,1,18.284975,2.3837583,2.410461,11.88412,1.8885059,168.2551,10.694895
330300,2024,1.0,2.512843,1,18.392178,2.31037,2.592757,11.94549,1.8616339,173.2374,10.71119
330400,2009,0.0,1.2399,0,16.769394,1.188017,2.3078,10.37234,1.1369729,114.6408,9.4604759
330400,2010,0.0,1.241042,0,16.951094,1.197129,2.3072,10.50005,1.1257346,153.2523,9.5513029
330400,2011,0.0,1.270533,0,17.102825,1.2000875,2.3189,10.66862,1.0627754,165.6106,9.6457529
330400,2012,0.0,1.279187,0,17.17955,1.1829926,2.3406,10.78579,1.0132369,176.3512,9.7390251
330400,2013,0.0,1.686586,0,17.264755,1.2263143,2.3526,10.8961,1.0745782,184.2469,9.8199968
330400,2014,0.0,1.733036,0,17.327833,1.3103735,2.3726,11.00725,1.0906488,188.8021,9.9029369
330400,2015,0.0,1.91184,0,17.375933,1.3412747,2.3949,11.12268,1.2106155,150.8327,10.005503
330400,2016,0.0,2.359602,0,17.469309,1.342589,2.4087,11.2096,1.1398653,185.9119,10.055479
330400,2017,0.0,2.68014,0,17.595263,1.3637421,2.4114,11.3258,1.114712,194.25,10.000795
330400,2018,0.0,2.717028,0,17.701597,1.3897195,2.4141,11.41136,1.1355989,196.4194,10.045421
330400,2019,0.0,2.813324,0,17.798923,1.4905832,2.4166,11.49034,1.3556527,198.8049,10.075085
330400,2020,0.0,3.753478,0,17.824659,1.8196292,2.4358,11.58631,1.1893504,207.3478,10.094356
330400,2021,0.0,3.363387,0,17.967337,1.8987736,2.4155,11.67125,1.1762335,212.3629,10.12551
330400,2022,0.0,2.687307,0,18.026007,2.0920589,2.4053,11.74955,1.3876629,216.1147,10.142701
330400,2023,0.0,3.124127,0,18.072824,2.3142738,2.361365,11.82215,1.3084837,218.2937,10.183617
330400,2024,0.0,2.674646,0,18.142288,2.3612311,2.465109,11.88984,1.3088843,220.4383,10.207215
330500,2009,0.0,1.202994,0,16.215065,1.0443681,2.2858,10.42945,1.3561978,94.18142,9.1381998
330500,2010,0.0,1.093276,0,16.38179,1.1226006,2.2908,10.50467,1.3069475,95.26886,9.1735725
330500,2011,0.0,0.9178476,0,16.536842,1.1263866,2.3091,10.62393,1.2424992,97.0088,9.2434845
330500,2012,0.0,0.9489289,0,16.627502,1.1129466,2.32,10.74269,1.2089977,100.0497,9.3040133
330500,2013,0.0,1.2264,0,16.70763,1.1898228,2.3319,10.852,1.0830377,101.6114,9.3668308
330500,2014,0.0,1.18279,0,16.788996,1.1886261,2.3662,10.94104,1.3379827,102.3048,9.361515
330500,2015,0.0,1.358159,0,16.852512,1.2041808,2.39,11.02192,1.4308625,122.1,9.4920549
330500,2016,0.0,1.633736,0,16.944187,1.1996104,2.4071,11.08293,1.3666919,100.634,9.4600086
330500,2017,0.0,2.170564,0,17.024792,1.3193252,2.42235,11.18906,1.3688961,99.18421,9.544095
330500,2018,0.0,2.215094,0,17.118385,1.4238455,2.4376,11.30979,1.3847051,100.9026,9.5176783
330500,2019,0.0,2.614403,0,17.256569,1.5433899,2.4038,11.40346,1.4770947,107.5896,9.7365475
330500,2020,0.0,3.790168,0,17.281559,1.8505055,2.4165,11.48884,1.4393512,125.7728,9.7306805
330500,2021,0.0,3.573123,0,17.411451,1.9714801,2.4068,11.57794,1.2683678,139.052,9.8450632
330500,2022,0.0,2.882677,0,17.466169,2.2817702,2.4055,11.65976,1.5541588,145.2305,9.854455
330500,2023,0.0,3.150297,0,17.508133,2.6236136,2.42804,11.73538,1.4786246,152.9145,9.9222107
330500,2024,0.0,2.493309,0,17.556271,2.8640075,2.447187,11.80569,1.4376736,160.5985,9.9587326
330600,2009,0.0,1.010623,0,16.983419,1.415872,2.3223,10.38911,1.0567571,120.8434,9.5854836
330600,2010,0.0,1.006881,0,17.146,0.69609261,2.3325,10.46665,1.1486142,122.7336,9.6556673
330600,2011,0.0,1.139227,0,17.321667,1.3394631,2.346,10.59183,1.0568126,128.3068,9.7186031
330600,2012,0.0,1.083712,0,17.413927,1.3503368,2.362,10.728,1.0487361,135.5672,9.8255796
330600,2013,0.0,1.507539,0,17.496178,1.3731886,2.3725,10.82734,1.0649519,175.5309,9.8959589
330600,2014,0.0,1.491806,0,17.568745,1.3651086,2.3901,10.91079,1.0919505,181.3725,9.9429007
330600,2015,0.0,1.604568,0,17.61458,1.3316745,2.4065,10.98067,1.1612545,189.1878,10.050138
330600,2016,0.0,1.645416,0,17.684423,1.2760775,2.4127,11.02507,1.1685748,202.8697,10.135591
330600,2017,0.0,2.100314,0,17.743086,1.3147448,2.42905,11.11972,1.0891848,218.2623,9.9637356
330600,2018,0.0,2.068255,0,17.807619,1.3787075,2.4454,11.23023,1.1103193,222.0805,9.9828072
330600,2019,0.0,2.158393,0,17.872673,1.4750936,2.4484,11.30025,1.2129189,232.6607,9.9988432
330600,2020,0.0,3.513251,0,17.910021,1.6823252,2.4751,11.36021,1.2274915,260.8804,10.089801
330600,2021,0.0,3.015033,0,18.034283,1.7179664,2.4581,11.50644,1.1833323,284.9575,10.146551
330600,2022,0.0,2.286525,0,18.112932,1.8786727,2.4443,11.634,1.4902297,297.8677,10.183427
330600,2023,0.0,2.578067,0,18.171064,2.1099856,2.422384,11.74711,1.3453908,306.0135,10.241744
330600,2024,0.0,2.213581,0,18.24263,2.1374223,2.462421,11.84872,1.4095194,314.196,10.284728
330700,2009,0.0,1.496894,0,16.692495,1.4134318,2.3789,10.45647,1.279128,162.6747,9.5573282
330700,2010,0.0,1.763377,0,16.864805,1.4674926,2.3829,10.58327,1.3565311,164.4337,9.6560516
330700,2011,0.0,2.045086,0,17.017471,1.4966536,2.3908,10.66579,1.2654467,165.0053,9.7212458
330700,2012,0.0,1.753485,0,17.115328,1.5620412,2.4047,10.76212,1.2655524,167.5414,9.86131
330700,2013,0.0,2.117385,0,17.202871,1.7039895,2.4166,10.91925,1.3290139,171.6962,9.9839611
330700,2014,0.0,2.293643,0,17.283806,1.7602319,2.4437,10.92964,1.3124125,182.5405,10.049923
330700,2015,0.0,2.490054,0,17.34256,1.7757245,2.4617,11.10919,1.4995058,73.15778,10.141401
330700,2016,0.0,2.996299,0,17.422348,1.6736777,2.4737,11.19769,1.6039536,71.86279,10.200996
330700,2017,0.0,3.425206,0,17.465811,1.7360926,2.4909,11.3169,1.5003484,155.0988,10.196679
330700,2018,0.0,4.216646,0,17.529139,1.7914042,2.5081,11.39261,1.4619651,158.4458,10.285002
330700,2019,0.0,5.290711,0,17.635418,1.8375382,2.534,11.4146,1.6151906,165.3211,10.319068
330700,2020,0.0,6.00229,0,17.66651,2.1150739,2.5476,11.47822,1.6619277,212.0527,10.337961
330700,2021,0.0,6.706883,0,17.796125,2.1518161,2.5315,11.62396,1.6075007,213.097,10.358315
330700,2022,0.0,5.56992,0,17.834053,2.4475598,2.5232,11.75113,1.6975856,215.163,10.384894
330700,2023,0.0,6.706883,0,17.911686,2.6436286,2.365882,11.86394,1.613699,222.9339,10.453515
330700,2024,0.0,6.706883,0,18.053377,2.5822172,2.578256,11.94549,1.6737394,230.6427,10.482626
330800,2009,0.0,0.8124149,0,15.650569,1.0006839,2.2817,10.57371,2.5201905,40.76683,8.7975483
330800,2010,0.0,0.6957889,0,15.837697,1.0433389,2.2802,10.69317,2.2795031,40.65037,8.7798653
330800,2011,0.0,0.6721298,0,16.034302,1.0161866,2.2787,10.82072,2.1788359,43.21852,8.891099
330800,2012,0.0,0.6376978,0,16.089949,1.0947576,2.3049,10.90972,2.1902142,46.23022,8.9885712
330800,2013,0.0,0.8369788,0,16.173124,1.1707835,2.3167,10.996,2.2749407,50.893,9.0856838
330800,2014,0.0,0.7149785,0,16.227037,1.304336,2.3506,11.08331,2.3895752,53.43762,9.1844072
330800,2015,0.0,0.8298229,0,16.254488,1.382053,2.386,11.23119,2.4535515,53.36219,9.2979851
330800,2016,0.0,1.067354,0,16.342508,1.3202822,2.4079,11.35659,2.6140463,52.61868,9.388319
330800,2017,0.0,1.251589,0,16.404228,1.4437172,2.42385,11.48085,2.6999922,62.10078,9.360569
330800,2018,0.0,1.372558,0,16.503754,1.5232844,2.4398,11.56924,2.7787151,55.86434,9.4391479
330800,2019,0.0,1.678101,0,16.571716,1.6230958,2.4757,11.68061,3.2744172,63.60078,9.5002451
330800,2020,0.0,1.775447,0,16.612183,1.8487703,2.4851,11.7329,3.2621305,65.56809,9.5218611
330800,2021,0.0,1.708555,0,16.747238,1.9002649,2.4734,11.79674,3.1602941,65.80469,9.5446672
330800,2022,0.0,1.422353,0,16.812742,2.1300089,2.4707,11.85675,3.2796018,60.54902,9.6144047
330800,2023,0.0,1.852441,0,16.871868,2.3731327,2.476173,11.91336,2.969919,76.87402,9.6314821
330800,2024,0.0,1.400711,0,16.934788,2.4871864,2.506849,11.94549,3.0777824,93.32806,9.6346273
330900,2009,0.0,0.9915263,0,15.493049,1.5955926,2.3514,10.61078,1.6962192,231.363,8.2308435
330900,2010,0.0,0.9104062,0,15.678532,0.63757437,2.3522,10.68363,1.7206912,230.7223,8.308692
330900,2011,0.0,0.9561856,0,15.8603,1.5045662,2.3514,10.87627,1.9363713,236.433,8.3049898
330900,2012,0.0,0.9638889,0,15.959307,1.4503694,2.3564,10.95573,1.8141433,236.5124,8.4255161
330900,2013,0.0,1.089209,0,16.046438,1.4012692,2.352,11.05571,2.0493371,239.4758,8.4383659
330900,2014,0.0,1.25559,0,16.133238,1.3947498,2.3823,11.14139,1.8628969,233.1385,8.5271435
330900,2015,0.0,1.272288,0,16.206881,1.3344827,2.3854,11.22146,2.1260455,241.0435,8.6125031
330900,2016,0.0,1.659897,0,16.334173,1.1956265,2.3849,11.29366,2.0822117,252.7938,8.5111752
330900,2017,0.0,1.874124,0,16.316767,1.3885179,2.42135,11.44055,2.0562608,227.4124,8.5283308
330900,2018,0.0,2.551753,0,16.393223,1.5217423,2.4578,11.49674,2.1125915,237.4433,8.6478701
330900,2019,0.0,2.596289,0,16.434364,1.7681725,2.4391,11.57535,2.0880866,253.4536,8.63622
330900,2020,0.0,2.728601,0,16.531528,1.7878644,2.4074,11.59446,1.9641073,260.7461,8.7049999
330900,2021,0.0,2.971146,0,16.651073,1.8883475,2.3709,11.72549,1.8600448,288.9063,8.65382
330900,2022,0.0,2.346526,0,16.786438,1.8889165,2.3378,11.84133,2.2688425,275.6,8.682538
330900,2023,0.0,2.580851,0,16.86051,2.0065084,2.331206,11.94513,1.9456457,282.6277,8.722743
330900,2024,0.0,2.541828,0,16.918303,2.1024435,2.368161,11.94549,1.8499793,289.8065,8.7601395
331000,2009,0.0,0.9372829,0,16.831268,1.2340697,2.352,10.51382,1.2935517,50.41576,9.6264153
331000,2010,0.0,0.9058716,0,17.004526,1.2593778,2.3506,10.61065,1.3510015,51.01519,9.6858292
331000,2011,0.0,1.061247,0,17.1313,1.2600728,2.3577,10.65013,1.3268915,52.71473,9.6819057
331000,2012,0.0,0.9164636,0,17.186682,1.2997707,2.3744,10.75812,1.3062471,52.67682,9.7874594
331000,2013,0.0,1.180623,0,17.266558,1.3763969,2.3839,10.83162,1.3281579,53.90236,9.8539295
331000,2014,0.0,1.247563,0,17.338152,1.4501586,2.4065,10.91216,1.400655,54.64914,9.9680576
331000,2015,0.0,1.054461,0,17.386127,1.5278068,2.4294,10.95457,1.5341759,56.18002,10.074201
331000,2016,0.0,1.477483,0,17.478729,1.4771544,2.4346,11.07931,1.4984688,57.00834,10.152533
331000,2017,0.0,1.86144,0,17.597019,1.4508567,2.4391,11.16797,1.4731177,57.49669,10.124829
331000,2018,0.0,1.77605,0,17.702148,1.4952345,2.4436,11.26029,1.5162008,58.20826,10.1991
331000,2019,0.0,1.935947,0,17.753981,1.6565355,2.4344,11.35718,1.7567466,61.53048,10.231423
331000,2020,0.0,3.032795,0,17.778797,1.8682216,2.4512,11.42198,1.7449509,65.87799,10.250122
331000,2021,0.0,2.45698,0,17.873537,2.0053661,2.4555,11.54462,1.6134201,69.89439,10.250935
331000,2022,0.0,1.935041,0,17.916666,2.2693119,2.4539,11.65384,1.8943405,73.95702,10.321967
331000,2023,0.0,2.488957,0,17.949236,2.5508995,2.442742,11.7523,1.6925832,129.543,10.389856
331000,2024,0.0,2.320945,0,18.013615,2.6965814,2.460637,11.84193,1.68045,185.3134,10.402261
331100,2009,0.0,0.7631997,0,15.513963,1.2300899,2.3074,10.62476,3.0162375,133.6571,8.7817087
331100,2010,0.0,0.7552475,0,15.707558,1.2384522,2.3148,10.71388,3.0084019,137.046,8.8815584
331100,2011,0.0,0.7856347,0,15.892721,1.2014157,2.3147,10.80102,2.6896429,145.6387,9.0388403
331100,2012,0.0,0.9135567,0,16.006163,1.2314488,2.3197,10.94392,2.5992191,145.1409,9.063695
331100,2013,0.0,1.438045,0,16.101028,1.3089566,2.3214,11.00888,2.6509836,150.6252,9.1965456
331100,2014,0.0,1.108054,0,16.168552,1.3353859,2.3509,11.09894,2.6838012,149.5596,9.2802391
331100,2015,0.0,1.294654,0,16.216394,1.3521441,2.3777,11.25465,2.9556315,141.2043,9.3617735
331100,2016,0.0,1.240858,0,16.308916,1.2753214,2.393,11.35109,3.2990465,137.0298,9.4240799
331100,2017,0.0,1.364944,0,16.341974,1.3766365,2.42185,11.43584,3.3536036,78.23792,9.3961554
331100,2018,0.0,1.528185,0,16.45075,1.3783767,2.4507,11.545,3.322953,77.80741,9.4206009
331100,2019,0.0,2.150627,0,16.508108,1.5117444,2.4769,11.61616,3.765276,77.31365,9.4801388
331100,2020,0.0,2.465065,0,16.549877,1.7946223,2.5032,11.65774,3.6640708,81.03512,9.4739342
331100,2021,0.0,2.348037,0,16.654589,1.916782,2.5011,11.80794,3.328089,129.6037,9.517457
331100,2022,0.0,1.848067,0,16.722958,2.1515374,2.4858,11.9385,3.5531621,155.2342,9.5577526
331100,2023,0.0,2.273918,0,16.793079,2.4011347,2.50616,11.94549,3.5132186,186.0634,9.616272
331100,2024,0.0,2.066741,0,16.897879,2.5145664,2.526823,11.94549,3.3648489,217.1236,9.6589928
340100,2009,0.0,1.200395,0,16.861042,1.6614341,2.3707,10.43833,1.3590969,716.4622,10.118317
340100,2010,0.0,1.103122,0,17.111944,1.559842,2.3626,10.57875,1.2246764,752.7548,10.121418
340100,2011,0.0,0.8067838,0,17.409145,1.4455605,2.3351,10.7242,1.4028764,579.9561,10.401563
340100,2012,0.0,0.8506404,0,17.544653,1.473469,2.3365,10.83415,1.4688063,587.202,10.483829
340100,2013,0.0,1.00156,0,17.659878,1.5097646,2.3413,10.90063,1.4382545,623.1918,10.538449
340100,2014,1.0,1.211111,1,17.763008,1.5769801,2.3501,10.99622,1.3966249,697.6782,10.607698
340100,2015,1.0,1.302137,1,17.851566,1.7024927,2.381,11.09447,1.3518901,734.4146,10.648111
340100,2016,1.0,1.681356,1,17.954571,1.8409164,2.4068,11.1712,1.3984733,684.2672,10.689214
340100,2017,1.0,2.245518,1,18.064442,1.837122,2.43715,11.25783,1.4717772,676.9085,10.662118
340100,2018,1.0,2.650528,1,18.175152,1.7444525,2.4675,11.39664,1.4104272,655.8456,10.779831
340100,2019,1.0,3.143416,1,18.359762,1.626888,2.575,11.46327,1.5049287,696.4182,10.864465
340100,2020,1.0,2.968177,1,18.42527,1.7597708,2.5776,11.55998,1.5262086,750.0576,10.989876
340100,2021,1.0,4.100113,1,18.552849,1.7468649,2.5732,11.62332,1.4495337,821.3809,11.002533
340100,2022,1.0,3.29555,1,18.604086,1.931824,2.571,11.68289,1.5179241,1120.095,11.054313
340100,2023,1.0,4.07487,1,18.657648,2.1693883,2.574189,11.7391,1.5181746,1069.0,11.158605
340100,2024,1.0,3.851499,1,18.721378,2.2743549,2.581883,11.79233,1.6555893,1018.784,11.119542
340200,2009,0.0,0.9471534,0,16.014954,0.89227712,2.2808,10.3784,1.5627505,539.7479,9.0788641
340200,2010,0.0,1.094248,0,16.221188,0.93221694,2.2594,10.50763,1.522915,585.7908,9.2097406
340200,2011,0.0,0.6595744,0,16.623854,0.84179872,2.2121,10.64415,1.7016269,365.0156,9.4794512
340200,2012,0.0,0.6518779,0,16.745975,0.90454072,2.2157,10.77269,1.6497171,384.3636,9.5218611
340200,2013,0.0,0.6216645,0,16.859808,0.90763265,2.2162,10.71023,1.493664,401.6931,9.5291576
340200,2014,1.0,0.7008322,1,16.955149,0.93833929,2.2587,10.90636,1.4855057,328.8817,9.724122
340200,2015,1.0,0.8449544,1,17.017168,1.013935,2.3302,10.95731,1.4942062,338.317,9.797349
340200,2016,1.0,1.160206,1,17.111139,1.0535398,2.346,11.02492,1.370665,425.5515,9.824769
340200,2017,1.0,1.254433,1,17.204391,1.0805746,2.37165,11.1107,1.4886092,429.634,9.7836332
340200,2018,1.0,1.25599,1,17.30549,1.0395205,2.3973,11.17555,1.4367192,343.6298,9.8054886
340200,2019,1.0,2.839128,1,17.404016,1.0380892,2.4337,11.27924,1.5614942,359.9,9.8315077
340200,2020,1.0,2.398098,1,17.440651,1.0906358,2.4377,11.33372,1.4655379,493.8046,10.052339
340200,2021,1.0,2.285748,1,17.577408,1.0932198,2.4448,11.44266,1.3939502,424.8686,10.071963
340200,2022,1.0,1.648889,1,17.622618,1.1723896,2.4458,11.5409,1.4999396,432.571,10.07828
340200,2023,1.0,2.433238,1,17.674343,1.280432,2.462744,11.63034,1.4946809,407.6684,10.051434
340200,2024,1.0,1.012571,1,17.751249,1.3337926,2.477981,11.71244,1.4806503,382.6364,10.051304
340300,2009,0.0,0.5926686,0,15.487147,0.63077939,2.1632,10.14691,2.7657309,144.3212,9.3281231
340300,2010,0.0,0.4849405,0,15.666934,0.60751683,2.1507,10.26489,2.490407,148.7894,9.4106655
340300,2011,0.0,0.4498769,0,15.869941,0.61608469,2.1367,10.40605,2.3026614,141.554,9.4805202
340300,2012,0.0,0.5577488,0,16.001804,0.70964938,2.1433,10.55704,2.0999582,159.6275,9.5628967
340300,2013,0.0,0.6794053,0,16.125919,0.80386835,2.1463,10.65571,2.0626967,172.4768,9.6390657
340300,2014,0.0,0.6277014,0,16.258896,0.5755946,2.1709,10.72259,1.9798218,164.4651,9.6696625
340300,2015,0.0,0.6745317,0,16.343679,0.95087647,2.2194,10.84244,2.0447602,163.7226,9.7609444
340300,2016,0.0,0.7695789,0,16.444389,1.0103322,2.2716,10.93337,2.0022118,161.2947,9.7876272
340300,2017,0.0,0.8830971,0,16.556776,1.0096281,2.2923,11.02739,2.1104357,159.8084,9.6348886
340300,2018,0.0,0.9797916,0,16.657309,1.0509111,2.313,11.15674,1.9376996,160.4531,9.746892
340300,2019,0.0,1.112383,0,16.839344,1.0125154,2.3613,11.22904,2.0670934,170.0803,9.8028936
340300,2020,0.0,1.385847,0,16.851904,1.1275797,2.3543,11.29106,2.0566614,178.6934,9.9745512
340300,2021,0.0,1.285788,0,16.805727,1.2964661,2.3878,11.35466,1.9650142,193.5271,10.004644
340300,2022,0.0,1.288475,0,16.817225,1.4771684,2.3835,11.41445,2.0659432,195.4651,10.008883
340300,2023,0.0,1.827003,0,16.867622,1.6470392,2.412287,11.47087,2.0540164,200.3643,10.014627
340300,2024,0.0,1.630646,0,16.95664,1.6921546,2.443104,11.52428,2.144855,205.2636,10.047891
340400,2009,0.0,0.6939222,0,15.442343,1.0053161,2.2079,10.59719,1.8680183,246.2766,9.0853443
340400,2010,0.0,0.6376081,0,15.613168,1.0680825,2.2002,10.73342,1.5637175,257.6007,9.1221647
340400,2011,0.0,0.6263436,0,15.774955,1.0103444,2.1921,10.85727,1.53596,263.5586,9.1891165
340400,2012,0.0,0.5582855,0,15.871877,1.0000765,2.2041,10.96041,1.5104848,274.0648,9.2965183
340400,2013,0.0,0.7403206,0,15.9189,1.0729604,2.218,10.97844,1.5228127,331.6564,9.2818232
340400,2014,0.0,1.077116,0,15.881511,1.135461,2.2498,11.03126,1.9370202,325.3615,9.3275013
340400,2015,0.0,0.5231748,0,16.013937,1.0770874,2.2715,10.99245,1.9848137,203.0022,9.3853855
340400,2016,0.0,0.6319794,0,16.081264,1.2169513,2.2828,10.97752,2.2371643,205.4807,9.6688404
340400,2017,0.0,0.7101795,0,16.176535,1.2193851,2.30055,11.1735,2.3025062,160.6231,9.5211287
340400,2018,0.0,0.9247436,0,16.243235,1.2663794,2.3183,11.3446,2.3265543,153.2692,9.579833
340400,2019,0.0,0.9168031,0,16.377378,1.207671,2.3927,11.42033,2.3954396,166.0614,9.6152058
340400,2020,0.0,0.9449424,0,16.408524,1.2823671,2.3942,11.47907,2.7698209,186.3329,9.6523943
340400,2021,0.0,1.003077,0,16.494474,1.3199689,2.3865,11.59955,2.5329263,209.8333,9.6419926
340400,2022,0.0,0.9690979,0,16.550528,1.4209971,2.3737,11.70707,2.4890919,236.0335,9.731987
340400,2023,0.0,1.317746,0,16.589348,1.6062977,2.398939,11.80414,2.421756,258.5104,9.7579412
340400,2024,0.0,1.150964,0,16.658092,1.6630642,2.424475,11.89261,2.5009537,281.2213,9.6555386
340500,2009,0.0,1.255812,0,15.711466,0.6162051,2.2575,10.55122,1.2564646,310.4735,7.9703951
340500,2010,0.0,1.301317,0,15.908627,0.64500993,2.2349,10.66814,1.2382381,328.4586,8.2814713
340500,2011,0.0,0.6629921,0,16.252785,0.7046541,2.2024,10.73068,1.5189998,201.2642,8.695507
340500,2012,0.0,0.7044659,0,16.326735,0.69576275,2.2193,10.84295,1.4894148,218.3187,8.7471933
340500,2013,0.0,0.7463223,0,16.374908,0.77234888,2.232,10.92047,1.0132369,222.7102,8.8315659
340500,2014,0.0,0.8551937,0,16.405617,0.82763773,2.261,10.98692,1.5072589,238.3671,8.9303617
340500,2015,0.0,0.8901532,0,16.429474,0.86735237,2.317,11.00365,1.0132369,245.895,8.9865713
340500,2016,0.0,0.9617904,0,16.519394,0.89803833,2.3338,11.08307,1.5229288,234.5589,8.9965277
340500,2017,0.0,1.089825,0,16.654642,0.86745209,2.35365,11.18177,1.6457491,234.214,8.9372187
340500,2018,0.0,1.278253,0,16.76943,0.84480083,2.3735,11.31594,1.5001781,245.0873,8.9773989
340500,2019,0.0,1.368734,0,16.865257,0.86923218,2.4213,11.33637,1.5998374,269.7816,9.0594015
340500,2020,0.0,1.358337,0,16.900627,1.0258203,2.4314,11.43486,1.5620064,289.7287,9.362546
340500,2021,0.0,1.482895,0,17.009684,1.0400413,2.4203,11.58293,1.4624608,311.3904,9.3414564
340500,2022,0.0,1.292379,0,17.042751,1.1506422,2.4214,11.71187,1.5512311,334.7709,9.3599663
340500,2023,1.0,1.869602,1,17.070139,1.2946578,2.450549,11.82608,1.5372795,349.5266,9.4234333
340500,2024,1.0,1.594889,1,17.142344,1.3430481,2.483867,11.92857,1.6948911,364.4133,9.4397049
340600,2009,0.0,0.4778176,0,15.128894,0.65070587,2.1942,10.47903,2.4527452,136.3323,9.0623045
340600,2010,0.0,0.5111587,0,15.345048,0.66022068,2.1787,10.66918,2.2276587,137.5114,9.1171284
340600,2011,0.0,0.4892245,0,15.529157,0.73271704,2.1676,10.82118,2.2928119,141.7448,9.1999874
340600,2012,0.0,0.8095282,0,15.640929,0.81966412,2.1729,10.95082,2.0930769,147.2607,9.0843239
340600,2013,0.0,0.7348252,0,15.766641,0.86988908,2.1729,10.86625,2.1452038,154.6154,9.1617804
340600,2014,0.0,0.6790525,0,15.843181,0.87583673,2.2132,10.87207,2.196558,161.3377,9.3032837
340600,2015,0.0,0.7855889,0,15.844172,0.92286515,2.263,10.84146,2.1821795,177.9861,9.3115425
340600,2016,0.0,0.8189401,0,15.893744,0.99557978,2.2823,10.78448,2.4106846,183.4101,9.2698345
340600,2017,0.0,1.025392,0,16.039063,0.93970186,2.3008,11.08653,2.523536,182.2074,9.1314058
340600,2018,0.0,1.175092,0,16.103174,0.95120263,2.3193,11.18645,2.3702466,177.6009,9.1325951
340600,2019,0.0,1.338904,0,16.193203,1.0017529,2.4375,11.27462,2.5169768,201.1781,9.2501383
340600,2020,0.0,1.448265,0,16.230532,1.1425458,2.4397,11.35697,2.2950187,212.9817,9.3175793
340600,2021,0.0,1.943836,0,16.319403,1.1607424,2.4367,11.41687,2.2064686,223.7808,9.1299973
340600,2022,0.0,1.471972,0,16.382765,1.2240857,2.4255,11.47337,2.2057049,215.2615,9.1968498
340600,2023,0.0,1.955023,0,16.429983,1.313494,2.43412,11.52686,2.1653957,222.6037,9.2027111
340600,2024,0.0,1.605556,0,16.458845,1.389565,2.468739,11.57763,2.0383356,230.0139,9.2055292
340700,2009,0.0,1.5767,0,15.050197,0.91026676,2.2689,10.34256,1.4718838,333.5721,8.1833973
340700,2010,0.0,1.359141,0,15.356027,0.83241588,2.2312,10.50893,1.6503299,350.3445,8.1350536
340700,2011,0.0,1.266846,0,15.572351,0.78929621,2.2144,10.6642,1.5579026,382.4663,8.2022085
340700,2012,0.0,1.240701,0,15.642156,0.82858944,2.2276,10.77115,1.5156837,409.0027,8.3277264
340700,2013,0.0,1.356739,0,15.733315,0.84482235,2.2434,10.80091,1.5674632,438.8006,8.4002094
340700,2014,0.0,1.331707,0,15.784453,0.89093184,2.2522,10.90295,1.588771,460.3116,8.5312929
340700,2015,0.0,1.310027,0,16.025541,0.84106612,2.2789,10.94276,1.6587909,483.1707,8.5558367
340700,2016,0.0,0.711345,0,16.074457,0.98682523,2.3026,11.02681,1.8718042,211.924,8.9713211
340700,2017,0.0,0.8116374,0,16.233297,0.86592245,2.31915,11.09656,2.072242,210.9591,8.8065739
340700,2018,0.0,0.8159649,0,16.318878,0.90324551,2.3357,11.2211,2.092315,199.193,8.9638004
340700,2019,0.0,1.052105,0,16.077274,1.2617741,2.4272,11.24257,2.1773114,200.6667,8.9568663
340700,2020,0.0,0.9571764,0,16.122087,1.330706,2.4342,11.35431,2.2321055,223.4118,9.0047913
340700,2021,0.0,0.9559172,0,16.271675,1.2497358,2.4015,11.46355,2.0820537,260.8047,8.9982605
340700,2022,0.0,0.8538095,0,16.308716,1.377341,2.3996,11.56202,1.9354485,279.3333,8.9865713
340700,2023,0.0,1.240898,0,16.325109,1.4923335,2.433892,11.65166,1.9085747,275.0419,8.9865713
340700,2024,0.0,1.063675,0,16.400263,1.5411571,2.419766,11.73392,1.8631617,270.6988,9.0196638
340800,2009,0.0,0.5860395,0,15.857588,0.57139558,2.1607,10.08682,3.3680348,45.71994,9.4770031
340800,2010,0.0,0.4180664,0,16.106134,0.55365777,2.1549,10.23946,3.1998885,59.12901,9.5274115
340800,2011,0.0,0.444545,0,16.313448,0.56553096,2.1492,10.40708,2.9682891,61.39648,9.6033955
340800,2012,0.0,0.3906351,0,16.425362,0.6270622,2.1529,10.55048,2.8694105,65.51257,9.6856422
340800,2013,0.0,0.4766125,0,16.467505,0.75258392,2.1836,10.57975,2.8410547,65.78092,9.744257
340800,2014,0.0,0.4313094,0,16.552677,0.81569403,2.1974,10.69808,2.8343513,67.31197,9.7910461
340800,2015,0.0,0.5046777,0,16.466942,1.0077055,2.2343,10.81581,3.1612899,66.70471,9.8353691
340800,2016,0.0,0.7806049,0,16.544132,0.967502,2.2743,10.87718,2.6341069,75.80907,9.764513
340800,2017,0.0,0.8514878,0,16.653904,0.99797833,2.2835,10.97353,3.0821974,70.57439,9.6505289
340800,2018,0.0,0.9226326,0,16.769163,1.0268515,2.2927,11.13146,3.15467,70.85796,9.7275257
340800,2019,0.0,1.070813,0,16.985617,0.93885922,2.3686,11.18221,3.3835227,80.50661,9.7933941
340800,2020,0.0,1.083943,0,17.021503,1.0592935,2.373,11.283,3.410846,94.54977,9.9853897
340800,2021,0.0,1.099011,0,17.095293,1.1337746,2.3711,11.40962,3.0944378,108.5684,9.9888391
340800,2022,0.0,1.115296,0,17.135859,1.2592897,2.3711,11.52199,3.0391374,116.4245,10.034954
340800,2023,0.0,1.473404,0,17.175192,1.3820651,2.396435,11.62301,2.8330338,117.8673,9.9858971
340800,2024,0.0,1.226112,0,17.267401,1.3436546,2.431559,11.71475,2.844008,119.3269,10.086018
341000,2009,0.0,0.6658815,0,14.797289,0.79081696,2.327,10.20562,2.7931032,95.05383,8.4489145
341000,2010,0.0,0.686052,0,14.944716,0.9084779,2.305,10.33072,2.3705742,102.0061,8.4881763
341000,2011,0.0,0.7388251,0,15.147388,0.92125547,2.3006,10.48944,2.1147778,110.3984,8.5701647
341000,2012,0.0,0.6972166,0,15.2623,0.98090202,2.3091,10.61911,2.2374322,117.3388,8.5714922
341000,2013,0.0,0.7799186,0,15.363704,1.0035185,2.3165,10.67536,2.302458,128.3989,8.6706009
341000,2014,0.0,0.7296547,0,15.439186,1.0375251,2.3229,10.77417,2.1976252,141.8551,8.7544765
341000,2015,0.0,0.904462,0,15.484914,1.0666994,2.3935,10.91758,2.2322562,150.1523,8.7685747
341000,2016,0.0,1.0675,0,15.567866,1.0560328,2.4157,10.99079,2.2564385,152.3987,8.9043589
341000,2017,0.0,1.085473,0,15.625961,1.1718565,2.44945,11.13704,2.470191,155.1284,8.7590408
341000,2018,0.0,1.254228,0,15.729362,1.223008,2.4832,11.24202,2.3914859,151.8792,8.815073
341000,2019,0.0,1.429396,0,15.917203,1.164363,2.5029,11.2711,2.427882,151.7047,8.849371
341000,2020,0.0,1.388859,0,15.955577,1.2816054,2.4953,11.32511,2.4571257,175.396,8.9635439
341000,2021,0.0,1.55557,0,16.074144,1.2922889,2.4912,11.43403,2.4217436,206.6443,8.9454632
341000,2022,0.0,1.183265,0,16.120094,1.4418347,2.4896,11.53225,2.439446,227.4014,8.9719563
341000,2023,0.0,1.526759,0,16.163069,1.5239508,2.50346,11.62167,2.6302321,224.4552,9.0493498
341000,2024,0.0,1.36042,0,16.243847,1.4792869,2.532451,11.70375,2.802824,221.4266,9.0686617
341100,2009,0.0,0.4718046,0,15.566769,0.66105545,2.0784,10.09727,2.9108605,83.10716,9.1758528
341100,2010,0.0,0.4336291,0,15.755187,0.68102878,2.0816,10.25884,2.5355613,87.93256,9.1823521
341100,2011,0.0,0.4534555,0,15.956152,0.67775637,2.0755,10.4596,2.4810624,92.50607,9.3197327
341100,2012,0.0,0.3995134,0,16.0884,0.72950518,2.0799,10.64137,2.3831635,103.9239,9.4474659
341100,2013,0.0,0.5268965,0,16.200729,0.8218832,2.0869,10.71881,2.1925056,97.297,9.527338
341100,2014,0.0,0.4527358,0,16.312346,0.85462147,2.1112,10.83556,2.174612,103.532,9.5647926
341100,2015,0.0,0.6163319,0,16.384832,0.92084497,2.1284,10.93909,2.1053772,109.384,9.6307602
341100,2016,0.0,0.7473568,0,16.470741,1.003661,2.1859,11.02575,2.0014453,113.2093,9.7170372
341100,2017,0.0,0.8994493,0,16.590839,1.0590975,2.21235,11.11638,2.0835726,117.848,9.5266829
341100,2018,0.0,1.246894,0,16.706854,1.1351624,2.2388,11.20651,2.0373254,117.6608,9.5763025
341100,2019,0.0,1.163143,0,17.185905,0.83228475,2.3378,11.24391,2.120708,122.5033,9.7072897
341100,2020,0.0,1.202068,0,17.227318,0.99528635,2.3331,11.32998,2.0482225,132.1474,9.8910103
341100,2021,0.0,1.276388,0,17.330631,1.0161945,2.3393,11.42348,1.8404813,137.8502,9.8825703
341100,2022,0.0,1.653282,0,17.401804,1.1143311,2.3319,11.50899,1.84798,138.3106,9.9168482
341100,2023,1.0,2.123524,1,17.448349,1.2561544,2.351496,11.58775,1.7904706,139.6828,9.9657583
341100,2024,1.0,1.490837,1,17.512854,1.2810701,2.368803,11.66077,1.885378,141.0551,9.9086246
341200,2009,0.0,0.3323538,0,15.620185,0.6136477,2.0649,10.00598,4.4780502,29.55722,9.6798439
341200,2010,0.0,0.2781481,0,15.792109,0.6116398,2.0615,10.17638,3.9908986,26.5961,9.7257948
341200,2011,0.0,0.2781481,0,15.959323,0.62544543,2.0539,10.3884,3.8857219,27.98889,9.9093704
341200,2012,0.0,0.2781481,0,16.079872,0.66561484,2.0688,10.48917,3.9284098,34.90479,10.06352
341200,2013,0.0,0.3888625,0,16.178698,0.73843366,2.0758,10.58341,3.6585777,33.57482,10.147335
341200,2014,0.0,0.3704299,0,16.29118,0.80844468,2.1096,10.65227,3.4136522,33.13677,10.238029
341200,2015,0.0,0.5137295,0,16.355103,0.93649095,2.1408,10.79103,3.5953574,34.70676,10.307485
341200,2016,0.0,0.6280038,0,16.455894,1.1198142,2.171,10.87271,3.2658236,34.78625,10.438605
341200,2017,0.0,0.7602524,0,16.569885,1.3082521,2.1994,10.95098,3.2687104,34.93458,10.255305
341200,2018,0.0,1.039468,0,16.683136,1.5021626,2.2278,11.11075,3.0707121,34.38189,10.396627
341200,2019,0.0,0.9332405,0,17.113197,1.1812148,2.359,11.20289,3.2661197,39.65459,10.46133
341200,2020,0.0,0.9323942,0,17.1495,1.3352666,2.3499,11.26526,3.3692923,45.6662,10.572803
341200,2021,0.0,0.9833892,0,17.240425,1.3675556,2.353,11.3357,3.3229361,54.36592,10.618274
341200,2022,0.0,0.9127814,0,17.291506,1.4542005,2.3537,11.4015,3.4995883,54.85395,10.671882
341200,2023,0.0,1.353959,0,17.319265,1.58724,2.387613,11.46324,3.3330095,62.40706,10.667326
341200,2024,0.0,1.269016,0,17.401804,1.5740914,2.450912,11.52139,3.3953242,69.94614,10.622668
341300,2009,0.0,0.4250224,0,15.50302,0.47396061,2.0681,10.11392,5.1527343,31.48034,9.1131687
341300,2010,0.0,0.3271606,0,15.68819,0.47294357,2.0634,10.26403,4.3276782,34.15827,9.2541656
341300,2011,0.0,0.3435372,0,15.897981,0.47248614,2.0519,10.44488,4.023066,49.95686,9.3959064
341300,2012,0.0,0.3722725,0,16.029213,0.50639093,2.067,10.5541,3.6362865,51.52984,9.6738224
341300,2013,0.0,0.4745287,0,16.132322,0.55070502,2.0846,10.50772,3.3558142,31.85231,9.6907892
341300,2014,0.0,0.4182625,0,16.249588,0.60208756,2.1252,10.57152,3.2137947,30.96217,9.7526646
341300,2015,0.0,0.4784068,0,16.329836,0.65417105,2.1864,10.72893,3.424998,34.80162,9.844162
341300,2016,0.0,0.7233639,0,16.41954,0.72446984,2.2359,10.80681,3.2559106,36.33639,9.9118528
341300,2017,0.0,0.6845732,0,16.50094,0.85123366,2.27815,10.94115,3.4207485,43.10976,9.643096
341300,2018,0.0,0.8959665,0,16.606812,0.95217538,2.3204,11.06803,3.5549257,38.207,9.7003307
341300,2019,0.0,0.9801672,0,16.800688,0.95799547,2.3502,11.12365,3.4560823,45.29787,9.7793407
341300,2020,0.0,1.958331,0,16.833494,1.1403631,2.3447,11.21436,3.6490014,52.24583,10.041596
341300,2021,0.0,1.473864,0,16.891901,1.2159997,2.3391,11.29103,3.2060385,61.57121,9.9936028
341300,2022,0.0,1.3039,0,16.917852,1.3633933,2.3489,11.36224,3.2321851,60.15933,10.089718
341300,2023,0.0,1.638663,0,16.947084,1.5010715,2.382029,11.42872,3.1030893,64.01976,10.147805
341300,2024,0.0,1.427123,0,17.017036,1.5184491,2.410898,11.49105,3.0144875,67.89193,10.139429
341500,2009,0.0,0.3167066,0,15.580281,0.64627808,2.1188,10.08581,4.0181494,43.49969,9.5089626
341500,2010,0.0,0.2993104,0,15.726712,0.71770078,2.1062,10.20671,3.4751868,48.61383,9.5656347
341500,2011,0.0,0.2781481,0,15.920888,0.70470405,2.1031,10.22156,3.6947906,56.30919,9.5441666
341500,2012,0.0,0.2781481,0,16.032755,0.74711132,2.1059,10.51633,3.6249454,55.39772,9.6325312
341500,2013,0.0,0.3597181,0,16.128254,0.8159377,2.121,10.60358,3.4948883,55.9174,9.7749157
341500,2014,0.0,0.3158223,0,16.209589,0.8743751,2.1325,10.66699,3.390933,57.22276,9.8293562
341500,2015,0.0,0.3699163,0,16.134449,1.0644115,2.1842,10.8465,3.4970064,60.06577,9.8720484
341500,2016,0.0,0.6552981,0,16.220785,1.0763916,2.1905,10.9871,3.4818459,69.51789,9.7708702
341500,2017,0.0,0.7057993,0,16.273432,1.3162317,2.2395,11.08322,3.3280759,66.26701,9.4175167
341500,2018,0.0,0.7313243,0,16.371227,1.4338694,2.2885,11.25802,3.3736241,61.62988,9.462965
341500,2019,0.0,0.854247,0,16.600521,1.3580924,2.3709,11.2752,3.7561848,73.77158,9.5024872
341500,2020,0.0,0.8992,0,16.630919,1.5589689,2.3503,11.38789,3.8033481,86.88851,9.7467165
341500,2021,0.0,1.014366,0,16.771982,1.5444688,2.3474,11.48748,3.2860329,98.51712,9.672123
341500,2022,0.0,1.037629,0,16.81374,1.6920916,2.3413,11.57805,3.2760718,95.48798,9.7067423
341500,2023,0.0,1.521603,0,16.866205,1.8149863,2.352288,11.66109,3.5072699,94.65173,9.7217855
341500,2024,0.0,1.119585,0,16.954477,1.7866884,2.389122,11.73776,3.338249,93.80969,9.9984798
341600,2009,0.0,0.4721157,0,15.2786,0.46823478,2.0914,10.0411,4.6251698,14.75885,9.0060186
341600,2010,0.0,0.4536587,0,15.450188,0.47734994,2.0917,10.19539,4.4356256,16.18283,9.1085291
341600,2011,0.0,0.432572,0,15.650734,0.52072114,2.08,10.36586,4.0717454,17.83515,9.2294569
341600,2012,0.0,0.4809174,0,15.783542,0.59690183,2.0902,10.55648,3.7171876,17.97258,9.3741589
341600,2013,0.0,0.579033,0,15.883759,0.65939677,2.1024,10.86658,3.2063954,18.67752,9.4775391
341600,2014,0.0,0.507046,0,15.994379,0.72625893,2.1652,10.64997,3.1530778,18.80832,9.5731764
341600,2015,0.0,0.6653752,0,16.058992,0.83068419,2.1935,10.76507,3.3641505,18.9763,9.6718073
341600,2016,0.0,0.9559196,0,16.163168,0.99082625,2.2185,10.8256,3.2011678,17.34003,9.7395563
341600,2017,0.0,1.051582,0,16.257675,1.1630131,2.25005,10.95693,3.4375806,17.2765,9.4370775
341600,2018,0.0,1.186941,0,16.362762,1.3019462,2.2816,11.07515,3.067914,19.84018,9.5645123
341600,2019,0.0,1.184012,0,16.677139,1.1377724,2.3721,11.09243,2.9608414,28.03469,9.7079592
341600,2020,0.0,1.266907,0,16.709209,1.3180255,2.3664,11.16726,3.0937171,33.86787,9.8840494
341600,2021,0.0,1.364933,0,16.797651,1.390227,2.3788,11.27815,2.6899884,36.93722,9.8294106
341600,2022,0.0,1.460566,0,16.860985,1.4834025,2.3786,11.37796,2.6813188,33.55738,10.063777
341600,2023,0.0,1.816152,0,16.913799,1.5980974,2.392978,11.46871,2.5800924,34.11293,10.014045
341600,2024,0.0,1.569319,0,17.043148,1.5189137,2.407638,11.55191,2.466543,34.66518,10.021226
341700,2009,0.0,0.7091569,0,14.714003,0.69012409,2.2418,10.22544,2.2719846,119.8711,8.2617846
341700,2010,0.0,0.6946902,0,14.916932,0.8233127,2.2301,10.35117,2.1826153,153.5897,8.2960472
341700,2011,0.0,0.6535936,0,15.130546,0.8463586,2.2021,10.53213,2.1494579,169.1822,8.3735533
341700,2012,0.0,0.6572576,0,15.244497,0.88367689,2.213,10.54638,2.1522341,184.0395,8.480114
341700,2013,0.0,0.7571341,0,15.346436,0.86619395,2.2204,10.64541,2.0061023,131.9271,8.5669355
341700,2014,0.0,0.6707347,0,15.45871,0.89301836,2.2634,10.74027,2.028507,130.9091,8.5786648
341700,2015,0.0,0.7602871,0,15.51065,0.87830406,2.2797,10.81442,1.5407428,141.5692,8.7153883
341700,2016,0.0,0.892963,0,15.588799,0.85796684,2.3207,10.91632,2.0852659,149.2469,8.6903057
341700,2017,0.0,0.977716,0,15.647052,0.89771426,2.3395,11.03954,2.2029784,158.2037,8.5541039
341700,2018,0.0,1.051173,0,15.73965,0.89023417,2.3583,11.16648,2.3946149,161.2037,8.6849089
341700,2019,0.0,1.142963,0,15.934173,0.8241483,2.3557,11.28495,2.5885968,185.1173,8.78722
341700,2020,0.0,1.23065,0,15.977683,0.98536021,2.3567,11.34937,2.6620219,222.5015,8.9088297
341700,2021,0.0,1.21913,0,16.122087,1.0114118,2.3526,11.45468,2.3281796,245.6894,8.9387941
341700,2022,0.0,1.002063,0,16.19413,1.1545573,2.3519,11.54995,2.4274976,261.775,8.9757566
341700,2023,0.0,1.426415,0,16.224257,1.3239336,2.385353,11.63693,2.4413249,277.9497,8.9639282
341700,2024,0.0,1.273228,0,16.281914,1.458636,2.402445,11.71694,2.5090594,294.3291,9.0002365
341800,2009,0.0,0.6036649,0,15.280547,0.65490955,2.2037,10.28091,2.4458776,14.73881,8.9199877
341800,2010,0.0,0.606409,0,15.475071,0.73341334,2.191,10.41892,2.092617,17.9408,8.9122038
341800,2011,0.0,0.5745526,0,15.719706,0.71783334,2.1748,10.58139,2.0799091,21.61417,8.9775248
341800,2012,0.0,0.5767882,0,15.840324,0.7824133,2.1836,10.74523,2.0552764,30.33977,9.0650835
341800,2013,0.0,0.8280157,0,15.947076,0.84813505,2.1901,10.9449,1.9056722,40.20342,9.1456947
341800,2014,0.0,0.7860258,0,16.032135,0.90534586,2.229,10.88993,1.8507346,20.46462,9.2007952
341800,2015,0.0,1.012145,0,16.089138,0.92676616,2.263,10.94671,1.8486718,23.76496,9.2649231
341800,2016,0.0,1.0675,0,16.174311,0.98443115,2.2841,11.06071,1.8286413,24.29286,9.3229542
341800,2017,0.0,1.125429,0,16.288311,1.0343006,2.2957,11.13838,1.9117678,25.87857,9.2146311
341800,2018,0.0,1.353656,0,16.393608,1.048548,2.3073,11.18937,1.8903732,25.73477,9.2895212
341800,2019,0.0,1.379462,0,16.563423,0.96377027,2.3356,11.25683,1.9727238,26.35842,9.370842
341800,2020,0.0,1.30782,0,16.592464,1.0960211,2.3267,11.31518,1.9285431,42.52973,9.4395456
341800,2021,0.0,1.337572,0,16.724594,1.1181856,2.3266,11.38238,1.7237276,45.74275,9.4078789
341800,2022,0.0,1.283297,0,16.76729,1.2586995,2.3228,11.44535,1.8490306,54.69565,9.5109634
341800,2023,0.0,1.664601,0,16.786951,1.4442943,2.35134,11.50459,1.8614935,49.55435,9.5395718
341800,2024,0.0,1.131667,0,16.837885,1.5243862,2.37633,11.56051,1.9844214,44.41304,9.5661945
350100,2009,0.0,0.6347505,0,17.075161,1.5704679,2.3886,10.33216,1.0503495,416.4817,9.9871855
350100,2010,0.0,0.7169066,0,17.257021,1.6025858,2.3699,10.4575,1.0589144,436.1046,10.048583
350100,2011,0.0,0.7217431,0,17.436213,1.5779474,2.368,10.65112,1.1351887,450.6898,10.12567
350100,2012,0.0,0.6772623,0,17.557526,1.591112,2.3712,10.78078,1.0751784,466.0247,10.192269
350100,2013,0.0,0.7946911,0,17.661072,1.7441261,2.372,10.88433,1.1759446,485.6491,10.280073
350100,2014,0.0,1.026478,0,17.760807,1.8894447,2.384,10.98254,1.1251538,475.3949,10.294279
350100,2015,0.0,1.262678,0,17.844086,1.8936069,2.4092,11.04257,1.2952396,473.1485,10.339999
350100,2016,0.0,1.43195,0,17.942265,1.9563404,2.4232,11.12181,1.3857267,462.1208,10.362082
350100,2017,0.0,1.719408,0,18.067888,1.8955436,2.44465,11.22702,1.480466,452.8961,10.314007
350100,2018,0.0,2.065989,0,18.179476,1.8986578,2.4661,11.3287,1.3591752,455.111,10.391116
350100,2019,0.0,2.274746,0,18.357954,1.8246775,2.4802,11.39585,1.4216353,479.338,10.413943
350100,2020,0.0,2.547997,0,18.422678,1.9269478,2.5047,11.47707,1.4082175,507.6595,10.448569
350100,2021,0.0,3.967649,0,18.545019,1.8708668,2.5089,11.59112,1.2339263,534.6431,10.506327
350100,2022,0.0,2.227531,0,18.628345,1.8533437,2.5106,11.69348,1.4403086,567.059,10.544763
350100,2023,0.0,2.877959,0,18.67749,1.8775759,2.432963,11.78633,1.3326203,591.6231,10.622936
350100,2024,0.0,2.210513,0,18.773939,1.802969,2.538462,11.87129,1.3664098,615.7895,10.684165
350200,2009,0.0,1.608362,0,16.670391,1.7209219,2.5038,10.50383,1.1142825,742.661,9.1599941
350200,2010,0.0,1.952,0,16.840837,1.7580539,2.4803,10.60368,1.0614576,712.8905,9.2011986
350200,2011,0.0,2.164544,0,17.04999,1.7094008,2.4698,10.74535,1.0493586,732.4447,9.2707767
350200,2012,0.0,1.896019,0,17.153793,1.6172515,2.4942,10.87186,1.0900171,754.1331,9.3335314
350200,2013,0.0,1.973831,0,17.222742,1.9361292,2.5074,10.96829,1.053283,775.1321,9.4067287
350200,2014,0.0,3.451917,0,17.30398,2.0295782,2.5395,11.05188,1.0132369,778.4956,9.4282703
350200,2015,0.0,3.698935,0,17.361105,2.1831908,2.5502,11.1114,1.0743673,681.9418,9.5015163
350200,2016,0.0,4.363846,0,17.448948,2.0466304,2.5796,11.14502,1.1708524,646.8235,9.5447388
350200,2017,0.0,5.132771,0,17.573879,2.0641127,2.57805,11.23125,1.143832,607.2121,9.5543556
350200,2018,0.0,5.529712,0,17.684921,2.0368953,2.5765,11.35236,1.1828361,668.5555,9.6383495
350200,2019,0.0,5.249847,0,17.909021,1.8417956,2.5752,11.49047,1.1881918,600.1609,9.7721825
350200,2020,0.0,4.862831,0,17.971891,1.9874671,2.5963,11.595,1.2461494,622.3823,9.8112631
350200,2021,0.0,5.163816,0,18.068851,2.0732102,2.5819,11.69093,1.203233,629.6078,9.8602142
350200,2022,0.0,5.534471,0,18.172604,2.1389647,2.578,11.77845,1.2318736,622.6587,9.9716129
350200,2023,0.0,5.442706,0,18.205753,2.2338259,2.637585,11.85893,1.1636223,644.2343,9.9851141
350200,2024,0.0,5.469936,0,18.268578,2.1756043,2.627425,11.93341,1.134836,664.4313,10.015967
350300,2009,0.0,0.4703545,0,15.749086,0.71180218,2.236,10.1127,1.6511583,51.73493,8.551981
350300,2010,0.0,0.7042406,0,15.95596,0.72525918,2.2323,10.23332,1.6651796,51.52686,8.7277784
350300,2011,0.0,0.6596937,0,16.167473,0.69489723,2.228,10.43651,1.492457,51.32006,9.0660076
350300,2012,0.0,0.7726693,0,16.302738,0.73853499,2.2395,10.59239,1.5208679,52.83632,9.1312971
350300,2013,0.0,0.8982046,0,16.412899,0.79470992,2.2662,10.68886,1.5187731,54.82346,9.2191019
350300,2014,0.0,1.120985,0,16.52494,0.87567204,2.2765,10.83824,1.4316508,60.5041,9.4211683
350300,2015,0.0,1.744699,0,16.621994,0.88581854,2.2873,10.86186,1.6325353,61.87765,9.4855452
350300,2016,0.0,1.434114,0,16.718815,0.90520859,2.3003,10.94285,1.7879517,60.01429,9.5445242
350300,2017,0.0,1.611803,0,16.82757,0.88133729,2.33525,10.99134,1.672762,70.92958,9.291275
350300,2018,0.0,2.730389,0,16.925648,0.82390058,2.3702,11.08291,1.617318,70.65,9.3324699
350300,2019,0.0,3.258544,0,17.071682,0.75895995,2.3742,11.15916,1.6479983,68.8489,9.7107515
350300,2020,0.0,2.920958,0,17.090389,0.83378512,2.3897,11.22945,1.7421678,82.87825,9.5522976
350300,2021,0.0,4.084414,0,17.176928,0.85511118,2.3826,11.32942,1.6131929,95.90736,9.4687738
350300,2022,0.0,3.557575,0,17.254646,0.87370914,2.3829,11.42031,1.8333857,107.4632,9.4923563
350300,2023,0.0,5.475286,0,17.240099,0.95515913,2.256545,11.50361,1.6357386,108.5504,9.5460978
350300,2024,0.0,4.907302,0,17.354439,0.87866449,2.443861,11.58051,1.9374174,109.6376,9.5725498
350400,2009,0.0,0.6195676,0,15.895258,0.69604772,2.1778,10.21755,1.9793756,57.44485,9.066124
350400,2010,0.0,0.7772889,0,16.092882,0.71547574,2.1626,10.32886,1.9542016,63.40336,9.16115
350400,2011,0.0,0.6317849,0,16.310215,0.68719882,2.1735,10.53481,1.8726401,84.53914,9.2370796
350400,2012,0.0,0.7871261,0,16.410233,0.73549259,2.1755,10.65234,1.9787294,82.92122,9.3177586
350400,2013,0.0,0.7233393,0,16.508507,0.75485557,2.165,10.76592,2.0853937,86.58528,9.4131994
350400,2014,0.0,0.7483099,0,16.601267,0.7362929,2.1731,10.88097,2.1873462,85.62676,9.4274654
350400,2015,0.0,0.9314727,0,16.65637,0.70465076,2.195,10.9881,2.5690329,86.77319,9.4375553
350400,2016,0.0,1.091916,0,16.739113,0.67952895,2.2028,11.07169,2.6801257,85.88153,9.4487276
350400,2017,0.0,1.130625,0,16.863487,0.62305433,2.22205,11.17822,2.8877063,87.72916,9.2461901
350400,2018,0.0,1.338339,0,16.974091,0.58098555,2.2413,11.27976,2.7600651,94.49481,9.3069229
350400,2019,0.0,1.583495,0,17.074375,0.58544564,2.2275,11.36858,2.9377604,114.0796,9.3471413
350400,2020,0.0,6.706883,0,17.112087,0.62827897,2.2491,11.41319,3.0087779,157.5521,9.4260969
350400,2021,0.0,1.456376,0,17.200918,0.63742542,2.2711,11.50577,2.7270889,203.6307,9.450695
350400,2022,0.0,1.320664,0,17.252718,0.67529655,2.2733,11.5905,3.13925,212.542,9.4979973
350400,2023,0.0,1.606351,0,17.219038,0.7812925,2.48301,11.6686,3.063679,161.6281,9.5228128
350400,2024,0.0,0.9534859,0,17.190706,0.86941046,2.31714,11.74105,3.3997138,110.3556,9.4790688
350500,2009,0.0,0.6102813,0,17.239611,0.70377594,2.3445,10.13748,1.2455785,156.5881,9.7751427
350500,2010,0.0,0.7149153,0,17.389252,0.72947496,2.3242,10.27187,1.2650232,165.9594,9.8630819
350500,2011,0.0,0.615301,0,17.569918,0.70734072,2.3056,10.48852,1.2268003,171.314,9.9571705
350500,2012,0.0,0.6695759,0,17.67128,0.74636245,2.3101,10.62416,1.2146411,169.6466,10.094026
350500,2013,0.0,0.9712438,0,17.77021,0.7696054,2.316,10.71211,1.2170807,168.7235,10.236131
350500,2014,1.0,1.367802,1,17.864397,0.81516635,2.3203,10.79882,1.2541859,170.5655,10.34782
350500,2015,1.0,1.622797,1,17.932549,0.86106706,2.3423,10.89755,1.3903793,171.7461,10.409492
350500,2016,1.0,1.658041,1,18.012205,0.87087989,2.3557,10.95328,1.4093353,172.6014,10.467978
350500,2017,1.0,2.218841,1,18.14061,0.79947972,2.3656,11.02277,1.4420338,169.9798,10.151636
350500,2018,1.0,3.206954,1,18.254387,0.75289088,2.3755,11.09612,1.3336831,172.5775,10.188516
350500,2019,1.0,3.687149,1,18.415367,0.71480352,2.3671,11.18887,1.4379903,202.8371,10.343387
350500,2020,1.0,3.382311,1,18.436455,0.78976595,2.3837,11.24282,1.5750453,227.7611,10.469341
350500,2021,1.0,3.20192,1,18.543253,0.78398299,2.3894,11.35804,1.3324738,250.9598,10.402109
350500,2022,1.0,2.579832,1,18.611549,0.81299698,2.39,11.46134,1.5327673,266.3708,10.4286
350500,2023,1.0,3.318649,1,18.617233,0.95725453,2.408396,11.55496,1.4639773,291.5534,10.460815
350500,2024,1.0,3.082295,1,18.690327,0.93359613,2.442362,11.64056,1.4695687,316.5423,10.471893
350600,2009,0.0,0.6252411,0,16.281923,0.55670345,2.1874,10.11498,1.7017114,120.3213,9.0971718
350600,2010,0.0,0.4734865,0,16.476267,0.58446723,2.188,10.29341,1.6656219,125.9384,9.2135353
350600,2011,0.0,0.7131886,0,16.688059,0.57007903,2.1953,10.46024,1.6274685,125.7158,9.3207178
350600,2012,0.0,0.5594819,0,16.820103,0.56905353,2.2028,10.66215,1.6838319,129.4363,9.5786572
350600,2013,0.0,0.7011849,0,16.922794,0.60916185,2.2025,10.75254,1.6934596,135.048,9.7302647
350600,2014,0.0,0.9711098,0,17.036928,0.62613356,2.2224,10.85974,1.6243702,139.7768,9.8499813
350600,2015,0.0,1.053219,0,17.135996,0.67603958,2.2464,10.9496,1.9866618,142.4375,9.8491373
350600,2016,0.0,1.030413,0,17.257641,0.6849516,2.2665,11.03639,1.9673003,140.6476,9.9226532
350600,2017,0.0,1.40751,0,17.381231,0.69649428,2.2831,11.1047,2.1034534,139.4708,9.7521992
350600,2018,0.0,1.623781,0,17.491213,0.66139996,2.2997,11.24344,1.9650434,143.4223,9.8293562
350600,2019,0.0,1.580517,0,17.674555,0.61528343,2.3087,11.36574,2.0073652,173.9349,9.96383
350600,2020,0.0,1.954752,0,17.632343,0.75644279,2.3279,11.39707,2.0366194,171.2843,10.005232
350600,2021,0.0,2.392053,0,17.732521,0.80231202,2.2995,11.5482,1.7070633,185.1939,10.028224
350600,2022,0.0,2.420512,0,17.859789,0.81940109,2.2986,11.67946,2.00266,187.1556,10.047935
350600,2023,0.0,2.471875,0,17.863462,0.92922771,2.295647,11.79547,1.8689438,199.2405,10.071668
350600,2024,0.0,1.316654,0,17.920465,0.97680926,2.347221,11.89941,2.0991457,211.2798,10.090133
350700,2009,0.0,0.6578523,0,15.642723,0.79436904,2.1534,10.13737,2.2379689,65.93357,9.0857973
350700,2010,0.0,0.5082829,0,15.801538,0.84758663,2.1439,10.25134,2.255197,68.72571,9.1500597
350700,2011,0.0,0.5641991,0,16.006388,0.80711168,2.1023,10.42674,2.3895047,73.20358,9.267004
350700,2012,0.0,0.6168206,0,16.114849,0.79927123,2.1014,10.61239,2.2154138,73.53934,9.4391479
350700,2013,0.0,0.6499683,0,16.218683,0.82380104,2.1001,10.71289,2.4869046,74.78481,9.6199303
350700,2014,0.0,0.7537594,0,16.327188,0.82108957,2.1184,10.81635,2.3506219,74.13534,9.6509151
350700,2015,0.0,0.9794285,0,16.410402,0.81458205,2.1366,10.93989,2.7765839,76.52098,9.6777782
350700,2016,0.0,1.031776,0,16.494982,0.80176365,2.1364,10.99435,3.0109193,78.62305,9.6188011
350700,2017,0.0,1.191411,0,16.603682,0.80190521,2.1894,11.07205,3.257391,80.76803,9.4100924
350700,2018,0.0,1.465656,0,16.701714,0.77083975,2.2424,11.15602,3.1362031,83.70625,9.3897409
350700,2019,0.0,1.45173,0,16.807236,0.76957631,2.2652,11.24151,3.2258019,96.99686,9.4254513
350700,2020,0.0,3.283665,0,16.814737,0.83365452,2.2931,11.3204,3.3975842,114.3918,9.4139338
350700,2021,0.0,6.706883,0,16.868568,0.88353682,2.317,11.40478,3.0158238,139.9841,9.4345236
350700,2022,0.0,1.819076,0,16.911993,0.93782091,2.3186,11.4826,3.3087225,167.8185,9.4536791
350700,2023,0.0,2.377476,0,16.937876,0.99455142,2.306981,11.5548,3.2310581,152.4217,9.473012
350700,2024,0.0,1.747724,0,16.855259,1.151535,2.293422,11.62213,3.5079713,136.9263,9.4831114
350800,2009,0.0,0.6345321,0,15.92558,0.70118928,2.2193,10.22712,1.6386659,45.79512,9.1616755
350800,2010,0.0,0.5835481,0,16.108952,0.73003501,2.2073,10.33639,1.6601731,44.85161,9.246769
350800,2011,0.0,0.6819044,0,16.334944,0.70405799,2.1881,10.47876,1.6341478,48.94273,9.3591051
350800,2012,0.0,0.6421901,0,16.436295,0.755804,2.1938,10.62555,1.6248002,52.2741,9.4566536
350800,2013,0.0,0.7313615,0,16.510069,0.70205194,2.2217,10.70941,1.701407,54.81824,9.5767183
350800,2014,0.0,0.8918267,0,16.601269,0.79687566,2.2279,10.7049,1.7112032,55.83197,9.5767183
350800,2015,0.0,1.07292,0,16.671091,0.78268111,2.243,10.92288,2.0702436,57.68311,9.660779
350800,2016,0.0,1.114809,0,16.757666,0.75656432,2.2541,10.99085,2.0870726,57.46497,9.6568193
350800,2017,0.0,1.478956,0,16.880993,0.76573366,2.28535,11.06993,2.1608264,54.78798,9.7180614
350800,2018,0.0,1.612853,0,16.990767,0.76537621,2.3166,11.15759,1.9932843,57.94984,9.763133
350800,2019,0.0,1.549245,0,17.103539,0.79256934,2.3299,11.2753,2.0709302,67.84591,9.7746305
350800,2020,0.0,4.653606,0,17.172756,0.8405351,2.3371,11.32623,2.1001573,79.00787,9.8400688
350800,2021,0.0,6.706883,0,17.243675,0.88718718,2.3742,11.47486,2.0333269,84.18297,9.8639669
350800,2022,0.0,1.897911,0,17.316252,0.94731683,2.3838,11.60423,2.1843748,83.66456,9.6152716
350800,2023,0.0,2.539079,0,17.317457,1.0502111,2.486777,11.71876,2.1809957,85.59365,9.6278
350800,2024,0.0,1.563822,0,17.347445,1.1033622,2.411068,11.82151,2.266634,87.53503,9.6280632
350900,2009,0.0,0.5118619,0,15.627535,0.9311918,2.2283,10.2083,2.5174139,22.34559,8.9096403
350900,2010,0.0,0.6151103,0,15.81511,0.97285199,2.2008,10.35127,2.138129,23.80293,8.9908152
350900,2011,0.0,0.6170294,0,16.04565,0.91448385,2.1689,10.55349,2.1006236,24.72941,9.1006374
350900,2012,0.0,0.6494595,0,16.192949,0.93422562,2.1481,10.68062,2.012867,25.65001,9.2157259
350900,2013,0.0,0.7666475,0,16.332174,0.93990558,2.1321,10.75832,2.0965581,26.43433,9.3191051
350900,2014,0.0,0.7806644,0,16.437346,0.95770705,2.141,10.82172,2.0208113,28.01817,9.3716087
350900,2015,0.0,1.020692,0,16.515099,0.93608677,2.1487,10.94421,2.3757825,29.53112,9.4050846
350900,2016,0.0,1.072045,0,16.602442,0.91795933,2.1506,11.02368,2.6434803,29.69318,9.4074688
350900,2017,0.0,1.233504,0,16.696367,0.88132721,2.174,11.13705,2.6913469,31.92593,9.2430983
350900,2018,0.0,1.58548,0,16.782223,0.89476687,2.1974,11.19782,2.4833417,32.45763,9.3081017
350900,2019,0.0,1.621545,0,17.014999,0.8160488,2.2319,11.32638,2.6769564,38.8455,9.3324699
350900,2020,0.0,2.641517,0,17.080889,0.87677401,2.2473,11.43196,2.5913606,44.19944,9.4089451
350900,2021,0.0,3.440674,0,17.265816,0.84783971,2.2172,11.53909,2.1745448,47.63483,9.431963
350900,2022,0.0,2.020113,0,17.38645,0.93438351,2.2063,11.63584,2.2230992,49.09014,9.5676651
350900,2023,0.0,2.410847,0,17.454937,1.0477939,2.184026,11.72405,1.9292731,49.81921,9.6312847
350900,2024,0.0,2.143654,0,17.479586,1.106846,1.9661,11.80511,1.7739356,50.55241,9.6552181
360100,2009,0.0,0.744576,0,16.726501,1.5749452,2.325,10.32384,1.5684313,974.9865,9.686326
360100,2010,0.0,0.9282827,0,16.906601,1.5733428,2.3577,10.46419,1.5842044,976.0896,9.7751999
360100,2011,0.0,0.7884554,0,17.107218,1.5119033,2.3123,10.59203,1.6006751,968.1208,9.9463558
360100,2012,0.0,0.7598937,0,17.216883,1.5757272,2.3376,10.68668,1.4394863,1002.636,9.9777136
360100,2013,0.0,0.9019996,0,17.322876,1.6379434,2.3511,10.75244,1.4366264,1019.698,10.071711
360100,2014,0.0,1.075565,0,17.417732,1.7255523,2.3613,10.85607,1.3826625,1070.813,10.186333
360100,2015,0.0,1.065587,0,17.504393,1.8440071,2.3694,10.96353,1.3951231,1128.729,10.235629
360100,2016,0.0,1.239465,0,17.589418,1.975794,2.3868,11.09456,1.4502263,1169.826,10.256852
360100,2017,0.0,1.542457,0,17.689796,2.1203804,2.4051,11.1939,1.5659499,1161.526,10.214715
360100,2018,0.0,1.716203,0,17.781012,2.265605,2.4234,11.32264,1.6294962,1147.789,10.247857
360100,2019,0.0,1.899067,0,17.840147,2.4776073,2.4498,11.39042,1.7486519,1176.278,10.344384
360100,2020,0.0,1.876636,0,17.8666,2.7522719,2.4523,11.44864,1.7322731,1215.146,10.566098
360100,2021,0.0,2.075593,0,18.012863,2.6192377,2.444,11.53355,1.7944537,1215.146,10.556385
360100,2022,0.0,4.182996,0,18.092731,2.61445,2.4473,11.61181,2.0517502,1215.146,10.588778
360100,2023,1.0,4.679964,1,18.093981,2.7433109,2.48084,11.68439,1.8504324,1215.146,10.669792
360100,2024,1.0,2.01971,1,18.17222,2.6468258,2.51438,11.75205,1.7865065,1215.146,10.643495
360200,2009,0.0,0.4538759,0,15.107587,0.49196517,2.2329,9.958449,2.3807495,165.9468,8.4887934
360200,2010,0.0,0.7745158,0,15.344823,0.49186382,2.2272,10.05394,2.0092914,166.9098,8.4031286
360200,2011,0.0,0.4639733,0,15.546654,0.47860569,2.2116,10.27666,1.9326977,152.9283,8.5360146
360200,2012,0.0,0.514877,0,15.653282,0.48949912,2.2491,10.43513,1.811366,143.2813,8.5107727
360200,2013,0.0,0.594107,0,15.732852,0.53000528,2.2634,10.52738,1.8354099,139.3085,8.815815
360200,2014,1.0,0.5787247,1,15.814573,0.57402849,2.2694,10.62435,1.8205976,155.9237,8.8784971
360200,2015,1.0,0.6876987,1,15.859397,0.64643162,2.285,10.73234,1.9093119,175.8532,8.8566608
360200,2016,1.0,0.8453255,1,15.943919,0.68359756,2.2973,10.81796,1.9589704,190.5917,8.9590549
360200,2017,1.0,1.233018,1,15.94775,0.81562614,2.34435,10.96563,2.2159195,190.9823,8.8825302
360200,2018,1.0,1.707353,1,15.951567,0.96598989,2.3914,11.06172,2.2708566,107.1941,8.9345865
360200,2019,1.0,1.782749,1,16.041214,1.0281364,2.4256,11.17141,2.3691723,198.4854,8.9883213
360200,2020,1.0,1.803626,1,16.074144,1.1743089,2.4265,11.18884,2.3576827,150.7368,9.0240107
360200,2021,1.0,1.864035,1,16.215223,1.2195721,2.429,11.26621,2.2269533,231.2982,9.1378775
360200,2022,1.0,1.95907,1,16.293728,1.3227742,2.4262,11.33801,2.6335256,310.0407,9.1700392
360200,2023,1.0,2.445491,1,16.30125,1.5248783,2.570953,11.40501,2.6572399,387.8786,9.2211819
360200,2024,1.0,2.552471,1,16.282763,1.7467047,2.455457,11.46779,2.7614608,464.8218,9.2621737
360300,2009,0.0,0.5479591,0,15.254128,0.42221951,2.2088,10.00646,2.5502112,50.24876,8.6576509
360300,2010,0.0,0.6145462,0,15.464919,0.43806317,2.2043,10.14006,2.1088738,47.70057,8.7468758
360300,2011,0.0,0.5131897,0,15.699779,0.38637063,2.1926,10.34255,1.8587772,39.25906,8.7684183
360300,2012,0.0,0.5832121,0,15.807568,0.42762575,2.2473,10.43946,1.8132272,58.49273,8.9824352
360300,2013,0.0,0.5217975,0,15.892861,0.4744449,2.2656,10.55624,1.7493148,53.52789,9.0879469
360300,2014,0.0,0.6106458,0,15.973015,0.52223808,2.2752,10.67711,1.6619315,56.77094,9.1086397
360300,2015,0.0,0.7788646,0,16.026405,0.59107226,2.2955,10.78104,1.7517636,56.97288,9.165761
360300,2016,0.0,0.8308,0,16.116369,0.61899304,2.3358,10.86645,1.8960543,58.16,9.2442589
360300,2017,0.0,1.0596,0,16.121752,0.72122312,2.37655,11.02621,2.1896415,137.095,8.9903173
360300,2018,0.0,1.1798,0,16.127106,0.84024644,2.4173,11.17935,2.4600048,140.735,8.9918108
360300,2019,0.0,1.63875,0,16.045525,1.0715947,2.4086,11.24644,2.6261239,160.395,8.9773989
360300,2020,0.0,1.844511,0,16.080393,1.2402543,2.4058,11.29048,2.6513405,204.7368,9.0228052
360300,2021,0.0,3.780955,0,16.220652,1.2339863,2.4142,11.42953,2.66922,238.1809,9.1184444
360300,2022,0.0,2.798693,0,16.266516,1.3727703,2.4163,11.55159,2.8643625,260.2161,9.1700392
360300,2023,0.0,3.373116,0,16.259596,1.5944009,2.452217,11.66035,2.9027107,267.6483,9.1901379
360300,2024,0.0,1.248291,0,16.309542,1.7077557,2.486627,11.75844,2.9430614,275.0804,9.2038193
360400,2009,0.0,0.698552,0,15.933408,0.60248005,2.2483,9.958449,2.6657479,166.1793,9.3200016
360400,2010,0.0,0.6308972,0,16.149656,0.61819446,2.2483,10.11643,2.343302,164.7567,9.3832846
360400,2011,0.0,0.6110072,0,16.346357,0.62005544,2.2426,10.29065,2.2292726,169.2516,9.4746256
360400,2012,0.0,0.5895202,0,16.468826,0.65147597,2.2638,10.43102,2.1005993,153.549,9.6450405
360400,2013,0.0,0.5930919,0,16.589182,0.65931821,2.2768,10.5845,1.9199442,156.6542,9.7570152
360400,2014,0.0,0.6869032,0,16.694687,0.69135219,2.293,10.70109,1.7950341,162.0971,9.8180389
360400,2015,0.0,0.8965717,0,16.761358,0.76307982,2.3188,10.84085,1.7915213,171.8655,9.9035873
360400,2016,0.0,1.148692,0,16.858191,0.8370561,2.3349,10.939,1.7866756,177.75,9.9345503
360400,2017,0.0,1.290135,0,16.992798,0.86462516,2.3451,11.03389,1.9998225,178.175,9.7027779
360400,2018,0.0,1.471587,0,17.111416,0.93071312,2.3553,11.18332,2.0765011,177.2639,9.7623272
360400,2019,0.0,1.406838,0,17.256248,0.93982315,2.3804,11.25313,2.2961879,187.1657,9.841506
360400,2020,0.0,1.313887,0,17.293978,1.0808361,2.3853,11.30781,2.2628858,235.5778,9.9048862
360400,2021,0.0,2.529425,0,17.436111,1.0762107,2.3897,11.32208,2.136903,314.5211,9.9334345
360400,2022,0.0,4.603123,0,17.511118,1.1366082,2.3929,11.33615,2.2801037,330.4732,9.1892185
360400,2023,0.0,4.141667,0,17.464869,1.3204674,2.401591,11.35003,2.3310072,368.0402,10.112045
360400,2024,0.0,1.72295,0,17.509874,1.3785348,2.474806,11.36372,2.164681,405.6073,10.18622
360500,2009,0.0,0.6906348,0,15.392786,0.56616575,2.2776,10.20668,1.7763959,95.56216,8.0699682
360500,2010,0.0,0.7955258,0,15.657997,0.55817235,2.241,10.35582,1.5533507,110.355,8.1288805
360500,2011,0.0,0.679397,0,15.868625,0.53040844,2.2168,10.17693,1.4802161,233.8107,8.2316418
360500,2012,0.0,0.7214108,0,15.932156,0.57837528,2.2519,10.6509,1.5100404,247.7427,8.3848038
360500,2013,0.0,0.9218107,0,15.949759,0.64113909,2.3025,10.66057,1.5051199,239.8848,8.3909492
360500,2014,0.0,0.8147179,0,16.013033,0.6650812,2.3015,10.76789,1.4649671,265.6991,8.4191389
360500,2015,0.0,0.880991,0,16.063425,0.70193213,2.3242,10.85203,1.5398932,311.7228,8.4629478
360500,2016,0.0,1.068065,0,16.153646,0.68942314,2.3563,10.90783,1.5975603,320.7016,8.5397367
360500,2017,1.0,1.207541,1,16.14937,0.74286997,2.3763,10.98842,1.7490908,310.2295,8.3898144
360500,2018,1.0,1.516,1,16.145073,0.79962236,2.3963,11.1627,1.836814,284.432,8.4973984
360500,2019,1.0,1.60288,1,16.089697,0.99539137,2.4031,11.26535,2.0021806,317.192,8.5650301
360500,2020,1.0,1.5624,1,16.119095,1.1227335,2.4024,11.35421,2.0486481,400.328,8.6053867
360500,2021,1.0,1.57096,1,16.262196,1.1054566,2.4121,11.41643,1.9332938,467.352,8.8189259
360500,2022,1.0,1.929193,1,16.342838,1.2345393,2.4406,11.47499,2.1576133,168.6371,8.8939848
360500,2023,1.0,2.604309,1,16.350794,1.3968771,2.6962,11.53032,2.2632978,536.2845,8.93643
360500,2024,1.0,2.007377,1,16.251753,1.6798904,2.6962,11.58275,2.5958459,909.959,8.9273138
360600,2009,0.0,0.4687865,0,14.758646,0.72242427,2.1694,9.958449,2.2528927,35.8204,7.8838234
360600,2010,0.0,0.5308399,0,15.053555,0.63797539,2.182,10.06233,1.9471337,34.74409,7.9305658
360600,2011,0.0,0.4852459,0,15.268519,0.53782016,2.1757,10.33154,1.7545689,39.29508,8.0310602
360600,2012,0.0,0.5099193,0,15.388647,0.5603044,2.1938,10.45865,1.496856,41.51613,8.1967125
360600,2013,0.0,0.5463513,0,15.526548,0.5673368,2.2132,10.62874,1.5175899,40.68164,8.377471
360600,2014,0.0,0.6401103,0,15.618837,0.62237692,2.2233,10.76391,1.5665519,47.58077,8.4482718
360600,2015,0.0,0.7815496,0,15.670653,0.70661485,2.2519,10.96168,1.5388407,63.50778,8.4601994
360600,2016,0.0,0.9221094,0,15.754754,0.76470822,2.2664,10.99533,1.5686624,67.24219,8.516593
360600,2017,0.0,0.9639844,0,15.83992,0.78902966,2.2892,11.09182,1.7055963,71.4375,8.5771589
360600,2018,0.0,1.258217,0,15.918399,0.82816088,2.312,11.17719,1.7385601,71.37209,8.6476946
360600,2019,0.0,1.410543,0,16.057283,0.82494932,2.3357,11.25454,1.7639455,77.72093,8.684063
360600,2020,0.0,1.367907,0,16.10095,0.9824782,2.3397,11.28224,2.1285877,93.66666,8.6077652
360600,2021,0.0,6.484729,0,16.252626,1.0124204,2.3452,11.35715,2.0369465,101.155,8.7667065
360600,2022,0.0,5.107985,0,16.331593,1.1238214,2.3486,11.42683,2.0784235,101.8915,8.780941
360600,2023,0.0,3.461008,0,16.366516,1.3210365,2.367768,11.49198,2.3011794,108.3256,8.8915119
360600,2024,0.0,0.822248,0,16.443073,1.4450467,2.373405,11.55314,2.1263838,114.7597,8.8353558
360700,2009,0.0,0.5661601,0,16.056889,0.67477679,2.1616,9.958449,3.0600977,85.90397,9.7401447
360700,2010,0.0,0.646037,0,16.231194,0.75586289,2.178,10.06903,3.0337131,86.3216,9.8127422
360700,2011,0.0,0.5304367,0,16.407774,0.77501917,2.1792,10.23462,2.8335695,90.72961,10.037756
360700,2012,0.0,0.5506097,0,16.529202,0.85064393,2.2035,10.40039,2.8607817,92.2402,10.131499
360700,2013,0.0,0.5031126,0,16.632902,0.95195454,2.2238,10.61947,2.6057568,91.3301,10.245444
360700,2014,0.0,0.5381995,0,16.729811,1.0436046,2.2359,10.71692,2.3801439,91.63068,10.429162
360700,2015,0.0,0.6878611,0,16.798092,1.1639841,2.2596,10.82602,2.5048246,95.24687,10.496013
360700,2016,0.0,0.8174459,0,16.909819,1.28769,2.2806,10.91968,2.7832506,141.2729,10.563259
360700,2017,0.0,1.014281,0,17.03727,1.3624587,2.3064,11.0077,3.163981,97.84599,10.646948
360700,2018,0.0,1.047971,0,17.150297,1.4417001,2.3322,11.11058,3.2335563,99.31193,10.325449
360700,2019,0.0,1.07762,0,17.363401,1.3886988,2.3896,11.16535,3.5932868,107.1699,10.36164
360700,2020,0.0,1.131113,0,17.411451,1.5814564,2.3914,11.22638,3.417397,115.6411,10.497339
360700,2021,0.0,1.583994,0,17.545773,1.5859097,2.3992,11.3237,3.2682672,126.1047,10.629295
360700,2022,0.0,1.347211,0,17.627493,1.6469213,2.3977,11.41239,3.3576624,151.0619,10.649701
360700,2023,1.0,1.465294,1,17.645456,1.7962357,2.410022,11.49384,3.4219944,231.7247,10.76623
360700,2024,1.0,1.147929,1,17.715462,1.8324695,2.436209,11.56916,3.5658314,312.0616,10.782118
360800,2009,0.0,0.5367205,0,15.580427,0.53358251,2.0716,9.958449,3.2225571,38.12104,9.2546444
360800,2010,0.0,0.4130777,0,15.79032,0.51904398,2.0982,10.04746,2.773514,36.6839,9.3317614
360800,2011,0.0,0.3879386,0,15.989196,0.50978333,2.0971,10.21327,2.5675728,36.62879,9.4044256
360800,2012,0.0,0.4463502,0,16.124336,0.56398559,2.1239,10.41065,2.3860445,34.8368,9.5655642
360800,2013,0.0,0.473188,0,16.234901,0.63594061,2.1449,10.579,2.3492107,34.78884,9.7359562
360800,2014,0.0,0.546573,0,16.334908,0.70594209,2.161,10.67287,2.1652312,36.14391,9.8081322
360800,2015,0.0,0.5832831,0,16.402161,0.79438412,2.1778,10.78544,2.2238169,35.34392,9.8863411
360800,2016,0.0,0.6727477,0,16.497471,0.87123525,2.1957,10.8667,2.4397991,65.10841,9.9360027
360800,2017,0.0,0.753806,0,16.589224,0.97427094,2.2517,10.90147,2.7673974,63.20149,9.6187344
360800,2018,0.0,0.8579406,0,16.673262,1.0739259,2.3077,11.01276,2.8780532,75.92022,9.7712126
360800,2019,0.0,0.9559259,0,16.852865,1.0656472,2.3416,11.13667,3.0500004,78.50185,9.8108788
360800,2020,0.0,1.028738,0,16.891901,1.2034231,2.3404,11.15772,3.1167002,82.88497,9.8228741
360800,2021,0.0,2.521729,0,17.044733,1.2037511,2.3452,11.26015,3.0745845,87.97584,9.9255428
360800,2022,0.0,1.122894,0,17.129696,1.2490472,2.345,11.35305,3.200151,109.3766,9.887002
360800,2023,0.0,1.173889,0,17.124228,1.3985531,2.334446,11.43805,3.1600707,133.3981,9.9622755
360800,2024,0.0,1.124621,0,17.188652,1.4336269,2.391698,11.51639,3.1822221,157.3309,9.9936485
360900,2009,0.0,0.5120381,0,15.761767,0.57786542,2.0535,10.08369,2.9067502,55.96632,9.3899918
360900,2010,0.0,0.5095442,0,15.978834,0.584683,2.0553,10.07926,2.5885298,60.39467,9.4779215
360900,2011,0.0,0.4939319,0,16.193186,0.52809185,2.0651,10.21438,2.3306336,61.48351,9.6945553
360900,2012,0.0,0.4331181,0,16.339317,0.58784348,2.1121,10.39637,2.0331802,61.95603,9.7213058
360900,2013,0.0,0.4692095,0,16.44529,0.66070187,2.1399,10.53881,1.9126669,76.10102,9.8282785
360900,2014,0.0,0.551595,0,16.538773,0.72148609,2.1642,10.63156,1.8217039,75.0806,9.8748827
360900,2015,0.0,0.5977989,0,16.601152,0.81343776,2.1915,10.72172,1.8764518,74.59924,9.9086742
360900,2016,0.0,0.7250831,0,16.695805,0.87890697,2.2392,10.81203,1.9761798,71.7608,9.9626055
360900,2017,0.0,0.8783222,0,16.801901,0.96517503,2.27195,10.88871,2.1087787,70.31561,9.5347404
360900,2018,0.0,1.112926,0,16.897812,1.0632988,2.3047,11.01454,2.2138226,79.11901,9.6865749
360900,2019,0.0,1.216689,0,17.106894,1.0041232,2.356,11.09253,2.5216529,91.35265,9.9469776
360900,2020,0.0,1.266528,0,17.144136,1.1341841,2.3605,11.16541,2.6326768,93.17276,9.9870014
360900,2021,0.0,6.3792,0,17.278431,1.1385283,2.366,11.20095,2.5530865,110.145,10.070019
360900,2022,0.0,4.648233,0,17.363115,1.1914307,2.3634,11.23527,2.5298936,121.8367,10.093364
360900,2023,0.0,3.707567,0,17.361385,1.3153996,2.355023,11.26846,2.4790533,123.7433,10.147923
360900,2024,0.0,1.4867,0,17.429398,1.2964143,2.401725,11.30057,2.5430577,125.65,9.9823914
361000,2009,0.0,0.4200782,0,15.430752,0.50232357,2.0928,9.958449,2.954103,99.85468,9.1260891
361000,2010,0.0,0.4628429,0,15.65608,0.5163154,2.1202,9.972135,2.5158324,113.7118,9.1504841
361000,2011,0.0,0.3533495,0,15.820373,0.51184022,2.0984,10.17889,2.3511443,115.8252,8.9653349
361000,2012,0.0,0.3687889,0,15.925773,0.57541853,2.1032,10.39323,2.3176425,58.62853,9.0599823
361000,2013,0.0,0.350572,0,16.056902,0.63688761,2.1325,10.6044,2.2658966,59.39228,9.1774035
361000,2014,0.0,0.3974503,0,16.154207,0.72911334,2.1489,10.72868,2.1979063,67.2,9.2416449
361000,2015,0.0,0.5928671,0,16.218065,0.72894144,2.1737,10.81017,2.3205855,75.43078,9.267004
361000,2016,0.0,0.6842893,0,16.309465,0.93468344,2.1863,10.90792,2.5434463,72.40649,9.4460449
361000,2017,1.0,0.7333643,1,16.377884,1.0556978,2.24425,10.99444,2.9557827,68.2645,9.1931944
361000,2018,1.0,0.8189583,1,16.441919,1.1637543,2.3022,11.04906,3.1280093,74.88194,9.3081932
361000,2019,1.0,0.9882679,1,16.530867,1.2455286,2.3351,11.12053,3.6742818,41.12471,9.5356073
361000,2020,1.0,1.002431,1,16.571081,1.4405543,2.3431,11.18249,3.8360319,78.9537,9.5684347
361000,2021,1.0,1.028028,1,16.7031,1.4414365,2.3564,11.24333,3.801877,164.7564,9.6726894
361000,2022,1.0,1.725452,1,16.783871,1.5225058,2.3575,11.30068,3.9198546,107.3527,9.7091141
361000,2023,1.0,1.351276,1,16.828592,1.6620655,2.341059,11.35493,3.8045516,74.40836,9.7697849
361000,2024,1.0,1.073225,1,16.894205,1.7013447,2.369466,11.40637,3.7018669,41.46404,9.7610016
361100,2009,0.0,0.4203523,0,15.801332,0.68601441,2.1371,9.958449,3.2008691,27.69165,9.5332203
361100,2010,0.0,0.3971337,0,16.013849,0.64064068,2.1532,10.04908,2.6415629,27.52151,9.6600142
361100,2011,0.0,0.377406,0,16.22298,0.62321395,2.1426,10.21836,2.5173693,27.53932,9.7527227
361100,2012,0.0,0.4509273,0,16.353476,0.6541971,2.1716,10.40743,2.267848,28.49007,9.8098364
361100,2013,0.0,0.4287218,0,16.455505,0.71713436,2.2049,10.61979,2.1662729,29.96051,9.925787
361100,2014,0.0,0.4969086,0,16.556503,0.79606968,2.2223,10.6819,1.9803604,31.61816,9.9501324
361100,2015,0.0,0.533639,0,16.61936,0.89307207,2.2436,10.82802,2.0548959,33.78874,10.056938
361100,2016,0.0,0.6457033,0,16.715704,0.95838761,2.2704,10.90268,2.1779232,36.85422,10.129826
361100,2017,0.0,0.7564368,0,16.820015,1.0923806,2.28855,10.97466,2.5722148,40.1673,10.097037
361100,2018,0.0,0.8937896,0,16.914465,1.2055987,2.3067,11.07155,2.7925603,41.19138,10.161187
361100,2019,0.0,1.075397,0,17.039574,1.2468966,2.3929,11.14396,3.1493955,48.67213,10.240353
361100,2020,0.0,1.006005,0,17.082796,1.3887595,2.3925,11.18592,3.3029079,54.40834,10.299508
361100,2021,0.0,1.536667,0,17.23094,1.3796103,2.3981,11.24327,3.1917357,59.89607,10.316987
361100,2022,0.0,0.9582658,0,17.315044,1.4500645,2.4012,11.2975,3.1642931,60.97342,10.329735
361100,2023,0.0,1.20153,0,17.342459,1.6060203,2.419391,11.34895,3.0101135,64.58028,10.421984
361100,2024,0.0,0.8458334,0,17.432089,1.6417671,2.422425,11.39787,2.9598539,68.17803,10.418345
370100,2009,0.0,1.149154,0,17.327463,1.7010559,2.4547,10.48182,1.2365714,1048.572,10.339158
370100,2010,0.0,0.9742418,0,17.481768,1.6159188,2.471,10.54149,1.2655542,1063.669,10.30374
370100,2011,0.0,0.9295912,0,17.60113,1.5645143,2.4769,10.69205,1.2196158,1054.426,10.35917
370100,2012,0.0,1.017695,0,17.687477,1.5417813,2.4914,10.79608,1.222811,1083.178,10.468631
370100,2013,0.0,1.182341,0,17.772545,1.4937317,2.4986,10.9267,1.077264,1185.761,10.628303
370100,2014,1.0,1.841602,1,17.870871,1.4744211,2.5075,11.04008,1.0520798,1126.76,10.693262
370100,2015,1.0,2.002094,1,17.926422,1.5858774,2.5219,11.14182,1.071403,1141.011,10.718741
370100,2016,1.0,2.049637,1,17.99544,1.7395924,2.5403,11.25172,1.1560274,1147.395,10.768991
370100,2017,1.0,2.222469,1,18.085436,1.8014994,2.5554,11.34622,1.2316121,845.4161,10.770062
370100,2018,1.0,3.375518,1,18.179445,1.8710566,2.5705,11.42574,1.3525929,866.4207,10.796367
370100,2019,1.0,3.922434,1,18.363369,1.8663778,2.5816,11.51884,1.3696291,678.9172,10.938716
370100,2020,1.0,3.30974,1,18.434683,1.9430909,2.5804,11.5935,1.4223934,852.3891,10.981727
370100,2021,1.0,3.289829,1,18.554512,1.9550304,2.5817,11.68894,1.2829477,849.5557,11.049095
370100,2022,1.0,2.3265,1,18.605249,2.0851402,2.5827,11.77605,1.2241752,785.7341,11.099786
370100,2023,1.0,2.879052,1,18.664175,2.1705117,2.594662,11.85618,1.2870156,767.5225,11.164771
370100,2024,1.0,2.081816,1,18.722857,2.2600393,2.600875,11.93037,1.2899863,749.4431,11.24193
370200,2009,0.0,0.9814267,0,17.697872,1.0040514,2.4066,10.41203,1.1500411,353.2559,10.326366
370200,2010,0.0,1.098004,0,17.852613,1.0388333,2.4156,10.54016,1.176254,372.9349,10.415802
370200,2011,0.0,1.095485,0,18.007526,1.0502071,2.4311,10.6727,1.1623635,380.2884,10.480101
370200,2012,0.0,1.105314,0,18.106258,1.0882543,2.445,10.80064,1.1429434,385.4535,10.625854
370200,2013,0.0,1.672418,0,18.198362,1.10668,2.4572,10.9217,1.2855711,388.0651,10.589736
370200,2014,0.0,4.467782,0,18.28051,1.1182629,2.472,11.03645,1.2004689,401.5962,10.668048
370200,2015,0.0,3.078663,0,18.348118,1.158255,2.4886,11.14858,1.215184,411.5236,10.715883
370200,2016,0.0,2.361188,0,18.421808,1.1878271,2.5102,11.24656,1.2298312,430.9418,10.764456
370200,2017,0.0,3.134247,0,18.518181,1.2032528,2.5208,11.33307,1.2123903,431.1806,10.88446
370200,2018,0.0,3.54445,0,18.603128,1.2660224,2.5314,11.41685,1.2661408,486.5305,10.717436
370200,2019,0.0,3.879434,0,18.581182,1.4761797,2.5742,11.5437,1.2691692,500.3899,10.976645
370200,2020,0.0,4.384151,0,18.635872,1.6297849,2.5797,11.66234,1.2638214,513.6207,11.042122
370200,2021,0.0,3.568948,0,18.766821,1.6449817,2.5749,11.75374,1.2473632,467.4102,10.966662
370200,2022,0.0,2.818731,0,18.820866,1.7455081,2.5874,11.83748,1.3320917,475.9095,10.976012
370200,2023,1.0,3.323002,1,18.87557,1.8705158,2.568504,11.91474,1.2847384,495.5911,11.005859
370200,2024,1.0,2.745401,1,18.934641,1.8858718,2.59779,11.94549,1.2846117,515.0441,11.007236
370300,2009,0.0,0.6293159,0,17.012255,0.57060492,2.3001,10.30728,1.2578568,240.635,9.867342
370300,2010,0.0,0.5962923,0,17.171274,0.58816737,2.3101,10.43107,1.2430769,244.552,9.9462118
370300,2011,0.0,0.610571,0,17.306009,0.57078636,2.3266,10.54386,1.2436582,231.4323,9.9854364
370300,2012,0.0,0.5474628,0,17.387072,0.59309334,2.3397,10.64539,1.2310823,219.6814,10.020292
370300,2013,0.0,0.6644486,0,17.453423,0.61280274,2.3561,10.76182,1.1885056,212.5347,10.053415
370300,2014,0.0,0.7311448,0,17.511805,0.61803067,2.3727,10.84239,1.1708316,223.9953,10.124429
370300,2015,0.0,1.756844,0,17.53643,0.63651872,2.3902,10.94697,1.2043327,239.7533,10.190131
370300,2016,0.0,1.500926,0,17.602427,0.64710033,2.4068,11.03373,1.2115221,248.0347,10.220886
370300,2017,0.0,1.90358,0,17.680727,0.62866026,2.4143,11.11249,1.2335361,245.3834,10.086725
370300,2018,0.0,1.789309,0,17.741112,0.62939435,2.4218,11.1765,1.2320491,248.4931,10.095181
370300,2019,0.0,2.125922,0,17.410629,0.98216105,2.419,11.27486,1.3555301,265.5829,10.094191
370300,2020,0.0,2.142304,0,17.419104,1.0513446,2.4308,11.34756,1.6258769,282.7097,10.313576
370300,2021,0.0,2.297857,0,17.553419,1.014838,2.4206,11.41708,1.4165585,305.8618,10.185466
370300,2022,0.0,1.892691,0,17.600382,1.0696155,2.4161,11.48207,1.4004318,319.6752,10.220085
370300,2023,0.0,1.866986,0,17.635857,1.1537098,2.42799,11.54311,1.3921671,483.0561,10.298026
370300,2024,0.0,1.499294,0,17.70406,1.1686113,2.448865,11.60063,1.4037526,648.7435,10.309985
370400,2009,0.0,0.6173634,0,16.297113,0.48980889,2.204,10.20314,1.6617755,53.0598,9.2850771
370400,2010,0.0,0.6273943,0,16.427076,0.53428406,2.2263,10.32354,1.6811095,54.75283,9.3068314
370400,2011,0.0,0.5590056,0,16.563858,0.52085841,2.2486,10.46247,1.60153,55.65702,9.4422455
370400,2012,0.0,0.464463,0,16.65044,0.53818715,2.2617,10.57109,1.6085914,54.27052,9.5187073
370400,2013,0.0,0.7636869,0,16.722755,0.53045124,2.2696,10.65717,1.5896798,57.08333,9.6107264
370400,2014,0.0,0.7137055,0,16.801258,0.51248133,2.3075,10.76192,1.5753679,63.52355,9.6896753
370400,2015,0.0,0.8594796,0,16.826626,0.53066719,2.3213,10.81322,1.5832934,74.32376,9.794342
370400,2016,0.0,0.9378693,0,16.880131,0.51342118,2.3361,10.8929,1.6755742,82.38257,9.8518782
370400,2017,0.0,1.040837,0,16.952599,0.5259552,2.3489,10.97427,1.6892892,85.96411,9.833333
370400,2018,0.0,1.254374,0,16.994556,0.55896688,2.3617,11.05738,1.7466793,91.8818,9.7688122
370400,2019,0.0,1.68092,0,16.645187,0.91866952,2.3773,11.16745,1.8140041,94.86085,9.8153667
370400,2020,0.0,1.481929,0,16.66795,0.99840891,2.4022,11.23093,1.9255012,100.9812,9.8572865
370400,2021,0.0,1.483592,0,16.786951,1.029758,2.4006,11.32986,1.7235274,107.9014,9.9023371
370400,2022,0.0,1.216185,0,16.830555,1.1344777,2.4151,11.41987,1.9274278,106.6256,9.9229956
370400,2023,0.0,1.733254,0,16.886814,1.2473128,2.432245,11.50244,1.944533,78.95454,9.9959755
370400,2024,0.0,1.47901,0,16.987715,1.2814193,2.442162,11.57871,1.8495655,50.74879,10.084641
370500,2009,0.0,0.7462485,0,16.840302,0.43680102,2.1882,10.51652,1.3015881,279.3109,9.1437731
370500,2010,0.0,0.7618868,0,16.976732,0.48650047,2.2002,10.62614,1.3533901,285.5845,9.1827641
370500,2011,0.0,0.6615054,0,17.102551,0.51971799,2.2106,10.72785,1.3291972,275.2849,9.2019053
370500,2012,0.0,0.7711591,0,17.216928,0.58268279,2.2219,10.82365,1.3131102,143.1321,9.2671928
370500,2013,0.0,0.872353,0,17.296812,0.64291763,2.2332,10.9475,1.2636257,138.1444,9.3341494
370500,2014,0.0,1.263881,0,17.3508,0.73569155,2.2664,11.01491,1.1702956,143.908,9.3827801
370500,2015,0.0,1.418267,0,17.356655,0.85245931,2.2851,11.11938,1.1706394,157.4809,9.3940773
370500,2016,0.0,1.545337,0,17.365013,0.97825271,2.3083,11.19998,1.2085904,169.0363,9.3968201
370500,2017,0.0,1.647282,0,17.456865,0.9267019,2.3078,11.25076,1.1922653,168.1128,9.3248291
370500,2018,0.0,1.972386,0,17.5418,0.8362639,2.3073,11.40203,1.2523034,158.2589,9.3608274
370500,2019,0.0,3.228586,0,17.188309,1.0942531,2.3258,11.51516,1.2492486,169.7677,9.350276
370500,2020,0.0,2.955353,0,17.210354,1.1031102,2.3317,11.58311,1.2485054,184.6414,9.3638334
370500,2021,0.0,2.283687,0,17.354149,0.98191613,2.316,11.63619,1.1500802,208.298,9.3954086
370500,2022,0.0,1.770859,0,17.404846,1.019431,2.3164,11.68658,1.3917465,230.2879,9.3610849
370500,2023,0.0,2.046566,0,17.478815,1.0694749,2.225881,11.73456,1.3411584,251.8586,9.4253712
370500,2024,0.0,1.509394,0,17.578569,1.0807315,2.314168,11.78035,1.4288385,273.4293,9.5079975
370600,2009,0.0,0.5788804,0,17.426912,0.56868285,2.2439,10.34818,1.3115337,207.8666,10.164235
370600,2010,0.0,0.5394078,0,17.590214,0.57633054,2.2577,10.4398,1.361945,224.8272,10.297318
370600,2011,0.0,0.6557073,0,17.708723,0.60393661,2.2757,10.53979,1.3441395,224.7054,10.419719
370600,2012,0.0,0.6080117,0,17.782284,0.6300472,2.2917,10.63647,1.3344327,240.6136,10.491385
370600,2013,0.0,0.7256142,0,17.843336,0.66989434,2.3022,10.7808,1.2390379,255.8953,10.515262
370600,2014,1.0,1.340894,1,17.910202,0.67084432,2.328,10.87445,1.1727965,265.0643,10.50312
370600,2015,1.0,2.607549,1,17.981567,0.65510911,2.3476,11.00053,1.1858892,279.557,10.523445
370600,2016,1.0,2.974412,1,18.053329,0.65411752,2.3652,11.07005,1.1769962,298.455,10.532283
370600,2017,1.0,1.889755,1,18.111916,0.6668579,2.3721,11.14156,1.1794713,279.2737,10.367253
370600,2018,1.0,2.284755,1,18.176388,0.66514999,2.379,11.22061,1.1874982,358.8899,10.369138
370600,2019,1.0,3.13072,1,18.153193,0.71636534,2.44,11.31788,1.3008367,354.0414,10.374022
370600,2020,1.0,2.070707,1,18.174269,0.81166643,2.445,11.38894,1.3857156,373.1167,10.418435
370600,2021,1.0,2.03812,1,18.282797,0.80941087,2.4431,11.478,1.2417003,399.9399,10.435057
370600,2022,1.0,1.639643,1,18.371071,0.81011212,2.4381,11.55978,1.4533639,415.7969,10.474298
370600,2023,1.0,2.622808,1,18.43675,0.88141143,2.441998,11.63537,1.4138217,452.1997,10.527901
370600,2024,1.0,1.35471,1,18.496067,0.93161535,2.447343,11.70565,1.4381603,489.0597,10.541202
370700,2009,0.0,0.6901884,0,17.114021,0.75450748,2.2133,10.26826,1.4416816,138.5781,10.316987
370700,2010,0.0,0.6809265,0,17.246565,0.81361246,2.2296,10.42557,1.4376975,138.5314,10.442084
370700,2011,0.0,0.6578966,0,17.382742,0.82798487,2.2434,10.50906,1.4109329,136.5041,10.537442
370700,2012,0.0,0.6075321,0,17.507492,0.88023466,2.2655,10.62051,1.3902715,136.6344,10.752569
370700,2013,1.0,0.8243289,1,17.604393,0.86699027,2.2843,10.73851,1.2866459,142.468,10.749956
370700,2014,1.0,1.036778,1,17.68379,0.92989153,2.3013,10.84411,1.2268336,158.2697,10.688917
370700,2015,1.0,1.558291,1,17.761065,0.87408763,2.342,10.9534,1.2634629,222.4256,10.70699
370700,2016,1.0,1.320533,1,17.761084,0.92792219,2.342,11.0319,1.2225451,190.1032,10.743394
370700,2017,1.0,1.566806,1,17.885378,0.90398824,2.3652,11.1293,1.2583406,198.1333,10.613615
370700,2018,1.0,1.798556,1,17.93565,0.9293111,2.3884,11.15702,1.287285,202.1017,10.658764
370700,2019,1.0,2.043758,1,17.85663,1.1347455,2.415,11.22901,1.3622147,223.4434,10.754301
370700,2020,1.0,2.106888,1,17.88829,1.2750859,2.4246,11.31551,1.3872198,238.3177,10.814002
370700,2021,1.0,3.370489,1,18.065577,1.2506975,2.4167,11.38644,1.3393762,269.3793,10.852323
370700,2022,1.0,3.387353,1,18.106792,1.3568209,2.403,11.45268,1.3856182,285.9139,10.872808
370700,2023,1.0,1.92905,1,18.147034,1.4297124,2.361719,11.51479,1.4620337,317.3919,10.956074
370700,2024,1.0,1.507407,1,18.222595,1.4365891,2.40561,11.57328,1.4558034,349.0077,10.97924
370800,2009,0.0,0.4852101,0,16.923737,0.50431073,2.2098,10.34161,1.4740102,92.16779,10.150426
370800,2010,0.0,0.4127136,0,17.051369,0.53736752,2.2145,10.48628,1.4900469,96.35362,10.208211
370800,2011,0.0,0.3695868,0,17.181664,0.55704588,2.2271,10.57774,1.450461,95.2621,10.31659
370800,2012,0.0,0.3838272,0,17.27792,0.60321736,2.2421,10.70384,1.475771,100.5194,10.677177
370800,2013,0.0,0.6709837,0,17.371298,0.6260041,2.2494,10.74701,1.4170032,104.6167,10.633087
370800,2014,1.0,0.8334845,1,17.453114,0.65572709,2.2823,10.82845,1.3969772,111.0231,10.592526
370800,2015,1.0,1.547358,1,17.507666,0.65812284,2.3011,10.89816,1.3973535,119.8527,10.700252
370800,2016,1.0,0.9057876,1,17.577133,0.65623361,2.3234,10.95714,1.4192101,126.3139,10.653866
370800,2017,1.0,1.01333,1,17.652113,0.67138594,2.3354,11.03342,1.4768143,127.3703,10.503148
370800,2018,1.0,1.236947,1,17.713552,0.70751595,2.3474,11.09983,1.5489975,128.9877,10.551271
370800,2019,1.0,1.533255,1,17.592859,0.93255115,2.3667,11.2575,1.6476074,130.4989,10.616143
370800,2020,1.0,1.584975,1,17.620838,1.0638236,2.3743,11.35553,1.6894742,151.4064,10.637681
370800,2021,1.0,1.637128,1,17.741436,1.1036128,2.3688,11.34879,1.6508329,162.429,10.682239
370800,2022,1.0,1.341869,1,17.789005,1.2050697,2.3812,11.34201,1.6687396,169.7737,10.681504
370800,2023,1.0,1.617707,1,17.825748,1.3266325,2.396467,11.33517,1.6479563,183.2849,10.765956
370800,2024,1.0,1.296133,1,17.88744,1.4006901,2.412306,11.32829,1.6124345,197.0126,10.788164
370900,2009,0.0,0.5102459,0,16.657896,0.44856077,2.2566,10.15152,1.4706547,167.4847,9.7473602
370900,2010,0.0,0.44308,0,16.836754,0.44724259,2.2737,10.33865,1.5016277,171.3093,9.8807821
370900,2011,0.0,0.4917784,0,16.952877,0.45269659,2.2914,10.47731,1.5086775,175.4727,9.9564123
370900,2012,0.0,0.4226695,0,17.053017,0.47885242,2.3103,10.59632,1.5276377,180.6387,10.044162
370900,2013,0.0,0.484771,0,17.144388,0.5075416,2.3235,10.71062,1.5346276,182.4714,10.199882
370900,2014,0.0,0.6695003,0,17.217436,0.5301491,2.3503,10.78568,1.5250019,187.1065,10.132454
370900,2015,0.0,0.8589736,0,17.268158,0.57008725,2.3666,10.85582,1.5920894,193.1749,10.173896
370900,2016,0.0,0.7596837,0,17.317093,0.58390117,2.3827,10.92401,1.599277,229.9789,10.228863
370900,2017,0.0,0.9791068,0,17.393009,0.58785188,2.392,10.9963,1.7184353,214.7215,10.124749
370900,2018,0.0,1.115515,0,17.413242,0.64474976,2.4013,11.02692,1.7357258,217.6946,10.136621
370900,2019,0.0,1.29377,0,17.097925,1.0121716,2.3939,11.12554,1.8448091,232.6143,10.155879
370900,2020,0.0,1.284466,0,17.135498,1.1338816,2.3928,11.22622,1.8971111,227.0368,10.175993
370900,2021,0.0,1.478787,0,17.215708,1.1939579,2.3918,11.25343,1.8573068,236.8102,10.212588
370900,2022,0.0,1.216566,0,17.280621,1.2409344,2.3785,11.27992,1.9832518,244.0389,10.249451
370900,2023,0.0,1.52861,0,17.319265,1.3597245,2.376189,11.30573,1.9369109,226.2906,10.270662
370900,2024,0.0,1.116697,0,17.405123,1.386319,2.375197,11.33089,1.8995383,208.2872,10.325253
371000,2009,0.0,0.8132585,0,16.694904,0.53531432,2.24,10.21723,1.3354343,241.2579,9.6915312
371000,2010,0.0,0.802492,0,16.783203,0.57681477,2.2829,10.37077,1.4198402,236.0672,9.7038774
371000,2011,0.0,0.898621,0,16.865234,0.58103782,2.2981,10.47378,1.4701751,234.4169,9.7589245
371000,2012,0.0,1.10765,0,16.967331,0.56879562,2.3116,10.56618,1.5427148,238.9117,9.6929522
371000,2013,0.0,0.9111111,0,17.054068,0.59306312,2.3255,10.68452,1.3522365,241.3948,9.6673222
371000,2014,0.0,1.541444,0,17.144258,0.59439403,2.3659,10.79401,1.2708648,252.5039,9.6927052
371000,2015,0.0,1.847537,0,17.217232,0.59001261,2.3813,10.88732,1.35489,277.4406,9.6637697
371000,2016,0.0,2.072187,0,17.285051,0.58372444,2.4016,10.96495,1.2998327,333.8555,9.6482077
371000,2017,0.0,1.987695,0,17.37454,0.6165688,2.40375,11.04042,1.3166984,305.1133,9.5516577
371000,2018,0.0,2.127043,0,17.410486,0.68508106,2.4059,11.10845,1.2791282,345.4903,9.6283264
371000,2019,0.0,2.768794,0,17.204636,0.96744484,2.4013,11.17328,1.3734751,385.3697,9.672123
371000,2020,0.0,2.717973,0,17.222691,1.1180664,2.4148,11.25185,1.3883933,426.0351,9.6526518
371000,2021,0.0,2.729961,0,17.360519,1.1559055,2.4075,11.31501,1.287092,492.3359,9.6041374
371000,2022,0.0,2.054706,0,17.344221,1.3526046,2.4064,11.37442,1.8531393,532.5529,9.6051493
371000,2023,0.0,2.453189,0,17.374851,1.5104371,2.376121,11.4305,1.8132927,531.9567,9.7167969
371000,2024,0.0,2.016482,0,17.434237,1.5772431,2.443604,11.4836,1.9237876,531.3557,9.7285385
371100,2009,0.0,0.7536394,0,15.972676,0.84049278,2.2523,10.25357,1.6753795,91.99328,8.858511
371100,2010,0.0,0.5487983,0,16.142866,0.93728048,2.2566,10.41996,1.7051991,67.69588,9.0452299
371100,2011,0.0,0.5780969,0,16.312082,0.81283927,2.2712,10.51756,1.8153785,70.79931,9.1212902
371100,2012,0.0,0.5467893,0,16.420103,0.8235333,2.2907,10.59492,1.7503085,75.81048,9.1896276
371100,2013,0.0,0.7137883,0,16.523668,0.84785217,2.3017,10.69069,1.5810018,77.0941,9.2198944
371100,2014,0.0,0.9582852,0,16.595491,0.96672922,2.3235,10.81677,1.5104455,87.21334,9.2516747
371100,2015,0.0,1.165568,0,16.631399,1.1674331,2.345,10.91024,1.5238197,99.81078,9.3805895
371100,2016,0.0,1.2052,0,16.707264,1.2176356,2.3641,10.9869,1.593084,97.15,9.3928289
371100,2017,0.0,1.335757,0,16.815674,1.1005625,2.36495,11.0575,1.6434177,77.49671,9.1733656
371100,2018,0.0,1.782378,0,16.907539,1.0640858,2.3658,11.17812,1.6245219,73.3355,9.2724695
371100,2019,0.0,2.132532,0,16.785412,1.3058482,2.4016,11.28585,1.5697726,96.00974,9.3100042
371100,2020,0.0,2.233592,0,16.814238,1.4743758,2.4086,11.36078,1.6254983,118.5243,9.3347683
371100,2021,0.0,2.772581,0,16.911993,1.5138551,2.4164,11.44925,1.4432155,137.1032,9.4751635
371100,2022,0.0,1.764221,0,16.954044,1.6355027,2.4129,11.53053,1.5582045,160.1526,9.4923563
371100,2023,0.0,1.997288,0,16.989807,1.7256346,2.362343,11.6057,1.6389427,315.7745,9.5369787
371100,2024,0.0,1.583586,0,17.056931,1.7612263,2.398293,11.67561,1.5597701,473.4441,9.6295767
371300,2009,0.0,0.4695835,0,16.845215,0.62221009,2.2527,10.22799,2.0473037,53.98352,10.352651
371300,2010,0.0,0.4080116,0,16.993561,0.64092422,2.2774,10.36483,2.0476413,52.96405,10.406382
371300,2011,0.0,0.363839,0,17.137106,0.64848697,2.2997,10.53065,2.0167472,54.70953,10.49756
371300,2012,0.0,0.3905241,0,17.220968,0.70028734,2.3209,10.6487,2.051934,56.55471,10.580937
371300,2013,0.0,0.5210198,0,17.323111,0.74191839,2.3361,10.64297,1.8764151,56.40407,10.626436
371300,2014,0.0,0.6814499,0,17.390606,0.83823782,2.3471,10.8059,1.812983,58.57798,10.722694
371300,2015,0.0,0.8522383,0,17.443357,0.89356291,2.3675,10.93866,1.8795644,61.92128,10.781058
371300,2016,0.0,0.8588607,0,17.511055,0.97806108,2.3906,11.00275,1.9540431,66.38738,10.821477
371300,2017,1.0,1.014862,1,17.583689,1.0327922,2.4019,11.05785,2.0663478,72.97418,10.586458
371300,2018,1.0,1.32689,1,17.669437,1.078537,2.4132,11.12253,2.0495622,75.62457,10.685744
371300,2019,1.0,1.761857,1,17.644152,1.2861543,2.4432,11.24256,2.1539028,84.6563,10.76939
371300,2020,1.0,2.223655,1,17.687752,1.4560689,2.4512,11.29718,2.2654862,93.21622,10.806612
371300,2021,1.0,2.743306,1,17.816643,1.4921978,2.4354,11.3994,1.9698751,103.7519,10.860882
371300,2022,1.0,1.829649,1,17.872326,1.5573801,2.4259,11.49213,2.0818553,112.8077,10.907075
371300,2023,1.0,2.085827,1,17.927204,1.6418521,2.373372,11.57699,2.064203,121.9303,10.971056
371300,2024,1.0,1.565928,1,17.998476,1.6631702,2.429238,11.65521,2.0840442,131.1299,10.984547
371400,2009,0.0,0.5732061,0,16.507488,0.52381587,2.1907,9.982642,2.0769846,70.66132,9.5392847
371400,2010,0.0,0.5763794,0,16.6236,0.54881465,2.2034,10.09668,2.1247604,69.60434,9.5427332
371400,2011,0.0,0.6105035,0,16.786289,0.5101555,2.2213,10.2541,1.8549168,68.73438,9.6762104
371400,2012,0.0,0.5899221,0,16.920349,0.49866182,2.2392,10.41863,2.0136125,68.38961,9.8117008
371400,2013,0.0,0.7100726,0,17.018497,0.5262962,2.2486,10.56617,1.7821119,69.13269,9.9375029
371400,2014,0.0,0.6869341,0,17.072098,0.55655092,2.2882,10.67367,1.6073037,73.93004,9.9255915
371400,2015,0.0,1.088562,0,17.130039,0.56198996,2.2999,10.79115,1.8482339,87.2682,9.9413614
371400,2016,0.0,0.9122428,0,17.194118,0.56310242,2.3196,10.90394,1.8033003,98.50422,9.9826679
371400,2017,1.0,1.048235,1,17.262848,0.57223749,2.32655,10.9838,1.923118,106.9815,9.794342
371400,2018,1.0,1.098278,1,17.33606,0.57779801,2.3335,11.04596,2.0449977,106.3645,9.8007345
371400,2019,1.0,1.191636,1,17.224014,0.73262447,2.3757,11.1808,2.1203406,117.3139,9.862978
371400,2020,1.0,1.891515,1,17.242701,0.82297033,2.3862,11.24793,2.307374,121.4126,9.8460169
371400,2021,1.0,1.435654,1,17.36771,0.83132333,2.3783,11.29392,2.1076205,129.8356,9.8797073
371400,2022,1.0,1.20625,1,17.408154,0.90774465,2.3806,11.33789,2.438947,124.0456,9.924221
371400,2023,1.0,2.019473,1,17.454412,0.99153382,2.349708,11.38001,2.4854417,125.4592,9.9745512
371400,2024,1.0,1.218493,1,17.516319,1.0263506,2.374615,11.42043,2.4452481,126.8921,10.065606
371500,2009,0.0,0.3843524,0,16.438997,0.55938643,2.1253,9.970305,1.936879,64.04576,9.716917
371500,2010,0.0,0.4889964,0,16.60199,0.56685501,2.1572,10.15748,2.0509388,63.76918,9.7856607
371500,2011,0.0,0.3495862,0,16.770119,0.54553258,2.1798,10.30106,1.7964407,66.16518,9.8494539
371500,2012,0.0,0.5169891,0,16.882051,0.5795778,2.2072,10.42497,2.0767701,77.47182,9.9688072
371500,2013,0.0,0.754477,0,16.979242,0.59791309,2.2283,10.53745,1.9051894,70.24603,10.104795
371500,2014,0.0,0.9671949,0,17.040924,0.6653235,2.2396,10.65105,1.8307986,68.60154,10.123065
371500,2015,0.0,1.185345,0,17.097782,0.69291037,2.2517,10.78041,1.9714214,70.17677,10.12859
371500,2016,0.0,0.8719115,0,17.168631,0.73431748,2.2689,10.91914,1.8928812,71.7504,10.214935
371500,2017,0.0,1.135531,0,17.221214,0.77251691,2.29025,11.00267,2.0406253,72.63906,10.092288
371500,2018,0.0,1.272264,0,17.26618,0.77575451,2.3116,11.08883,2.1063848,73.57209,10.139706
371500,2019,0.0,1.774745,0,16.93346,1.1671799,2.3617,11.16301,2.1719987,75.99536,10.165006
371500,2020,0.0,1.683907,0,16.958368,1.2376884,2.3688,11.28928,2.3072014,90.65482,10.143921
371500,2021,0.0,1.668488,0,17.09001,1.1695243,2.3498,11.337,2.1187856,90.10802,10.168042
371500,2022,0.0,1.370748,0,17.140547,1.2353138,2.3362,11.38254,2.2221341,90.11526,10.160839
371500,2023,0.0,1.614591,0,17.191732,1.2876475,2.346888,11.4261,2.1898003,91.00786,10.221287
371500,2024,0.0,1.092905,0,17.271196,1.273478,2.314928,11.46784,2.2425098,91.91746,10.200291
371600,2009,0.0,0.4652839,0,16.421892,0.62508643,2.236,10.07941,1.5567334,127.4524,9.4773855
371600,2010,0.0,0.5933796,0,16.557329,0.65767068,2.2535,10.24013,1.5563657,127.1248,9.6960945
371600,2011,0.0,0.6506698,0,16.715603,0.69129646,2.2691,10.42565,1.5384785,122.2301,9.7665215
371600,2012,0.0,0.5730376,0,16.805086,0.75217968,2.2831,10.60822,1.5059847,120.8742,9.9920473
371600,2013,0.0,0.5207285,0,16.886223,0.76392293,2.2911,10.71686,1.4798404,122.1829,9.7944536
371600,2014,0.0,0.8965347,0,16.940825,0.80442202,2.3115,10.78881,1.4415771,127.8691,9.8285484
371600,2015,0.0,1.436991,0,16.974777,0.87395418,2.3269,10.89424,1.5151275,133.066,9.8386288
371600,2016,0.0,1.309949,0,17.022354,0.95207864,2.3494,10.9795,1.4569484,136.6505,9.8446922
371600,2017,0.0,1.382081,0,17.074045,0.94487357,2.3618,11.07827,1.4595764,137.2132,9.6625614
371600,2018,0.0,1.545466,0,17.089071,0.97852641,2.3742,11.15692,1.4356129,135.7179,9.6822796
371600,2019,0.0,1.814246,0,17.017036,1.0820333,2.3892,11.20529,1.5580367,141.4849,9.7298479
371600,2020,0.0,1.909157,0,17.03758,1.1462657,2.3987,11.29269,1.7702459,142.7547,9.7670374
371600,2021,0.0,1.723149,0,17.173105,1.0508157,2.3835,11.40003,1.6643565,106.9194,9.9114561
371600,2022,0.0,1.590076,0,17.20834,1.1559737,2.3749,11.49695,1.7460299,156.2684,9.9820213
371600,2023,0.0,2.034911,0,17.255608,1.2434611,2.388592,11.5853,1.8043237,156.944,9.9971142
371600,2024,0.0,1.162353,0,17.34334,1.2739333,2.361443,11.66648,1.857239,157.6266,10.031177
371700,2009,0.0,0.3599804,0,16.074469,0.68681931,2.0615,9.958449,2.3305924,31.97756,9.9898949
371700,2010,0.0,0.3631936,0,16.322741,0.65004522,2.1124,9.996949,2.2077253,33.76513,10.108019
371700,2011,0.0,0.3997206,0,16.560549,0.5635184,2.1615,10.20067,2.0749588,33.04501,10.158595
371700,2012,0.0,0.3478533,0,16.698833,0.59436488,2.1853,10.38015,2.0063164,33.41795,10.195896
371700,2013,0.0,0.4636971,0,16.835939,0.59538341,2.208,10.48272,2.0102882,34.89191,10.350511
371700,2014,0.0,0.8305774,0,16.91659,0.65117961,2.2297,10.58195,2.1207206,36.86655,10.406049
371700,2015,0.0,1.419397,0,16.993965,0.68115467,2.2471,10.71575,2.2540045,48.71693,10.485703
371700,2016,0.0,1.769921,0,17.058197,0.70503598,2.2681,10.83917,2.3151336,49.86897,10.611449
371700,2017,1.0,1.372355,1,17.156891,0.70566672,2.28125,10.92049,2.7352259,47.75859,10.45363
371700,2018,1.0,1.084117,1,17.24263,0.73645729,2.2944,11.01085,2.6784282,46.55805,10.5298
371700,2019,1.0,1.221823,1,17.344809,0.77008075,2.3839,11.10288,2.7892723,50.25244,10.543076
371700,2020,1.0,1.171486,1,17.36599,0.85969824,2.3994,11.17674,2.6511641,55.68924,10.583043
371700,2021,1.0,1.279065,1,17.498623,0.86106783,2.3869,11.26366,2.2301793,62.46641,10.616315
371700,2022,1.0,1.044564,1,17.554371,0.93750066,2.3906,11.34362,2.3023179,65.64055,10.688461
371700,2023,1.0,1.949232,1,17.614141,1.0197839,2.40782,11.41766,2.3221827,66.15271,10.737505
371700,2024,1.0,1.156977,1,17.687336,1.0281674,2.382825,11.48659,2.159529,66.67096,10.801716
410100,2009,0.0,1.14207,0,17.314592,1.4877371,2.3979,10.3035,1.1693252,844.0456,10.610981
410100,2010,0.0,0.8893147,0,17.514561,1.4149216,2.3764,10.39751,1.103393,674.3614,10.696073
410100,2011,0.0,1.067835,0,17.723494,1.2275043,2.37,10.48446,1.1279333,658.4457,10.8044
410100,2012,0.0,0.9943217,0,17.831856,1.2242143,2.3841,10.60835,1.1550307,650.993,10.91966
410100,2013,0.0,1.21063,0,17.942951,1.5063632,2.393,10.71311,1.1278977,813.4447,11.065763
410100,2014,0.0,1.546353,0,18.031628,1.6037136,2.442,10.81489,1.1014959,835.1887,11.1523
410100,2015,0.0,2.142889,0,18.107548,1.7314428,2.4656,10.8778,1.1729977,1016.857,11.205571
410100,2016,0.0,2.385683,0,18.211683,1.9007208,2.4935,11.02107,1.3069099,1075.368,11.301278
410100,2017,0.0,2.929715,0,18.336622,1.9570149,2.51285,11.16317,1.4337034,1110.846,11.286339
410100,2018,0.0,3.172535,0,18.43491,2.0902667,2.5322,11.30175,1.5305995,1149.86,11.363869
410100,2019,0.0,3.192744,0,18.568239,2.1884665,2.5775,11.38543,1.5628783,1215.146,11.384068
410100,2020,0.0,3.177546,0,18.603336,2.3691585,2.5773,11.40159,1.3660781,1215.146,11.42667
410100,2021,0.0,3.203128,0,18.658989,2.4715526,2.5743,11.4759,1.3275605,1215.146,11.46383
410100,2022,0.0,4.046833,0,18.678032,2.6546102,2.5714,11.54506,1.2879614,1215.146,11.498968
410100,2023,0.0,4.43642,0,18.729488,2.7054112,2.580118,11.60975,1.3034487,1215.146,11.519792
410100,2024,0.0,4.158845,0,18.794449,2.7458577,2.59637,11.67051,1.3209171,1215.146,11.539948
410200,2009,0.0,0.3712865,0,15.867998,0.42219451,2.1232,9.963282,3.2902892,135.2032,9.545598
410200,2010,0.0,0.349467,0,16.042465,0.43411213,2.0946,10.08956,3.1452258,137.3705,9.6203947
410200,2011,0.0,0.4301251,0,16.188013,0.41380078,2.1185,10.22001,2.9560201,149.8914,9.6673851
410200,2012,0.0,0.439144,0,16.306278,0.45923704,2.1312,10.1961,2.7728057,149.9081,9.7293129
410200,2013,0.0,0.6516724,0,16.428183,0.51294059,2.1417,10.47221,2.4401221,156.6172,9.9037371
410200,2014,0.0,0.7117552,0,16.518251,0.57934397,2.1634,10.48429,2.3199916,216.8256,9.993968
410200,2015,0.0,0.701448,0,16.591743,0.63397282,2.237,10.68132,2.4416375,161.2758,10.050355
410200,2016,0.0,0.85161,0,16.680622,0.67719132,2.266,10.79563,2.6125774,163.1324,9.8677568
410200,2017,0.0,1.036977,0,16.753376,0.72440207,2.302,10.85013,2.7271299,170.7567,10.020114
410200,2018,0.0,1.121321,0,16.812355,0.74854797,2.338,10.95763,2.6197636,178.2375,10.009288
410200,2019,0.0,1.57738,0,16.978451,0.7210027,2.3293,10.99016,2.7419095,185.4617,10.089884
410200,2020,0.0,1.211439,0,16.981829,0.81913775,2.3151,11.01465,2.6873617,185.2078,10.124749
410200,2021,0.0,1.209292,0,17.056931,0.84873366,2.3226,11.11812,2.3956311,130.0938,10.137176
410200,2022,0.0,1.553517,0,17.095293,0.91351402,2.3261,11.21187,2.2983115,130.3659,10.163117
410200,2023,0.0,1.395882,0,17.047895,1.0882239,2.358568,11.29759,2.6920946,135.3797,10.148979
410200,2024,0.0,1.44805,0,17.133688,1.0965774,2.385843,11.37653,3.1037939,140.4293,10.148823
410300,2009,0.0,0.6278691,0,16.811985,0.43319583,2.2433,10.17167,1.7010958,116.2644,10.099383
410300,2010,0.0,0.6044291,0,16.959768,0.48006862,2.2367,10.30588,1.6250817,116.8576,10.139311
410300,2011,0.0,0.729827,0,17.112368,0.50562972,2.2363,10.41846,1.6654191,140.7946,10.183087
410300,2012,0.0,0.7136818,0,17.210396,0.55191779,2.25,10.65484,1.6813143,167.568,10.28045
410300,2013,0.0,0.8359526,0,17.26256,0.62595785,2.2642,10.60831,1.5952731,171.1787,10.365396
410300,2014,0.0,0.8331083,0,17.307333,0.70023,2.3481,10.70289,1.5868422,178.4559,10.447989
410300,2015,0.0,1.003322,0,17.361969,0.7597757,2.3749,10.74753,1.6664689,179.5223,10.515859
410300,2016,0.0,0.9603528,0,17.458374,0.78843385,2.4085,10.84535,1.7079182,182.9403,10.644067
410300,2017,0.0,1.136689,0,17.574427,0.80982071,2.4304,10.96583,1.685482,160.2877,10.483858
410300,2018,0.0,1.271257,0,17.652979,0.8775382,2.4523,11.09702,1.743613,170.6081,10.546025
410300,2019,0.0,1.25596,0,17.734509,0.9637537,2.4397,11.22901,1.7512201,179.6671,10.598159
410300,2020,0.0,1.299292,0,17.752811,1.0704234,2.4501,11.25156,1.7948825,187.8677,10.643064
410300,2021,0.0,1.41887,0,17.81316,1.0951202,2.4674,11.32586,1.6126679,200.7247,10.636697
410300,2022,0.0,1.332918,0,17.854166,1.0969192,2.473,11.39502,1.5785713,211.134,10.661462
410300,2023,0.0,1.685847,0,17.819565,1.257283,2.53167,11.4597,1.6488302,217.9114,10.663499
410300,2024,0.0,1.341649,0,17.879225,1.2278386,2.512666,11.52046,1.7246147,224.653,10.671765
410400,2009,0.0,0.3350177,0,16.238373,0.49455813,2.1614,10.25538,1.8701658,108.8155,9.7839718
410400,2010,0.0,0.3855705,0,16.388763,0.52972555,2.1617,10.37149,1.8439192,114.5129,9.9312973
410400,2011,0.0,0.6851339,0,16.51325,0.53528637,2.1616,10.51164,1.8381535,112.7892,9.9731073
410400,2012,0.0,0.4068732,0,16.520754,0.62506765,2.1961,10.6188,1.9528395,112.676,10.030252
410400,2013,0.0,0.4644465,0,16.56078,0.68123949,2.2089,10.6571,1.8921132,110.3386,10.073525
410400,2014,0.0,0.510088,0,16.611065,0.7588132,2.2589,10.69468,1.8477908,101.3427,10.141953
410400,2015,0.0,0.6413417,0,16.652117,0.8238259,2.2824,10.71544,2.2007656,98.11485,10.185164
410400,2016,0.0,0.8853169,0,16.719753,0.87084287,2.316,10.75276,2.2148499,101.9595,10.203815
410400,2017,0.0,0.8475661,0,16.808569,0.86556584,2.344,10.8729,2.3091853,141.2434,9.9949265
410400,2018,0.0,1.037526,0,16.876667,0.87515861,2.372,11.0153,2.3484936,126.9649,10.105775
410400,2019,0.0,1.123,0,16.98225,0.87245125,2.3926,11.03737,2.3613875,130.0158,10.134758
410400,2020,0.0,0.991193,0,17.01663,0.95539296,2.3819,11.08632,2.2522209,137.4702,10.148705
410400,2021,0.0,1.027281,0,17.109123,0.97512436,2.3911,11.14073,1.6550533,147.2456,10.218298
410400,2022,0.0,1.295228,0,17.161547,0.98164564,2.3901,11.19233,1.8399295,155.6088,10.200959
410400,2023,1.0,1.170737,1,17.118727,1.1225336,2.415623,11.24141,1.7901858,166.914,10.271943
410400,2024,1.0,1.134649,1,17.159079,1.1787735,2.429044,11.28818,2.0103862,178.2193,10.301861
410500,2009,0.0,0.7181765,0,16.235773,0.44019291,2.1456,10.08967,2.2055492,70.68358,9.701004
410500,2010,0.0,0.5755418,0,16.39238,0.46253192,2.143,10.19524,2.1622365,82.36153,9.8002357
410500,2011,0.0,0.5231342,0,16.514591,0.42661002,2.177,10.292,2.2563798,87.50211,9.7978497
410500,2012,0.0,0.4784486,0,16.567192,0.44129705,2.1859,10.43181,2.4507678,95.89545,9.9465952
410500,2013,0.0,0.6331894,0,16.639059,0.44736719,2.1926,10.45198,2.3511674,103.4585,10.011714
410500,2014,0.0,0.5293425,0,16.701324,0.49046719,2.2474,10.56813,2.2687666,109.9558,10.046938
410500,2015,0.0,0.7593651,0,16.751747,0.53715348,2.2773,10.63053,2.495043,118.0047,10.045117
410500,2016,0.0,0.8266134,0,16.826057,0.57186031,2.3125,10.7306,2.4839478,125.0927,10.179071
410500,2017,0.0,0.9150641,0,16.928959,0.57820946,2.344,10.8415,2.4438703,134.5369,9.9780378
410500,2018,0.0,0.9887081,0,16.990738,0.61158574,2.3755,11.01992,2.3448679,144.4769,9.9962034
410500,2019,0.0,0.9936725,0,16.919649,0.75011665,2.3748,11.04655,2.4657366,156.628,10.073315
410500,2020,0.0,1.003619,0,16.951004,0.83903927,2.3539,11.11316,2.4659276,171.973,10.081132
410500,2021,0.0,1.112647,0,17.008043,0.92782044,2.3708,11.21121,1.8660386,177.5293,10.109567
410500,2022,0.0,1.899192,0,17.039175,1.0360316,2.3719,11.3005,1.9295087,204.6751,10.086226
410500,2023,1.0,2.18309,1,17.02877,1.175177,2.407926,11.38246,1.8991057,217.3946,10.171413
410500,2024,1.0,1.414707,1,17.100924,1.1518215,2.424123,11.45822,1.8747766,230.1141,10.174926
410600,2009,0.0,0.4599161,0,15.106471,0.61939907,2.0695,9.958449,2.5733502,54.75937,8.5891418
410600,2010,0.0,0.4280778,0,15.272076,0.62554121,2.069,10.16037,2.6689823,61.08608,8.6420622
410600,2011,0.0,0.4982937,0,15.425986,0.56590939,2.069,10.31776,2.6501725,61.46252,8.6469927
410600,2012,0.0,0.4830779,0,15.512557,0.61665863,2.0823,10.43534,2.5565956,64.47578,8.7506828
410600,2013,0.0,0.5934901,0,15.643471,0.62619776,2.0865,10.53424,2.1927295,64.50272,8.8655939
410600,2014,0.0,0.6234272,0,15.73566,0.64254338,2.1403,10.53808,1.9966968,68.12463,8.8948078
410600,2015,0.0,0.7765201,0,15.785769,0.67563057,2.1745,10.58775,2.1743295,71.91537,8.9429836
410600,2016,0.0,0.9587647,0,15.859052,0.69556475,2.1873,10.65547,2.0823951,81.37059,8.9467649
410600,2017,0.0,0.905,0,15.92893,0.71666867,2.2074,10.75515,2.0494268,93.57647,8.973732
410600,2018,0.0,1.096433,0,15.969481,0.70775449,2.2275,10.91449,2.0231807,101.3333,8.9755039
410600,2019,0.0,1.385029,0,16.107035,0.65064138,2.2703,10.98191,2.0805202,119.2281,9.0025778
410600,2020,0.0,2.260234,0,16.098913,0.71807164,2.2763,10.97331,2.198036,134.0234,9.0135956
410600,2021,0.0,1.234327,0,16.18107,0.7621612,2.2846,11.06645,2.3103404,154.1813,9.0190592
410600,2022,0.0,2.397558,0,16.219749,0.77182347,2.2788,11.15165,2.6179404,179.2151,9.014204
410600,2023,0.0,2.030983,0,16.150562,0.97496545,2.329433,11.23016,2.0675342,183.2023,8.9841919
410600,2024,0.0,1.591897,0,16.207937,1.0149416,2.352799,11.30296,2.339026,187.1437,8.9077473
410700,2009,0.0,0.3632817,0,16.110043,0.62592578,2.171,9.958449,2.3543487,175.6886,9.9230938
410700,2010,0.0,0.3618388,0,16.292,0.59863573,2.1589,9.997365,2.2452989,190.6485,9.9972515
410700,2011,0.0,0.3627265,0,16.516474,0.53850579,2.1571,10.14453,2.2188725,210.418,10.053071
410700,2012,0.0,0.436175,0,16.60038,0.53617519,2.1811,10.31841,2.2289913,228.4182,10.141913
410700,2013,0.0,0.517296,0,16.686867,0.58806628,2.1937,10.42049,2.06758,226.8672,10.20003
410700,2014,0.0,0.5605392,0,16.769377,0.61265451,2.1971,10.54182,2.0089636,226.8882,10.253933
410700,2015,0.0,0.7022465,0,16.798679,0.64614075,2.2768,10.61823,2.1509118,224.7867,10.300753
410700,2016,0.0,0.8329102,0,16.891426,0.61816251,2.2986,10.69732,2.199914,233.6099,10.402504
410700,2017,0.0,1.055379,0,16.975807,0.63777333,2.32045,10.79725,2.3153169,239.7063,10.196456
410700,2018,0.0,1.260732,0,17.044952,0.68350053,2.3423,10.96523,2.3390608,249.2469,10.230054
410700,2019,0.0,1.588268,0,17.188993,0.69492149,2.3675,11.02107,2.4822264,263.6446,10.280107
410700,2020,0.0,1.35979,0,17.221363,0.77770656,2.357,11.05894,2.4383516,272.6472,10.379815
410700,2021,0.0,1.363413,0,17.291506,0.82910174,2.3722,11.11039,2.1139984,291.6407,10.353353
410700,2022,0.0,1.770837,0,17.360519,0.86934978,2.3569,11.15932,2.1021485,316.3752,10.385821
410700,2023,0.0,1.612522,0,17.326458,1.0062122,2.398581,11.20597,2.0284491,326.8821,10.38724
410700,2024,0.0,1.561043,0,17.390661,1.0361472,2.404933,11.25053,2.0652239,337.3577,10.381056
410800,2009,0.0,0.4710574,0,16.187084,0.38183472,2.1668,10.10591,1.9018236,165.9897,9.4251289
410800,2010,0.0,0.4571763,0,16.337975,0.37801588,2.1509,10.17849,1.9190522,187.3023,9.4476233
410800,2011,0.0,0.4682432,0,16.48456,0.39614347,2.1529,10.3217,1.9433509,195.6676,9.4916773
410800,2012,0.0,0.4842363,0,16.557219,0.43329322,2.1676,10.45599,1.9495379,213.9259,9.5813522
410800,2013,0.0,0.5928494,0,16.653044,0.45298269,2.17,10.44336,1.8813899,226.0332,9.6527157
410800,2014,0.0,0.6024351,0,16.730204,0.46303391,2.2336,10.59455,1.8231639,253.8528,9.6728153
410800,2015,0.0,0.7484396,0,16.773582,0.4904151,2.2603,10.64906,1.8792136,262.1556,9.7135372
410800,2016,0.0,0.9550802,0,16.857687,0.51894808,2.2794,10.74527,1.7541095,197.869,9.9213276
410800,2017,0.0,1.091698,0,16.942314,0.53659976,2.2999,10.83919,1.7904962,215.1051,9.7544069
410800,2018,0.0,1.135094,0,16.981617,0.57071334,2.3204,10.98925,1.8484902,239.5201,9.790823
410800,2019,0.0,1.264558,0,17.133688,0.5488106,2.3555,11.03216,1.9019883,268.4772,9.8424101
410800,2020,0.0,1.14255,0,16.871397,0.81419885,2.4312,11.076,2.0262487,284.6335,9.846653
410800,2021,0.0,1.274355,0,16.877499,0.84531516,2.467,11.14528,1.6851149,295.6344,9.980402
410800,2022,0.0,1.683801,0,16.922337,0.78827286,2.465,11.21006,1.6861198,298.2264,9.9754362
410800,2023,1.0,1.579216,1,16.92189,0.90017533,2.493664,11.2709,2.1068273,314.573,9.9667912
410800,2024,1.0,1.561192,1,16.980564,0.91040057,2.522327,11.32826,2.5844707,331.0081,9.9667912
410900,2009,0.0,0.7501361,0,15.70505,0.32658055,2.0608,10.08773,3.2183459,28.79867,9.2609386
410900,2010,0.0,0.4840056,0,15.863724,0.56174105,2.0578,10.20919,2.9861462,29.48784,9.3826113
410900,2011,0.0,0.5640182,0,16.009779,0.32658055,2.0636,10.38994,3.0360062,29.14066,9.4328442
410900,2012,0.0,0.5371469,0,16.10774,0.32658055,2.0704,10.46861,3.1325948,27.47923,9.4455709
410900,2013,0.0,0.6856458,0,16.240738,0.33530205,2.0755,10.53439,2.873579,23.66643,9.6210585
410900,2014,0.0,0.6950059,0,16.34412,0.36802533,2.173,10.63938,2.5844958,19.10483,9.7043047
410900,2015,0.0,0.7690263,0,16.402027,0.40904421,2.1973,10.68251,2.767874,19.58229,9.7834082
410900,2016,0.0,0.884873,0,16.489353,0.43861079,2.229,10.74132,3.0711629,25.89376,9.8460703
410900,2017,0.0,1.034352,0,16.578976,0.46946022,2.2623,10.84582,3.2075741,33.89352,9.5639505
410900,2018,0.0,0.9763908,0,16.621576,0.52154464,2.2956,10.92953,3.3829088,40.77931,9.7156506
410900,2019,0.0,1.046912,0,16.576153,0.64669603,2.3956,11.15888,3.4828761,48.11751,9.7036943
410900,2020,0.0,1.099125,0,16.618872,0.75903499,2.3557,11.19958,3.4473467,57.91024,9.6523304
410900,2021,0.0,1.296299,0,16.690205,0.81915087,2.3888,11.3156,2.5722141,68.65977,9.8212461
410900,2022,0.0,1.709723,0,16.754673,0.86197799,2.3698,11.41954,2.7453978,76.06451,9.8489256
410900,2023,0.0,1.47545,0,16.733822,1.0127646,2.421071,11.51369,2.7843759,87.47806,9.8985252
410900,2024,0.0,1.721829,0,16.820698,1.0247556,2.402041,11.59973,2.9181337,98.94444,9.9150209
411000,2009,0.0,0.3797531,0,16.240974,0.42381856,2.085,10.03509,2.1302545,66.68659,9.4213305
411000,2010,0.0,0.381709,0,16.393063,0.42715645,2.0871,10.1903,2.0406373,70.13725,9.5125904
411000,2011,0.0,0.5045739,0,16.581038,0.43883377,2.1051,10.30408,2.0265915,69.09937,9.5536461
411000,2012,0.0,0.4763254,0,16.658201,0.49572819,2.1226,10.42868,1.9740767,69.77539,9.6671953
411000,2013,0.0,0.6676353,0,16.748068,0.53219908,2.1347,10.49187,1.866889,68.13226,9.6777782
411000,2014,0.0,0.5944578,0,16.853933,0.5587312,2.2154,10.63283,1.7662385,69.32173,9.7422028
411000,2015,0.0,0.6421736,0,16.893356,0.62502193,2.2538,10.68721,1.8012062,70.46378,9.750453
411000,2016,0.0,0.8624706,0,16.984236,0.61581075,2.2752,10.78384,2.0097172,75.80196,9.7859983
411000,2017,0.0,1.009606,0,17.086189,0.61331373,2.2964,10.88309,1.9715694,85.66338,9.7987375
411000,2018,0.0,0.9892927,0,17.158592,0.61758637,2.3176,10.98907,1.9185125,97.08251,9.8383617
411000,2019,0.0,1.043953,0,17.158726,0.70395595,2.3174,11.05651,2.0150814,108.2446,9.8180389
411000,2020,0.0,0.9993359,0,17.35618,0.64723247,2.3664,11.11598,2.0026033,119.5527,9.8393755
411000,2021,0.0,1.130039,0,17.414192,0.67318684,2.3779,11.15813,1.7224765,134.039,9.9149218
411000,2022,0.0,1.409123,0,17.439051,0.69983876,2.377,11.19858,1.7010216,141.6452,9.9955196
411000,2023,0.0,1.508499,0,17.293051,0.87950605,2.434269,11.23746,1.6430511,171.9298,10.040071
411000,2024,0.0,1.350994,0,17.353857,0.87541258,2.434599,11.27488,1.9800912,202.2144,9.9934654
411100,2009,0.0,0.3812076,0,15.593344,0.41809279,2.0452,9.958449,2.8931322,86.40924,8.863616
411100,2010,0.0,0.3359069,0,15.733161,0.44262308,2.048,9.958449,2.6776159,91.6149,8.8939848
411100,2011,0.0,0.4026411,0,15.832678,0.40315479,2.056,10.14782,2.596653,102.3444,8.9763889
411100,2012,0.0,0.4606546,0,15.891351,0.39005446,2.0694,10.36521,2.6845777,102.8836,9.2211819
411100,2013,0.0,0.4327498,0,15.969057,0.39919737,2.0724,10.46257,2.3440809,107.8993,9.2981682
411100,2014,0.0,0.5631796,0,16.057453,0.44644636,2.1311,10.56398,2.1623857,96.16048,9.3504505
411100,2015,0.0,0.7154529,0,16.11092,0.50781018,2.1559,10.63077,2.4003215,99.01507,9.4369183
411100,2016,0.0,0.8298513,0,16.196838,0.59267491,2.1659,10.63077,2.3602049,114.3606,9.4369183
411100,2017,0.0,0.9042322,0,16.270851,0.61248052,2.19355,10.83331,2.1172915,115.2172,9.2741594
411100,2018,0.0,3.061198,0,16.330513,0.64314556,2.2212,10.83331,2.0831513,115.2172,9.2922888
411100,2019,0.0,6.706883,0,16.574253,0.57597363,2.3637,11.02534,2.2433569,145.0522,9.3590193
411100,2020,0.0,2.191723,0,16.571716,0.6689288,2.3812,11.06556,2.3161821,166.1011,9.3825274
411100,2021,0.0,1.595188,0,16.661001,0.66214216,2.3895,11.16766,1.8641925,170.0301,9.5123692
411100,2022,0.0,1.519135,0,16.713079,0.68888706,2.38,11.26029,1.8708962,166.6617,9.5218611
411100,2023,0.0,2.817895,0,16.68568,0.78535932,2.426707,11.34506,1.9374437,160.7857,9.5115557
411100,2024,0.0,4.742744,0,16.744034,0.80353695,2.426707,11.42321,1.9390219,154.9098,9.5176048
411200,2009,0.0,0.4733839,0,15.765336,0.37606353,2.1758,10.19225,2.0639868,62.3018,8.9952888
411200,2010,0.0,0.4232306,0,15.983896,0.38905478,2.1546,10.32405,1.9152261,66.47851,9.0351534
411200,2011,0.0,0.5003546,0,16.14809,0.36991921,2.1543,10.42312,2.059073,67.21631,9.0986261
411200,2012,0.0,0.5275984,0,16.23794,0.41456723,2.1595,10.58129,1.9984435,66.20522,9.2730331
411200,2013,0.0,0.5959876,0,16.2938,0.45983237,2.1738,10.66743,1.8837827,60.64815,9.3593636
411200,2014,0.0,0.6799386,0,16.333256,0.47339657,2.1952,10.70004,1.7916533,56.04478,9.4033546
411200,2015,0.0,0.7455207,0,16.34207,0.53696549,2.2288,10.70488,1.8398283,57.16038,9.443038
411200,2016,0.0,0.8549345,0,16.40016,0.52880567,2.2489,10.74676,1.8658721,61.28821,9.4433546
411200,2017,0.0,1.031667,0,16.487879,0.53279799,2.2711,10.95443,1.9647323,71.67544,9.3003635
411200,2018,0.0,1.101894,0,16.542137,0.52898461,2.2933,11.07563,2.0292418,77.26872,9.4065647
411200,2019,0.0,1.190044,0,16.485512,0.6364575,2.3229,11.09941,2.0337787,104.0396,9.4185734
411200,2020,0.0,1.163885,0,16.490349,0.63746679,2.3239,11.15292,2.0026278,112.8786,9.4342833
411200,2021,0.0,1.211504,0,16.577417,0.61599571,2.3357,11.2583,1.7585874,139.7788,9.5084429
411200,2022,0.0,2.321067,0,16.634506,0.63094145,2.3296,11.35364,1.9844097,157.3378,9.5332203
411200,2023,0.0,2.128973,0,16.600521,0.73020077,2.354577,11.44067,2.0117145,234.6741,9.5797634
411200,2024,0.0,1.544888,0,16.599905,0.80606735,2.379553,11.52073,1.9945582,312.704,9.5499506
411300,2009,0.0,0.2781481,0,16.657211,0.40774518,2.0614,9.958449,3.6237035,54.38412,10.034515
411300,2010,0.0,0.2781481,0,16.787645,0.42362922,2.0685,10.05655,3.5778449,56.23626,10.154246
411300,2011,0.0,0.2781481,0,16.907604,0.44192389,2.0923,10.18625,3.5552249,54.54909,10.250617
411300,2012,0.0,0.3557407,0,16.968557,0.47564018,2.1164,10.32378,3.7293873,55.71251,10.385759
411300,2013,0.0,0.6065585,0,17.034075,0.53063959,2.1336,10.49398,3.4643803,58.30828,10.485983
411300,2014,0.0,0.9695192,0,17.102259,0.58025932,2.1846,10.62552,3.2005966,59.58947,10.559608
411300,2015,0.0,0.6556836,0,17.171297,0.60107005,2.2077,10.67086,3.2838414,62.69331,10.531296
411300,2016,0.0,0.7031381,0,17.254314,0.60525012,2.231,10.76781,3.2847927,67.31213,10.590616
411300,2017,1.0,0.7209417,1,17.325651,0.63609993,2.2618,10.85651,3.3406305,72.04,10.423352
411300,2018,1.0,0.8562278,1,17.389757,0.65723544,2.2926,10.95872,3.565999,73.14539,10.552997
411300,2019,1.0,0.8981114,1,17.457037,0.69301051,2.3691,10.97095,3.581161,79.23325,10.921088
411300,2020,1.0,1.05766,1,17.485716,0.76473349,2.3466,11.02033,3.6833084,90.09473,10.952559
411300,2021,1.0,1.1184,1,17.586432,0.76573622,2.3475,11.07983,3.075942,102.082,10.850947
411300,2022,1.0,1.592683,1,17.634321,0.80301207,2.3578,11.13599,3.0033064,106.1553,10.894329
411300,2023,1.0,1.805549,1,17.638046,0.93150157,2.390152,11.18916,2.8222189,112.0448,10.92628
411300,2024,1.0,1.300708,1,17.703035,0.94266903,2.362222,11.23965,3.6903927,117.9438,10.924517
411400,2009,0.0,0.2781481,0,16.113634,0.52126765,2.001,9.982912,4.2727489,82.20383,9.7884693
411400,2010,0.0,0.3569024,0,16.252443,0.5312739,2.011,10.09653,4.1853294,83.96641,9.8924265
411400,2011,0.0,0.4587613,0,16.386879,0.44940552,2.0393,10.17326,4.0577598,83.24126,10.020114
411400,2012,0.0,0.5044535,0,16.45262,0.50164509,2.0699,10.33932,4.0790701,82.22032,10.039852
411400,2013,0.0,0.5810312,0,16.548721,0.54179984,2.0857,10.50933,3.6677816,80.01167,10.211818
411400,2014,0.0,0.5214384,0,16.647333,0.59328997,2.1254,10.69577,3.4948742,81.70264,10.246722
411400,2015,0.0,0.6011404,0,16.712616,0.62783897,2.1661,10.68842,3.4476912,87.61406,10.328886
411400,2016,0.0,0.9003787,0,16.805805,0.64779025,2.1977,10.76865,3.5971808,93.25793,10.356091
411400,2017,0.0,0.8423303,0,16.904528,0.65231425,2.23235,10.86937,3.5939815,99.02736,10.099712
411400,2018,0.0,0.9472873,0,16.988985,0.67822623,2.267,10.96265,3.2706685,104.5636,10.168885
411400,2019,0.0,1.341264,0,17.186592,0.68041039,2.2954,10.99824,3.1304746,112.6448,10.239924
411400,2020,0.0,1.336311,0,17.191732,0.77659148,2.2688,11.01055,3.1174746,122.5959,10.243454
411400,2021,0.0,1.49754,0,17.243999,0.78928745,2.2522,11.05657,2.7069316,131.7964,10.541096
411400,2022,0.0,1.284872,0,17.300743,0.80170655,2.2518,11.10057,2.7639282,132.3166,10.490719
411400,2023,0.0,1.532559,0,17.252398,0.94849449,2.296269,11.14272,2.7959192,124.8346,10.55805
411400,2024,0.0,1.604391,0,17.303497,0.97700739,2.325756,11.18316,3.1133034,117.3821,10.497229
411500,2009,0.0,0.4081813,0,16.044447,0.506863,2.0699,9.971533,5.4733415,55.91935,9.481741
411500,2010,0.0,0.2953851,0,16.205954,0.52213871,2.0503,10.1148,5.0962472,61.65338,9.5418005
411500,2011,0.0,0.3080082,0,16.347366,0.50217557,2.0586,10.19737,5.0257511,62.3363,9.6152058
411500,2012,0.0,0.5119972,0,16.452652,0.53016019,2.0601,10.32519,4.9966984,65.09471,9.7843094
411500,2013,0.0,0.3900907,0,16.576256,0.57520312,2.0649,10.44578,4.4879942,83.16934,9.7843094
411500,2014,0.0,0.4541779,0,16.681896,0.63035417,2.084,10.59185,4.3533063,86.22641,9.8912125
411500,2015,0.0,0.4368346,0,16.748167,0.68749738,2.1148,10.62072,4.1173658,69.49307,9.9667912
411500,2016,0.0,0.5288767,0,16.829967,0.70796597,2.1667,10.72355,4.2773275,75.62555,10.023535
411500,2017,0.0,0.6025686,0,16.904055,0.7209776,2.2085,10.82004,4.4404292,86.99451,10.105898
411500,2018,0.0,0.636579,0,16.988466,0.72131115,2.2503,10.82004,4.7260022,92.33881,10.349071
411500,2019,0.0,0.6602083,0,17.132601,0.69201726,2.2738,11.01051,5.0067477,114.4331,9.8888311
411500,2020,0.0,0.6306915,0,17.1495,0.73273349,2.2608,11.03547,5.0344019,96.57629,10.128389
411500,2021,0.0,0.6952417,0,17.238144,0.72660345,2.2603,11.08165,4.5094385,101.9033,10.203333
411500,2022,0.0,1.072914,0,17.279995,0.75413436,2.2791,11.12579,4.686717,112.6457,10.308386
411500,2023,0.0,0.9637694,0,17.202948,0.88078541,2.412843,11.16807,4.5681581,136.1142,10.401076
411500,2024,0.0,0.9117038,0,17.240749,0.92311585,2.353863,11.20863,5.160913,159.7918,10.351565
411600,2009,0.0,0.2781481,0,16.181419,0.46911848,1.9661,9.958449,5.2792807,25.74414,9.9143782
411600,2010,0.0,0.2781481,0,16.323729,0.45849875,1.9661,10.05949,5.0562639,31.34888,10.001068
411600,2011,0.0,0.2781481,0,16.459904,0.41158897,1.9815,10.212,5.0250459,30.86637,10.073442
411600,2012,0.0,0.2781481,0,16.572172,0.40543547,1.9937,10.37635,5.3805804,31.86219,10.19817
411600,2013,0.0,0.3488238,0,16.700678,0.392993,2.003,10.50606,4.6579571,28.07747,10.269241
411600,2014,0.0,0.3452664,0,16.807276,0.4107956,2.0235,10.58382,4.2058229,28.14698,10.37149
411600,2015,0.0,0.4286897,0,16.855116,0.43928373,2.1062,10.66116,4.3193521,37.08121,10.455388
411600,2016,0.0,0.592915,0,16.935167,0.43129674,2.1363,10.74408,4.5785265,33.59889,10.499269
411600,2017,0.0,0.6208346,0,17.018135,0.44666332,2.17555,10.82494,4.5905237,33.80763,10.227778
411600,2018,0.0,0.7799523,0,17.1066,0.46051165,2.2148,10.92484,4.7832732,35.32168,10.412712
411600,2019,0.0,0.9107239,0,17.280621,0.46968788,2.2641,10.94495,4.656785,39.91965,10.487322
411600,2020,0.0,0.8643976,0,17.301968,0.5370965,2.2449,10.96105,4.6529598,44.98449,10.546814
411600,2021,0.0,1.038808,0,17.369715,0.57447499,2.246,10.98497,4.2138524,50.89507,10.586559
411600,2022,0.0,1.147963,0,17.40374,0.61562532,2.2488,11.00833,3.8333292,62.61575,10.818398
411600,2023,0.0,1.261935,0,17.321968,0.77364773,2.325335,11.03116,3.613919,60.68232,10.884723
411600,2024,0.0,2.310892,0,17.408979,0.79531133,2.350193,11.05347,3.2644126,58.74582,10.809404
411700,2009,0.0,0.2781481,0,16.013317,0.46587428,2.0494,9.958449,4.8942943,19.36138,9.9467382
411700,2010,0.0,0.3144905,0,16.170414,0.4739812,2.0296,9.975361,4.727735,34.24896,9.989665
411700,2011,0.0,0.2984867,0,16.337049,0.43446624,2.0279,10.1217,4.5137253,33.48952,9.9670725
411700,2012,0.0,0.3319506,0,16.435492,0.46876186,2.039,10.28171,4.5656729,34.17149,10.065734
411700,2013,0.0,0.450837,0,16.551189,0.49135602,2.0515,10.38396,4.2779827,35.45536,10.14278
411700,2014,0.0,0.4514882,0,16.643591,0.5553996,2.117,10.5013,4.0594401,36.07539,10.31125
411700,2015,0.0,0.5502428,0,16.709816,0.61683202,2.1538,10.53688,3.9980006,36.81678,10.284967
411700,2016,0.0,0.7289463,0,16.797646,0.62222493,2.1894,10.71063,3.9286168,25.33088,10.470532
411700,2017,0.0,0.6970655,0,16.895144,0.6522302,2.22535,10.81579,4.1424756,27.27471,10.101519
411700,2018,0.0,0.6885581,0,16.981125,0.68984932,2.2613,10.92815,3.9357944,31.28942,10.314371
411700,2019,0.0,0.7509751,0,17.126783,0.70139933,2.2569,10.99021,3.8060505,34.45851,10.395222
411700,2020,0.0,0.7592025,0,17.168568,0.78515267,2.2319,11.01162,3.6792951,37.56913,10.558414
411700,2021,0.0,0.8219855,0,17.243999,0.78658277,2.2494,11.0581,2.6403837,43.95553,10.534493
411700,2022,0.0,1.001998,0,17.298903,0.80976599,2.2541,11.10252,2.693475,48.74741,10.531509
411700,2023,0.0,0.9186321,0,17.248529,0.95335805,2.302965,11.14505,3.1034589,52.82176,10.557426
411700,2024,0.0,0.9243361,0,17.324965,0.95544261,2.33239,11.18584,3.1476696,56.90456,10.571881
420100,2009,0.0,1.088708,0,17.648676,1.6307182,2.4721,10.43019,1.5934459,1012.884,10.665811
420100,2010,0.0,1.065911,0,17.834761,1.6338165,2.484,10.57903,1.4955544,1053.426,10.717324
420100,2011,0.0,1.409538,0,18.029444,1.5021037,2.46,10.72862,1.1363256,1112.637,10.810253
420100,2012,0.0,1.510734,0,18.198015,1.44629,2.4413,10.79839,1.0687475,1152.478,10.913815
420100,2013,1.0,1.408308,1,18.321001,1.4145937,2.4401,10.89201,1.0132369,1175.572,10.975243
420100,2014,1.0,1.81853,1,18.427605,1.4363598,2.4554,11.01245,1.0672859,1162.947,11.06982
420100,2015,1.0,1.660834,1,18.507372,1.5712836,2.4772,11.09316,1.0741928,1153.773,11.181306
420100,2016,1.0,1.858777,1,18.595694,1.6273761,2.4956,11.18391,1.1532285,1137.611,11.275886
420100,2017,1.0,2.184356,1,18.714121,1.6821371,2.50875,11.28582,1.2319133,1109.662,11.270179
420100,2018,1.0,2.158575,1,18.815912,1.8076996,2.5219,11.3888,1.262059,1096.519,11.311604
420100,2019,1.0,2.463609,1,18.904526,1.8843322,2.5843,11.49316,1.4302647,1111.362,11.324618
420100,2020,1.0,2.133076,1,18.866392,2.2727888,2.5925,11.58587,1.9571093,1160.006,11.305016
420100,2021,1.0,3.041991,1,18.99262,2.2222211,2.5994,11.70856,1.4037112,1183.7,11.349794
420100,2022,1.0,3.363443,1,19.055456,2.2842119,2.5936,11.81783,1.4774308,1202.726,11.352874
420100,2023,1.0,4.399906,1,19.114428,2.3219414,2.612742,11.91632,1.3765173,1215.146,11.424018
420100,2024,1.0,5.684554,1,19.167652,2.3370628,2.640007,11.94549,1.4880232,1215.146,11.43846
420200,2009,0.0,0.373453,0,15.558763,0.62292904,2.2923,9.958449,3.1054552,124.6983,9.1425962
420200,2010,0.0,0.4063581,0,15.747206,0.6940015,2.2724,10.07167,3.0142698,157.1,9.1425962
420200,2011,0.0,0.5094579,0,16.041172,0.59466934,2.2274,10.20345,2.3751194,131.6955,9.1564121
420200,2012,0.0,0.6908222,0,16.15823,0.60073972,2.2154,10.31161,2.1327088,167.3002,9.1674328
420200,2013,0.0,2.081662,0,16.250902,0.64564854,2.221,10.42081,1.916352,139.756,9.4894857
420200,2014,0.0,0.8496794,0,16.315765,0.6884864,2.2339,10.53249,1.8700539,139.3587,9.4450169
420200,2015,0.0,1.869276,0,16.323565,0.75455177,2.2696,10.63718,2.2445555,160.7344,9.490469
420200,2016,0.0,1.280926,0,16.38472,0.77591819,2.2726,10.70434,2.109889,156.3148,9.6421232
420200,2017,0.0,1.358524,0,16.509733,0.74497575,2.2832,10.79551,2.0188069,159.8118,9.400465
420200,2018,0.0,1.149487,0,16.580149,0.76463813,2.2938,10.9048,2.1065276,167.6667,9.4362803
420200,2019,0.0,1.015385,0,16.687378,0.78083354,2.3734,10.93641,2.2223942,173.9451,9.5033827
420200,2020,0.0,0.9147986,0,16.613401,0.95595294,2.3723,11.20485,3.2452345,198.9707,9.5038309
420200,2021,0.0,1.850513,0,16.741892,0.95114905,2.4089,11.26755,1.9879071,211.7802,9.5511599
420200,2022,0.0,3.030623,0,16.832026,1.0068741,2.3867,11.32655,2.0452089,224.0293,9.5721321
420200,2023,1.0,1.58652,1,16.864309,1.1121362,2.413171,11.38226,1.90175,241.5421,9.6226482
420200,2024,1.0,1.808388,1,16.953609,1.123316,2.403437,11.43503,1.7572674,259.0549,9.6256895
420300,2009,0.0,0.4430383,0,15.522002,0.56297553,2.2962,9.958449,4.4296713,91.95119,9.451088
420300,2010,0.0,0.4415187,0,15.81263,0.54927957,2.2431,10.11558,4.7717319,126.0058,9.6010303
420300,2011,0.0,0.5722733,0,15.957047,0.5579266,2.2413,10.25964,2.7746999,171.9317,9.7052803
420300,2012,0.0,0.6437572,0,16.072763,0.61705977,2.2334,10.3578,2.7006283,135.0896,9.5064373
420300,2013,0.0,2.000692,0,16.195602,0.67695785,2.229,10.46099,3.1474719,141.1105,9.9358091
420300,2014,1.0,0.9676945,1,16.3011,0.73467398,2.2401,10.58098,3.0101087,143.1556,10.131221
420300,2015,1.0,1.43999,1,16.380552,0.79294217,2.2685,10.66139,3.2944617,148.2511,10.187049
420300,2016,1.0,1.895805,1,16.475176,0.79507691,2.2802,10.73761,3.2167826,150.8362,10.154052
420300,2017,1.0,2.025376,1,16.608097,0.79148722,2.3083,10.81442,3.1706526,148.5665,9.8116465
420300,2018,1.0,2.877435,1,16.676464,0.80701232,2.3364,10.88945,3.3020844,147.2738,9.8948002
420300,2019,1.0,2.257139,1,16.817722,0.7552979,2.3901,10.97057,3.3922639,173.7341,9.9238291
420300,2020,1.0,1.156764,1,16.767813,0.89812368,2.3875,11.29578,5.1390181,164.1225,9.9814663
420300,2021,1.0,2.250382,1,16.890055,0.88631403,2.4196,11.37344,3.2509475,179.4912,10.017307
420300,2022,1.0,2.135339,1,16.953176,0.95409799,2.404,11.44551,3.5285485,193.4189,10.099547
420300,2023,1.0,2.363136,1,16.976334,1.0704813,2.440146,11.51274,3.2860317,201.1479,10.069595
420300,2024,1.0,2.146172,1,17.060444,1.076893,2.446552,11.57572,3.3581557,208.9229,10.089054
420500,2009,0.0,0.6342776,0,16.358946,0.98990828,2.2091,9.958449,2.8491476,122.2363,9.5436649
420500,2010,0.0,0.6376866,0,16.554621,0.9150421,2.1968,10.02883,2.7793772,126.205,9.6212568
420500,2011,0.0,0.827332,0,16.879225,0.56073087,2.1702,10.165,2.0888755,133.6861,9.7156506
420500,2012,0.0,0.9917293,0,17.037935,0.57618618,2.1537,10.26454,1.9292344,141.8246,9.8580713
420500,2013,0.0,6.706883,0,17.154148,0.61190355,2.1603,10.40518,1.7491072,149.4151,9.9906282
420500,2014,0.0,1.276274,0,17.259834,0.62815428,2.1825,10.58344,1.6308985,147.7847,10.046505
420500,2015,0.0,1.31875,0,17.337391,0.63022631,2.1943,10.67549,1.585164,145.9717,10.086143
420500,2016,0.0,1.216015,0,17.428955,0.63445193,2.2127,10.762,1.7730025,147.5025,10.124589
420500,2017,0.0,1.44324,0,17.468029,0.71166271,2.24895,10.82969,2.0399277,146.0025,9.9668846
420500,2018,0.0,1.59852,0,17.520308,0.76398253,2.2852,10.91272,2.1227012,147.0944,10.009288
420500,2019,0.0,1.803657,0,17.613468,0.79029453,2.3529,11.00435,2.4793532,153.4731,10.003016
420500,2020,0.0,1.647189,0,17.5676,0.93582237,2.355,11.30286,4.2122412,156.8652,10.009468
420500,2021,0.0,3.026417,0,17.732122,0.92655909,2.3621,11.39817,2.4378128,167.9407,10.024554
420500,2022,0.0,2.553308,0,17.823389,0.93819094,2.3453,11.48517,2.5826163,178.9587,10.07116
420500,2023,0.0,3.366477,0,17.868338,1.027162,2.392417,11.56521,2.5285304,191.3342,10.102625
420500,2024,0.0,5.665039,0,17.941193,1.0694292,2.371249,11.63932,2.4526002,203.774,10.03276
420600,2009,0.0,0.3803831,0,16.301258,0.43152314,2.1876,9.958449,4.0021529,62.51358,9.6805315
420600,2010,0.0,0.4542947,0,16.548754,0.44741613,2.1759,10.10406,3.624922,63.55592,9.7890301
420600,2011,0.0,0.5977763,0,16.875259,0.38472033,2.1559,10.15692,2.5473177,95.26617,9.8289261
420600,2012,0.0,0.9239225,0,17.03517,0.39938921,2.1436,10.27916,2.2449596,104.2811,10.003559
420600,2013,0.0,1.997832,0,17.15271,0.442352,2.1525,10.25744,1.9049865,108.5952,10.169422
420600,2014,0.0,1.141646,0,17.258892,0.48177502,2.1667,10.67983,1.7570949,88.26028,10.261546
420600,2015,0.0,1.859055,0,17.336597,0.49779508,2.1936,10.77941,1.7236894,86.13712,10.356409
420600,2016,0.0,1.307963,0,17.424944,0.48789817,2.2128,10.83323,1.994794,84.53367,10.376829
420600,2017,1.0,1.599865,1,17.520485,0.49796769,2.25285,10.9803,2.0386109,85.04729,10.09386
420600,2018,1.0,1.585034,1,17.578985,0.51512855,2.2929,11.11971,2.2704625,68.93243,10.124148
420600,2019,1.0,1.287847,1,17.689417,0.51987988,2.3292,11.15171,2.4303377,86.60847,10.142662
420600,2020,1.0,1.229159,1,17.644587,0.61231482,2.3198,11.27101,4.1893206,123.0161,10.176906
420600,2021,1.0,1.820494,1,17.787498,0.59490043,2.3469,11.29851,2.8608069,131.1431,10.223866
420600,2022,1.0,1.812991,1,17.88077,0.61309826,2.323,11.32527,2.8540645,143.3914,10.264478
420600,2023,1.0,2.711767,1,17.883341,0.68906587,2.377377,11.35134,2.6546824,111.3585,10.34142
420600,2024,1.0,3.459346,1,17.926712,0.70280689,2.394878,11.37674,2.6366398,79.10499,10.341871
420700,2009,0.0,0.5379522,0,14.990195,0.32658055,2.1746,9.958449,2.6228824,87.01977,8.1828384
420700,2010,0.0,0.5579937,0,15.18996,0.3584882,2.1546,9.958449,2.7460115,92.91905,8.1831179
420700,2011,0.0,0.5999086,0,15.406561,0.35133126,2.1609,10.16741,2.1544788,104.8263,8.2427559
420700,2012,0.0,0.7642596,0,15.538974,0.40206215,2.1524,10.22357,1.8985647,115.1737,8.2374792
420700,2013,0.0,0.8065574,0,15.657551,0.42950201,2.1567,10.29646,1.8434385,119.4536,8.3916302
420700,2014,0.0,0.7817605,0,15.74215,0.44202203,2.1706,10.43534,1.769129,134.3013,8.5434456
420700,2015,0.0,0.9831353,0,15.803398,0.46176079,2.1896,10.52447,1.7991893,138.3172,8.5765934
420700,2016,0.0,1.303423,0,15.892223,0.49067459,2.2114,10.62593,1.8936926,156.7207,8.6663027
420700,2017,0.0,1.450541,0,16.019291,0.50034451,2.25155,10.7562,1.9950353,145.1171,8.4087172
420700,2018,0.0,1.226396,0,16.123383,0.51530886,2.2917,10.85401,2.1155686,135.0901,8.3440294
420700,2019,0.0,1.128304,0,16.249125,0.52333331,2.3411,10.93379,2.0867507,141.1964,8.2945499
420700,2020,0.0,1.188393,0,16.123083,0.70526367,2.3702,11.31487,2.6287436,148.3571,8.3758602
420700,2021,0.0,1.485625,0,16.268238,0.70163512,2.3754,11.40613,1.7891568,153.125,8.4213428
420700,2022,0.0,1.906455,0,16.353168,0.74716997,2.3504,11.48976,1.6033418,152.5909,8.4644251
420700,2023,0.0,2.021852,0,16.353958,0.85612774,2.415192,11.56693,1.8394736,162.2407,8.6645784
420700,2024,0.0,2.656604,0,16.41151,0.886868,2.402423,11.63857,1.6867898,172.2547,8.6926584
420800,2009,0.0,0.4313237,0,15.607431,0.4439998,2.1096,10.06162,4.5021586,61.02309,9.0687771
420800,2010,0.0,0.5062916,0,15.803481,0.43449175,2.1189,10.24194,4.1061263,63.70173,9.0912189
420800,2011,0.0,0.6776747,0,16.058971,0.38654834,2.1221,10.16643,3.1823263,65.98543,9.2097406
420800,2012,0.0,0.7702283,0,16.199915,0.40298179,2.1295,10.28105,2.80549,70.14224,9.2947731
420800,2013,0.0,0.9710771,0,16.302589,0.46599922,2.1415,10.34237,2.6534722,70.55519,9.4984474
420800,2014,0.0,0.6198136,0,16.388573,0.49844268,2.1588,10.49037,2.5630231,67.96204,9.584177
420800,2015,0.0,1.095155,0,16.446291,0.57178456,2.1851,10.58446,2.808722,47.06944,9.6536789
420800,2016,0.0,0.8854667,0,16.537464,0.57341224,2.2007,10.67464,2.690098,42.24667,9.6641512
420800,2017,1.0,1.301565,1,16.627422,0.59451687,2.22255,10.78164,2.6431301,46.06803,9.4175987
420800,2018,1.0,1.089693,1,16.73214,0.59928781,2.2444,10.8662,2.5464489,52.96587,9.4853172
420800,2019,1.0,1.012543,1,16.8281,0.61713886,2.2882,10.9313,2.6582739,64.26117,9.5572577
420800,2020,1.0,0.8974697,1,16.763102,0.74890572,2.2912,11.32922,3.9195523,78.93241,9.552084
420800,2021,1.0,1.945944,1,16.869984,0.7273578,2.3236,11.37897,2.3207676,92.74476,9.5607862
420800,2022,1.0,1.724789,1,16.907007,0.78707862,2.3203,11.42636,2.7555254,100.7817,9.571784
420800,2023,1.0,2.096277,1,16.938757,0.86032152,2.346834,11.47161,2.524992,100.7872,9.5853462
420800,2024,1.0,5.202785,1,17.018257,0.87925065,2.326754,11.5149,2.7366698,100.7929,9.6166048
420900,2009,0.0,0.3120118,0,15.721908,0.47376591,2.1343,9.958449,4.0710673,59.89825,9.2180109
420900,2010,0.0,0.3230581,0,15.895789,0.48659709,2.1216,9.974423,3.9053266,50.6619,9.1630392
420900,2011,0.0,0.428096,0,16.075356,0.4878847,2.1193,10.14734,3.3466856,51.955,9.3657188
420900,2012,0.0,0.5595179,0,16.218086,0.50015926,2.1145,10.24636,2.9033723,52.15221,9.3657188
420900,2013,0.0,1.024801,0,16.332344,0.53198838,2.1214,10.36097,2.5592172,71.48274,9.5808001
420900,2014,0.0,0.4838311,0,16.42169,0.57987136,2.1374,10.48148,2.3591976,74.62431,9.7466583
420900,2015,0.0,0.5477891,0,16.494612,0.62810624,2.1594,10.57936,2.3651834,83.20354,9.8049927
420900,2016,0.0,0.6130975,0,16.573423,0.64896542,2.1631,10.66116,2.7479985,83.5564,9.8445864
420900,2017,0.0,0.6676493,0,16.673262,0.65332156,2.1895,10.71664,2.7381754,66.04624,9.6068316
420900,2018,0.0,0.8138031,0,16.766716,0.65715623,2.2159,10.78893,2.9381955,68.7722,9.6996565
420900,2019,0.0,0.7135922,0,16.951439,0.59823167,2.3035,10.85715,3.0165393,70.70291,9.7199249
420900,2020,0.0,0.6708734,0,16.903822,0.73003435,2.2948,11.18243,4.2454014,72.14524,9.754756
420900,2021,0.0,1.252917,0,17.058884,0.72221786,2.308,11.27597,3.0072811,73.20635,9.892477
420900,2022,0.0,1.53188,0,17.139467,0.75274247,2.2986,11.36151,3.1219051,73.978,9.9123478
420900,2023,1.0,1.639476,1,17.18968,0.82948935,2.334527,11.4403,2.8255608,95.45363,9.9463072
420900,2024,1.0,2.087073,1,17.299517,0.8083455,2.320939,11.51334,2.7729053,117.2785,9.9468346
421000,2009,0.0,0.3484933,0,15.775014,0.54634249,2.0579,9.958449,3.5891335,177.3778,9.5787954
421000,2010,0.0,0.4366501,0,15.940284,0.55079716,2.0591,10.10916,3.7445984,179.0419,9.6752062
421000,2011,0.0,0.50169,0,16.160303,0.52349925,2.0613,10.12872,4.4483552,168.0957,9.7770739
421000,2012,0.0,0.6508368,0,16.297094,0.54047251,2.0735,10.34745,3.9961472,171.3222,9.9315405
421000,2013,0.0,0.7024055,0,16.406975,0.60091531,2.0754,10.49203,3.5568521,171.6732,10.062498
421000,2014,0.0,0.8742445,0,16.510469,0.64472008,2.0857,10.63927,3.1337216,169.8238,10.051391
421000,2015,0.0,0.9561871,0,16.582144,0.67313743,2.1189,10.5857,2.4890366,151.5213,10.106428
421000,2016,0.0,0.7004179,0,16.664337,0.68664014,2.1303,10.67153,3.3322535,142.0836,10.194327
421000,2017,0.0,0.9490031,0,16.771555,0.72262901,2.1526,10.94198,3.3114853,148.634,9.9252491
421000,2018,0.0,0.9395632,0,16.851511,0.76800072,2.1749,11.05988,3.2251258,128.4477,9.944006
421000,2019,0.0,0.759843,0,17.040766,0.75620961,2.2838,11.11562,3.5113502,145.3517,9.9949265
421000,2020,0.0,0.7400633,0,16.980564,0.92515689,2.2774,11.03059,5.0545435,155.4087,10.052554
421000,2021,0.0,1.195653,0,17.117256,0.9075318,2.2876,11.28517,3.2098148,256.6322,10.080043
421000,2022,0.0,1.301856,0,17.219704,0.91995317,2.2632,11.48792,3.4897261,278.616,10.11172
421000,2023,1.0,1.202926,1,17.265816,1.0055279,2.270746,11.6564,3.3310928,190.2026,10.191819
421000,2024,1.0,1.342003,1,17.372572,0.98744565,2.271544,11.80055,3.5165417,100.9322,10.184673
421100,2009,0.0,0.3887319,0,15.803645,0.43439379,2.0355,9.958449,4.7192478,51.78405,9.495594
421100,2010,0.0,0.4658477,0,15.969944,0.454804,2.0466,9.999435,4.6970129,62.00617,9.5660553
421100,2011,0.0,0.4384564,0,16.162218,0.44739482,2.0557,10.1532,4.3302937,56.45853,9.7213659
421100,2012,0.0,0.5701818,0,16.294466,0.46426943,2.0523,10.23882,4.3223763,63.78909,9.9063339
421100,2013,0.0,0.7141296,0,16.40519,0.49094939,2.0734,10.31769,3.7613885,64.3495,10.172598
421100,2014,0.0,0.8573779,0,16.495949,0.55587327,2.1089,10.31677,3.5963292,62.53709,10.227778
421100,2015,0.0,1.162314,0,16.581352,0.62376356,2.1331,10.57554,3.5758286,54.87359,10.298768
421100,2016,0.0,1.063949,0,16.664001,0.67235553,2.1631,10.63338,3.7861843,54.19946,10.435027
421100,2017,0.0,1.143892,0,16.771383,0.73256499,2.19235,10.71268,3.4087129,58.87162,9.9378891
421100,2018,0.0,0.9984345,0,16.82869,0.77897888,2.2216,10.75984,3.4660742,56.57355,10.003695
421100,2019,0.0,0.8548374,0,16.960955,0.80047286,2.2754,10.81918,3.77882,55.83604,10.020782
421100,2020,0.0,0.7532194,0,16.892822,0.99919391,2.2505,11.12501,5.7196612,62.03281,10.090216
421100,2021,0.0,1.116745,0,17.050653,1.0038768,2.2855,11.40987,3.6013563,68.53242,10.216727
421100,2022,0.0,1.17946,0,17.128969,1.0742273,2.2588,11.63132,3.9731152,75.35596,10.270454
421100,2023,0.0,1.102837,0,17.17762,1.1810404,2.283213,11.81251,3.6359742,80.24618,10.307384
421100,2024,0.0,1.909777,0,17.286545,1.1619357,2.292509,11.94549,3.8089657,85.17738,10.287661
421200,2009,0.0,0.4495751,0,15.214598,0.42335135,2.1386,9.958449,4.3548298,87.46516,8.7784796
421200,2010,0.0,0.6168545,0,15.464804,0.43602619,2.1551,9.98215,4.0641723,106.5439,8.9645681
421200,2011,0.0,0.6431764,0,15.6904,0.41919726,2.1613,10.07916,3.4551892,136.3088,8.9511814
421200,2012,0.0,0.7889225,0,15.84496,0.47005466,2.1455,10.16947,3.1325865,132.766,9.2738781
421200,2013,0.0,1.036905,0,15.981256,0.50748497,2.1413,10.276,2.6687298,129.6339,9.2387333
421200,2014,0.0,0.8983474,0,16.081692,0.55307525,2.1489,10.4852,2.5167611,135.5514,9.3073759
421200,2015,0.0,1.341367,0,16.147722,0.61060899,2.1676,10.51469,2.3842986,133.7872,9.3578119
421200,2016,0.0,0.89625,0,16.220589,0.65061265,2.1908,10.62179,2.5941925,134.8684,9.5263186
421200,2017,1.0,1.104276,1,16.329054,0.68641102,2.21495,10.70773,2.5897751,102.9572,9.1728458
421200,2018,1.0,1.185148,1,16.427359,0.70533317,2.2391,10.82291,2.719538,100.177,9.1888103
421200,2019,1.0,1.838688,1,16.584969,0.69434482,2.3073,10.91418,2.9619594,108.2787,9.2870235
421200,2020,1.0,2.098555,1,16.540091,0.84511477,2.3025,11.26102,4.4044714,133.1166,9.3191948
421200,2021,1.0,2.119704,1,16.678854,0.8425774,2.3284,11.26558,2.959712,169.2862,9.4619551
421200,2022,1.0,2.292599,1,16.747238,0.88651043,2.3399,11.27011,3.1728904,176.5066,9.5019646
421200,2023,1.0,1.522401,1,16.716383,1.0407103,2.387504,11.27463,2.9966486,141.3586,9.5694122
421200,2024,1.0,1.764704,1,16.783358,1.0725517,2.378793,11.27913,3.2014287,106.2105,9.6365881
421300,2009,0.0,0.2781481,0,15.044888,0.3629075,2.122,9.958449,6.0679617,25.75164,8.5369959
421300,2010,0.0,0.3051452,0,15.205946,0.42952073,2.1167,10.06473,6.0032415,32.55787,8.6119576
421300,2011,0.0,0.716037,0,15.460297,0.40615532,2.1284,10.20302,4.236486,30.02699,8.6995144
421300,2012,0.0,0.8206306,0,15.591344,0.43779585,2.1314,10.32911,3.7209127,33.26197,8.756053
421300,2013,0.0,0.9668478,0,15.705515,0.48933122,2.1392,10.39794,3.3715141,26.39751,9.0169983
421300,2014,0.0,1.044885,0,15.794372,0.54818249,2.1558,10.54643,2.8272116,23.92065,9.1246738
421300,2015,0.0,1.284377,0,15.876355,0.58180732,2.1839,10.57275,3.5326273,24.01881,9.2130365
421300,2016,0.0,1.356786,0,15.958138,0.61894387,2.2026,10.69707,3.2211535,24.25,9.2525377
421300,2017,0.0,1.38788,0,16.051657,0.64382005,2.217,10.79772,3.1479971,24.444,8.8757067
421300,2018,0.0,1.496853,0,16.129223,0.68261266,2.2314,10.87199,3.2531726,27.06773,8.8482218
421300,2019,0.0,1.883012,0,16.268238,0.66046333,2.2633,11.09548,3.2175348,29.99197,8.9513102
421300,2020,0.0,1.124372,0,16.210674,0.8071472,2.2486,11.17245,5.3220501,31.65992,9.0370579
421300,2021,0.0,1.333388,0,16.334013,0.79024684,2.2772,11.11776,2.9608057,32.91837,9.057189
421300,2022,0.0,1.569506,0,16.402523,0.82154608,2.2747,11.05991,3.5854585,34.65021,9.0182104
421300,2023,0.0,1.507552,0,16.404026,0.9145146,2.299552,10.99851,3.5352104,37.25726,9.0708485
421300,2024,0.0,2.0959,0,16.484127,0.92317587,2.332731,10.93309,3.5613005,39.90795,9.1428108
430100,2009,0.0,0.8034807,0,17.438454,1.3888075,2.3985,10.45989,1.2750456,771.9148,10.488743
430100,2010,0.0,0.8436388,0,17.632576,1.397316,2.3752,10.55419,1.283347,779.0527,10.59621
430100,2011,0.0,0.9669206,0,17.844307,1.3318013,2.3525,10.70314,1.2233648,787.0317,10.667885
430100,2012,0.0,0.9087345,0,17.974379,1.2917604,2.3534,10.83772,1.2730521,791.968,10.744667
430100,2013,0.0,1.110727,0,18.085646,1.3062807,2.3658,10.93993,1.3078281,865.1886,10.868702
430100,2014,0.0,1.671626,0,18.175394,1.3211161,2.3782,11.03241,1.2679912,815.4811,10.957347
430100,2015,0.0,1.739197,0,18.259354,1.4415888,2.4104,11.11641,1.2866031,836.9099,11.000882
430100,2016,0.0,2.080603,0,18.35421,1.4763256,2.4382,11.26167,1.400349,847.7299,11.079138
430100,2017,1.0,2.580282,1,18.441477,1.5652329,2.47835,11.3526,1.477617,860.9012,10.98358
430100,2018,1.0,2.428752,1,18.5163,1.6686546,2.5185,11.4435,1.4786619,965.0466,11.035567
430100,2019,1.0,2.862534,1,18.566856,1.8197105,2.5545,11.4974,1.5006709,902.2493,11.082035
430100,2020,1.0,3.256649,1,18.614849,1.9847159,2.5399,11.56744,1.3646433,931.1175,11.115622
430100,2021,1.0,3.605513,1,18.703676,2.0327194,2.5401,11.65099,1.2973036,956.3763,11.150592
430100,2022,1.0,3.861393,1,18.754721,2.1204896,2.5352,11.72809,1.3030434,992.7643,11.159161
430100,2023,1.0,4.675077,1,18.78059,2.2893674,2.580886,11.79967,1.3257835,1025.169,11.189035
430100,2024,1.0,4.091135,1,18.84392,2.2908511,2.579068,11.86647,1.3158432,1056.912,11.184686
430200,2009,0.0,0.5284222,0,16.142685,0.47324684,2.2429,10.2829,1.8338202,193.0852,9.560504
430200,2010,0.0,0.526866,0,16.361418,0.43170145,2.2281,10.41467,2.0115533,176.1242,9.6388712
430200,2011,0.0,0.4325498,0,16.565512,0.42862314,2.2251,10.5585,1.7570027,181.8779,9.728241
430200,2012,0.0,0.5703385,0,16.68416,0.461236,2.2321,10.67619,1.7003565,184.0702,9.8273087
430200,2013,1.0,0.8457958,1,16.785633,0.48130816,2.2395,10.74337,1.7474514,185.1952,9.9073305
430200,2014,1.0,0.6739207,1,16.888674,0.51330888,2.2532,10.86157,1.7446624,225.4203,9.9707727
430200,2015,1.0,0.6927429,1,16.966154,0.49787134,2.2736,10.961,1.2054597,205.403,10.054147
430200,2016,1.0,0.9775495,1,17.029757,0.53665459,2.3118,10.99244,1.2954389,232.7772,10.096419
430200,2017,1.0,1.004715,1,17.046318,0.62240696,2.36705,11.02546,1.9950721,220.6352,10.165775
430200,2018,1.0,1.061687,1,17.085667,0.69718307,2.4223,11.25073,2.4100554,231.5087,10.18573
430200,2019,1.0,1.078955,1,17.217707,0.72081095,2.4008,11.31015,2.604326,253.4726,9.980958
430200,2020,1.0,1.162829,1,17.251431,0.81381196,2.3725,11.34732,2.2962346,277.1139,10.002246
430200,2021,1.0,1.22335,1,17.347736,0.84188479,2.3723,11.40122,2.7103434,294.466,9.9929171
430200,2022,1.0,2.466777,1,17.40374,0.89349496,2.3745,11.45237,2.8325875,307.4797,10.013372
430200,2023,1.0,2.795601,1,17.417742,1.0070411,2.391637,11.50103,3.0804005,326.133,9.9967499
430200,2024,1.0,2.287758,1,17.479586,1.0316006,2.385465,11.54742,2.4234765,345.0747,9.9616623
430300,2009,0.0,0.3387184,0,15.816154,0.59263009,2.2337,10.14042,2.2602551,368.6175,9.1233654
430300,2010,0.0,0.3316838,0,16.006052,0.61063874,2.2266,10.21434,2.2543015,386.0682,9.2273941
430300,2011,0.0,0.3229074,0,16.235117,0.58502686,2.2227,10.41559,2.0666876,507.1271,9.2853546
430300,2012,0.0,0.4213845,0,16.366823,0.63474947,2.2303,10.55375,1.7126428,406.5833,9.3997202
430300,2013,0.0,0.5603312,0,16.484865,0.67543608,2.2421,10.67059,1.8737247,421.5799,9.4675379
430300,2014,1.0,0.5093654,1,16.569529,0.7085399,2.2673,10.69442,1.2774973,420.9811,9.6694727
430300,2015,1.0,0.6105292,1,16.650543,0.73751903,2.2865,10.84879,1.321847,422.7592,9.656435
430300,2016,1.0,0.7505172,1,16.742315,0.74253255,2.3155,10.9441,1.4617461,447.5172,9.7265711
430300,2017,1.0,1.04566,1,16.813864,0.8006205,2.3588,11.04983,1.3953587,462.6076,9.6097202
430300,2018,1.0,0.9176124,1,16.888832,0.82920843,2.4021,11.11076,2.435178,470.7578,9.644393
430300,2019,1.0,0.9209688,1,16.932575,0.89721161,2.3783,11.14655,2.7406538,486.4325,9.708992
430300,2020,1.0,0.8554466,1,16.969528,1.0276545,2.3543,11.17148,2.525506,537.8984,9.7348318
430300,2021,1.0,1.386312,1,17.053404,1.0536917,2.3493,11.22943,2.1586106,565.6489,9.750802
430300,2022,1.0,1.600214,1,17.110607,1.1332314,2.3517,11.28422,2.1176546,614.4607,9.8112631
430300,2023,1.0,1.717374,1,17.126783,1.1544485,2.410051,11.33615,2.3036399,654.8453,9.7440815
430300,2024,1.0,1.695362,1,17.202271,1.1157234,2.409515,11.38552,2.8608232,695.8152,9.7154093
430400,2009,0.0,0.2781481,0,16.273401,0.3921611,2.1598,10.14224,3.2318273,120.9624,9.8506136
430400,2010,0.0,0.2895455,0,16.46899,0.37364888,2.173,10.22606,2.7582903,119.3616,9.9920931
430400,2011,0.0,0.3515566,0,16.668697,0.35263032,2.1785,10.33989,2.497993,148.3078,9.9946527
430400,2012,0.0,0.3563609,0,16.789867,0.35538098,2.1852,10.42057,2.2456055,156.7708,10.148588
430400,2013,0.0,0.4458582,0,16.892565,0.39408576,2.2089,10.50122,2.3173392,129.0533,10.219028
430400,2014,0.0,0.3232344,0,16.992125,0.39871714,2.2329,10.60514,2.3806098,132.988,10.391975
430400,2015,0.0,0.4604702,0,17.074213,0.4231469,2.2496,10.71404,2.5270975,136.4032,10.536327
430400,2016,0.0,0.4844556,0,17.166471,0.45747378,2.2829,10.83502,2.6355631,148.5069,10.578979
430400,2017,0.0,0.621925,0,17.190199,0.55638814,2.3627,10.92883,3.2659881,198.8875,10.267227
430400,2018,0.0,0.854432,0,17.231934,0.60409069,2.4425,11.04017,3.293992,208.0449,10.370737
430400,2019,0.0,0.8892597,0,17.333899,0.64742869,2.4507,11.10098,3.5253286,161.5684,10.433115
430400,2020,0.0,0.9982175,0,17.373426,0.73073781,2.4177,11.15967,3.3291934,175.5032,10.454091
430400,2021,0.0,1.224319,0,17.463568,0.74372506,2.429,11.20192,3.0697646,186.628,10.49474
430400,2022,0.0,1.298946,0,17.52664,0.78261119,2.4299,11.24245,3.2353418,198.1799,10.549359
430400,2023,1.0,1.184163,1,17.551035,0.83769518,2.467934,11.28141,3.3894751,209.9403,10.531429
430400,2024,1.0,1.118757,1,17.620394,0.87179434,2.466018,11.3189,3.5422635,221.9162,10.498084
430500,2009,0.0,0.4281152,0,15.608427,0.46062016,2.141,10.01767,5.2976537,31.60546,9.7350693
430500,2010,0.0,0.3329723,0,15.799664,0.47923157,2.1402,10.12279,5.1260695,32.65741,9.7977381
430500,2011,0.0,0.3728652,0,16.020733,0.46889618,2.1091,10.29096,4.7616282,37.16113,9.8935385
430500,2012,0.0,0.3887183,0,16.146112,0.50871938,2.1216,10.4036,4.6210933,34.45651,10.090133
430500,2013,0.0,0.5534455,0,16.240347,0.56781465,2.1615,10.49016,4.5021262,33.53582,10.207067
430500,2014,0.0,0.3934188,0,16.350485,0.59605974,2.1879,10.628,4.3439927,33.64225,10.359614
430500,2015,0.0,0.4480685,0,16.445238,0.64272588,2.2021,10.76319,3.3042221,34.36941,10.404202
430500,2016,0.0,0.5464458,0,16.543531,0.68811738,2.2175,10.8654,3.3985462,35.19036,10.438957
430500,2017,0.0,0.5704843,0,16.60516,0.7800712,2.2669,10.9796,5.2360768,37.58838,10.190094
430500,2018,0.0,0.7463043,0,16.696196,0.79611725,2.3163,11.06462,5.8168545,40.62077,10.3917
430500,2019,0.0,0.6939709,0,16.884493,0.75607741,2.3974,11.09491,5.6508431,44.29782,10.412472
430500,2020,0.0,0.7938284,0,16.92947,0.87139362,2.3341,11.14167,5.603085,49.45831,10.445434
430500,2021,0.0,0.7729988,0,17.01907,0.79337376,2.3473,11.26425,4.9272594,62.36108,10.506792
430500,2022,0.0,1.165936,0,17.073223,0.97689462,2.3447,11.37342,4.979599,65.39162,10.514313
430500,2023,0.0,0.9933705,0,17.122763,1.0668049,2.319693,11.47184,5.2304792,70.76456,10.487433
430500,2024,0.0,0.744177,0,17.191732,1.0587447,2.315384,11.56144,5.3401561,76.20449,10.486206
430600,2009,0.0,0.6224493,0,16.358805,0.32658055,2.191,9.989705,3.5480537,64.41075,9.5111856
430600,2010,0.0,0.5171847,0,16.549461,0.32658055,2.1778,10.14981,3.770009,65.14798,9.5236902
430600,2011,0.0,0.5822734,0,16.759682,0.32658055,2.1692,10.33944,2.7954261,66.1683,9.6525869
430600,2012,0.0,0.5508726,0,16.906515,0.32658055,2.2114,10.3416,2.595367,68.94415,9.7040606
430600,2013,0.0,0.701875,0,17.008249,0.32658055,2.2278,10.55484,2.6415217,71.80714,9.7823362
430600,2014,0.0,0.6038878,0,17.099926,0.32658055,2.2452,10.63478,2.597096,86.4566,9.9029875
430600,2015,0.0,0.5837807,0,17.178064,0.32658055,2.2789,10.7311,2.936475,77.57579,9.8776054
430600,2016,0.0,0.6218739,0,17.249779,0.32658055,2.3032,10.79976,2.834872,79.10858,10.225172
430600,2017,0.0,0.8079894,0,17.255842,0.4190326,2.349,10.91314,3.2146111,85.60141,9.9933281
430600,2018,0.0,0.876239,0,17.345102,0.47900069,2.3948,10.98829,3.6956129,87.88752,10.017084
430600,2019,0.0,0.9133158,0,17.447819,0.52583873,2.3955,11.07945,3.5452399,93.42632,10.077272
430600,2020,0.0,0.8817844,0,17.50489,0.61411536,2.3644,11.128,3.5591562,102.288,10.205959
430600,2021,0.0,1.816317,0,17.600382,0.6453895,2.3728,11.15925,3.1261923,106.5641,10.183238
430600,2022,0.0,1.581452,0,17.667995,0.68215722,2.3762,11.18955,3.0842874,118.7724,10.187764
430600,2023,0.0,1.659621,0,17.695423,0.76612079,2.438392,11.21896,3.1599877,111.5054,10.160916
430600,2024,0.0,1.604455,0,17.752811,0.79453999,2.44117,11.24753,3.0941379,104.1327,10.12851
430700,2009,0.0,0.491203,0,16.332586,0.32658055,2.1561,10.12872,2.6737912,56.1676,9.6507864
430700,2010,0.0,0.5464044,0,16.517923,0.32658055,2.165,10.24662,2.5321312,58.3348,9.7360744
430700,2011,0.0,0.4424325,0,16.712078,0.32658055,2.1836,10.33622,2.3728027,60.27809,9.8245525
430700,2012,0.0,0.4681876,0,16.830313,0.32658055,2.2085,10.43555,2.3888574,62.16375,9.9265203
430700,2013,0.0,0.7576746,0,16.935642,0.35264531,2.2273,10.55055,2.590364,65.08729,10.041727
430700,2014,0.0,0.4076228,0,17.040031,0.36753187,2.2547,10.66528,2.6888824,68.60686,10.184749
430700,2015,0.0,0.5240651,0,17.114681,0.39883709,2.281,10.79251,2.8694139,73.41673,10.289022
430700,2016,0.0,0.5989853,0,17.201195,0.43423998,2.3147,10.92084,2.9459665,76.79378,10.348526
430700,2017,0.0,0.745231,0,17.249449,0.51112521,2.3655,10.99203,3.0005364,82.66832,9.9773417
430700,2018,0.0,1.033008,0,17.340164,0.53250742,2.4163,11.10247,3.1431231,87.59339,10.095842
430700,2019,0.0,1.128427,0,17.405674,0.5802173,2.378,11.18494,3.3158379,94.81953,10.140534
430700,2020,0.0,0.8876756,0,17.439852,0.67006135,2.3403,11.20837,3.2683599,105.0084,10.180475
430700,2021,0.0,0.9088007,0,17.517799,0.71415871,2.3537,11.24391,2.9360979,118.5,10.192007
430700,2022,0.0,1.370256,0,17.570879,0.76057309,2.356,11.27823,3.0391119,128.7393,10.148901
430700,2023,0.0,1.417148,0,17.596514,0.80373442,2.394751,11.31141,3.1705623,141.1186,10.123466
430700,2024,0.0,0.9181109,0,17.62948,0.84033924,2.403225,11.34352,3.2385635,153.7123,10.083097
430800,2009,0.0,0.4300236,0,14.577526,0.77028656,2.5035,10.1441,3.8603101,77.96333,8.5459747
430800,2010,0.0,0.3170865,0,14.701254,0.77545351,2.4947,10.18508,3.8508437,76.29135,8.510169
430800,2011,0.0,0.3198338,0,14.907575,0.73165101,2.484,10.34449,3.7292502,120.8789,8.6339092
430800,2012,0.0,0.352087,0,15.036298,0.72819543,2.4986,10.44774,3.5735259,71.36978,8.7157164
430800,2013,0.0,0.4036864,0,15.112019,0.79257113,2.4969,10.54418,3.4385316,69.85372,8.7803268
430800,2014,0.0,0.3531086,0,15.226543,0.82669568,2.5249,10.60597,2.8346789,69.26205,8.8487968
430800,2015,0.0,0.5512149,0,15.314465,0.82917213,2.5408,10.74376,3.1580768,74.1778,8.8909616
430800,2016,0.0,0.6532748,0,15.411051,0.84738255,2.559,11.08771,2.9181347,125.3275,8.9540281
430800,2017,0.0,0.8627059,0,15.498645,1.0352501,2.5894,11.06482,2.6933894,81.27059,8.7471933
430800,2018,0.0,0.993647,0,15.571497,1.1431009,2.6198,11.16525,5.0662966,87.67647,8.6857538
430800,2019,0.0,0.9946154,0,15.523889,1.4140319,2.6016,11.188,4.986485,95.88166,8.8088179
430800,2020,0.0,0.9173887,0,15.531109,1.6449409,2.5485,11.28459,6.1606493,109.365,8.8634739
430800,2021,0.0,2.662262,0,15.573368,1.8035357,2.5775,11.31717,5.0710421,143.0774,8.8974085
430800,2022,0.0,1.071377,0,15.593847,1.97484,2.5757,11.34871,6.0276227,177.515,8.9755039
430800,2023,0.0,1.182831,0,15.630335,2.2225826,2.585291,11.37929,6.1979914,212.3735,8.9374809
430800,2024,0.0,1.873152,0,15.693448,2.1365962,2.583964,11.40896,5.7452769,247.6545,8.8934355
430900,2009,0.0,0.3544151,0,15.593202,0.4520402,2.1393,10.0566,4.763217,58.54426,9.2209835
430900,2010,0.0,0.4430893,0,15.778804,0.43954286,2.1391,10.17985,4.7661877,59.99874,9.2829399
430900,2011,0.0,0.5412993,0,15.994379,0.40635106,2.1285,10.31191,4.2197986,61.04032,9.396903
430900,2012,0.0,0.5163105,0,16.13817,0.415297,2.1508,10.4388,3.9265409,59.24258,9.6345615
430900,2013,0.0,0.6811458,0,16.234215,0.44933429,2.1654,10.54103,3.8539653,61.36458,9.5905561
430900,2014,0.0,0.4902732,0,16.343754,0.43827847,2.1899,10.65849,3.9810216,65.33112,9.7827873
430900,2015,0.0,0.5501227,0,16.421463,0.45538199,2.2077,10.7954,4.0099969,67.73428,9.8698273
430900,2016,0.0,0.7276859,0,16.519003,0.48729509,2.2376,10.93096,4.5625353,71.07231,9.9816055
430900,2017,0.0,0.9374112,0,16.594467,0.56808954,2.2886,11.01459,4.8039613,77.73904,9.7783775
430900,2018,0.0,0.9231172,0,16.682487,0.60693914,2.3396,11.11954,5.0080404,83.55858,9.8477631
430900,2019,0.0,0.8741649,0,16.701427,0.70473397,2.2621,11.15435,5.1106925,93.71882,9.8741617
430900,2020,0.0,1.047179,0,16.734901,0.83083016,2.2269,11.19123,4.9436998,103.4551,9.925396
430900,2021,0.0,0.8412743,0,16.820698,0.90168542,2.2367,11.23639,3.9394889,135.2073,9.9630289
430900,2022,0.0,1.068275,0,16.863834,0.99715745,2.2207,11.2796,4.0044818,122.5,9.9857588
430900,2023,0.0,0.92234,0,16.877031,1.1196005,2.240611,11.32103,3.9217288,181.8013,9.9760408
430900,2024,0.0,1.135759,0,16.936995,1.1505992,2.238623,11.3608,4.2149239,242.4263,9.9454451
431000,2009,0.0,0.4483603,0,15.947578,0.37325883,2.2438,10.18184,2.6884534,42.46824,9.6883125
431000,2010,0.0,0.4170534,0,16.196688,0.34120581,2.2161,10.30445,2.5696938,40.64573,9.7533617
431000,2011,0.0,0.3716288,0,16.415512,0.3405734,2.2003,10.45812,2.3142321,40.68114,9.817276
431000,2012,0.0,0.4180463,0,16.535007,0.36934692,2.2137,10.54393,2.0776169,41.08278,9.9086246
431000,2013,0.0,0.590744,0,16.640171,0.39262599,2.2269,10.61631,2.0648479,42.50342,10.046202
431000,2014,0.0,0.6409985,0,16.745411,0.41673058,2.2412,10.61631,1.4625909,46.14881,10.046202
431000,2015,0.0,0.5861018,0,16.817257,0.47001833,2.2581,10.80133,1.7197963,46.30208,10.111436
431000,2016,0.0,0.7088037,0,16.908428,0.48176569,2.2832,10.92522,1.7154762,49.03925,10.291636
431000,2017,0.0,0.8130711,0,16.896589,0.57142377,2.3319,11.01567,1.9552104,52.47753,10.02893
431000,2018,0.0,0.8625981,0,16.990171,0.58037013,2.3806,11.08777,3.1225407,55.71776,10.098355
431000,2019,0.0,0.9020974,0,16.998137,0.68207192,2.4201,11.1151,3.1390655,57.36704,10.212332
431000,2020,0.0,0.801263,0,17.035585,0.77901173,2.3867,11.21356,3.2383423,61.6607,10.16022
431000,2021,0.0,0.820797,0,17.136944,0.79977679,2.3958,11.28826,2.9512417,65.56736,10.198394
431000,2022,0.0,1.407695,0,17.210018,0.85056138,2.3946,11.35776,2.8482156,69.79619,10.207695
431000,2023,1.0,1.093499,1,17.25304,0.92609298,2.404562,11.42274,2.9826355,85.27724,10.207843
431000,2024,1.0,1.093532,1,17.320467,0.95979458,2.402879,11.48375,3.0060813,100.8772,10.194551
431100,2009,0.0,0.4053455,0,15.671865,0.50022441,2.1462,10.13126,4.6118951,41.3374,9.4767733
431100,2010,0.0,0.3586178,0,15.852846,0.47281396,2.1399,10.22271,4.3746114,41.10538,9.6154051
431100,2011,0.0,0.3569075,0,16.061943,0.42477709,2.1351,10.37545,3.9716852,39.79721,9.7268105
431100,2012,0.0,0.3646945,0,16.175983,0.4369739,2.1517,10.45441,3.6996169,40.23215,9.8338699
431100,2013,0.0,0.4642467,0,16.279743,0.4713901,2.1713,10.5218,3.6799061,39.85223,9.9487476
431100,2014,0.0,0.4568553,0,16.381577,0.49171102,2.1891,10.59424,2.6807301,39.49279,10.155141
431100,2015,0.0,0.4927905,0,16.467468,0.55960643,2.1995,10.70443,3.8195944,40.76942,10.33945
431100,2016,0.0,0.5667752,0,16.566498,0.61663228,2.2343,10.87965,3.8930001,42.97829,10.42996
431100,2017,0.0,0.7160436,0,16.620476,0.71822608,2.2849,10.93689,3.9500084,44.38629,10.165775
431100,2018,0.0,0.7780775,0,16.709017,0.74936193,2.3355,11.05325,3.9017863,46.40465,10.260532
431100,2019,0.0,0.7461336,0,16.819706,0.77155948,2.342,11.10354,3.9674265,56.88975,10.282643
431100,2020,0.0,0.8253636,0,16.863834,0.85915112,2.3065,11.10708,3.8920357,58.46599,10.283566
431100,2021,0.0,1.066772,0,16.933903,0.90372831,2.3194,11.16496,3.433434,65.41732,10.324531
431100,2022,0.0,1.607599,0,16.997723,0.95615321,2.3142,11.21967,3.3093684,84.75517,10.330485
431100,2023,0.0,1.474109,0,17.032785,1.0400923,2.322877,11.27154,3.5239608,89.95667,10.310085
431100,2024,0.0,0.8226742,0,17.108751,1.0216256,2.32137,11.32086,3.4616466,95.25932,10.294245
431200,2009,0.0,0.3667269,0,15.537355,0.50354356,2.2897,10.15618,3.4839249,58.33595,9.6195316
431200,2010,0.0,0.7313231,0,15.724938,0.52758276,2.2832,10.26646,4.0803766,63.08365,9.6195316
431200,2011,0.0,0.3657254,0,15.950423,0.50443882,2.2504,10.37658,3.7495146,68.42064,9.9506092
431200,2012,0.0,0.4136496,0,16.119162,0.52220047,2.2611,10.46938,3.2216296,75.22749,10.131141
431200,2013,0.0,0.4273787,0,16.22934,0.55418873,2.2773,10.51331,3.3479145,74.06796,10.022958
431200,2014,0.0,0.5895147,0,16.284658,0.58894366,2.2736,10.67674,2.8054559,69.6746,10.191632
431200,2015,0.0,0.5789047,0,16.359667,0.65387464,2.292,10.7997,3.0194182,72.52475,10.214386
431200,2016,0.0,0.7380497,0,16.454809,0.6540336,2.3316,10.91208,3.0419781,55.83556,10.299004
431200,2017,0.0,0.715479,0,16.455482,0.73454392,2.38855,11.03563,2.9992714,58.36207,10.067136
431200,2018,0.0,0.7816985,0,16.532368,0.74414784,2.4455,11.10194,5.15204,59.60496,10.14006
431200,2019,0.0,0.7942748,0,16.598669,0.7913835,2.4443,11.19747,4.9356942,63.4332,10.218699
431200,2020,0.0,0.7777948,0,16.632116,0.907974,2.4031,11.23921,4.8379688,75.39214,10.24153
431200,2021,0.0,0.7649326,0,16.715832,0.93795657,2.4061,11.28646,4.1940956,120.3873,10.314305
431200,2022,0.0,1.17706,0,16.748302,1.0386368,2.3975,11.33158,4.2566752,135.47,10.370737
431200,2023,0.0,1.220078,0,16.785412,1.1485856,2.407027,11.37475,4.5127172,99.19806,10.256817
431200,2024,0.0,1.051735,0,16.857172,1.1480153,2.398993,11.41614,4.5685577,62.64328,10.232216
431300,2009,0.0,0.2851164,0,15.553013,0.5948385,2.1676,9.958449,4.4635959,57.93879,9.0819387
431300,2010,0.0,0.3037253,0,15.73053,0.58835369,2.1684,9.958449,3.509779,59.28313,9.0996323
431300,2011,0.0,0.3311611,0,15.952351,0.53441066,2.1383,10.34392,3.3203738,60.0872,9.2963343
431300,2012,0.0,0.3647328,0,16.120745,0.52894604,2.1504,10.46065,3.1876483,55.87026,9.4289131
431300,2013,0.0,0.9185134,0,16.229792,0.55545133,2.1685,10.58209,3.0310795,64.27496,9.4476233
431300,2014,0.0,0.3662396,0,16.309425,0.58153701,2.1756,10.62852,3.4598775,63.64576,9.6984911
431300,2015,0.0,0.5058521,0,16.374025,0.60284019,2.2037,10.69163,3.96804,62.03038,9.8664608
431300,2016,0.0,0.6032009,0,16.454668,0.59253162,2.2228,10.78994,3.9208186,63.41722,9.989069
431300,2017,0.0,0.7922907,0,16.462969,0.63055891,2.28615,10.88371,3.9527636,64.23348,9.7817154
431300,2018,0.0,1.841429,0,16.550146,0.64408684,2.3495,11.05764,4.3141284,74.72527,9.9103642
431300,2019,0.0,0.8078022,0,16.613401,0.71201843,2.401,11.07205,4.1835289,86.2,9.9382267
431300,2020,0.0,0.9651384,0,16.636889,0.79516184,2.3748,11.14781,4.0877671,89.24031,9.9829912
431300,2021,0.0,0.83625,0,16.720224,0.83130497,2.3801,11.23382,3.7283249,96.52679,10.042945
431300,2022,0.0,1.239955,0,16.775097,0.91497046,2.3795,11.31301,3.9051073,103.3289,9.8184195
431300,2023,0.0,1.206323,0,16.806732,1.0292809,2.398603,11.38639,3.9306648,112.1166,10.054233
431300,2024,0.0,1.254786,0,16.875156,1.0803849,2.391334,11.45475,4.2225752,120.9438,10.056852
440100,2009,0.0,2.082505,0,18.330561,1.5158138,2.5896,10.81009,1.1241906,1001.744,10.85302
440100,2010,0.0,2.200548,0,18.492842,1.5150615,2.5926,10.90585,1.1199487,1046.883,10.947433
440100,2011,0.0,2.300528,0,18.63768,1.3147269,2.5986,10.95908,1.2059971,1100.049,10.999781
440100,2012,0.0,1.906713,0,18.724571,1.3299937,2.6203,11.1201,1.2188406,1142.172,11.070443
440100,2013,0.0,1.934759,0,18.853771,1.4277549,2.6314,11.20843,1.2139863,1181.126,11.108275
440100,2014,0.0,2.290064,0,18.933916,1.4504039,2.6394,11.21514,1.1553524,1209.984,11.164289
440100,2015,0.0,2.43365,0,19.01403,1.5080407,2.6586,11.30431,1.2802894,1215.146,11.227081
440100,2016,0.0,2.879816,0,19.09094,1.4777147,2.6811,11.39747,1.3947222,1215.146,11.299324
440100,2017,0.0,3.786503,0,19.186295,1.5492026,2.6944,11.49895,1.4225035,1188.569,11.311384
440100,2018,0.0,4.553405,0,19.241253,1.7395263,2.6962,11.62482,1.5335605,1170.697,11.36223
440100,2019,0.0,4.782348,0,19.241253,1.953353,2.6962,11.72398,1.6864401,1208.589,11.417955
440100,2020,0.0,5.844252,0,19.241253,2.1397893,2.6962,11.81405,1.7138759,1215.146,11.441075
440100,2021,0.0,6.706883,0,19.241253,2.1337042,2.6962,11.87957,1.6033818,1215.146,11.483672
440100,2022,0.0,3.999701,0,19.241253,2.353869,2.6962,11.94105,1.6292697,1215.146,11.517814
440100,2023,1.0,5.122004,1,19.241253,2.4936802,2.69031,11.94549,1.5277956,1215.146,11.578713
440100,2024,1.0,5.541822,1,19.241253,2.5913079,2.6962,11.94549,1.4208703,1215.146,11.588395
440200,2009,0.0,0.5041777,0,15.571216,0.51491201,2.3096,10.24967,2.1761436,89.29778,9.2733154
440200,2010,0.0,0.4023773,0,15.736986,0.50691557,2.3014,10.3695,2.0964439,95.65071,9.3260765
440200,2011,0.0,0.4040036,0,15.915742,0.52060539,2.2976,10.48651,2.384707,102.2293,9.3774633
440200,2012,0.0,0.4898009,0,16.019905,0.51222336,2.3094,10.59984,2.4080048,102.9648,9.4145861
440200,2013,0.0,0.5348476,0,16.128119,0.57558513,2.316,10.71224,2.3449605,111.6219,9.502039
440200,2014,0.0,0.5269523,0,16.225595,0.60275036,2.342,10.80087,2.4044206,111.7229,9.5496655
440200,2015,0.0,0.5924412,0,16.257841,0.63639587,2.3614,10.91369,3.303112,116.6197,9.5951262
440200,2016,0.0,0.6478443,0,16.315628,0.63403887,2.3584,11.02622,3.1515687,116.8982,9.6440039
440200,2017,1.0,0.7969851,1,16.33744,0.70046234,2.3957,11.09345,3.5051019,115.8149,9.4371576
440200,2018,1.0,0.901543,1,16.413679,0.71160436,2.433,11.2323,3.5824504,107.6083,9.5104446
440200,2019,1.0,0.9213353,1,16.394211,0.84262347,2.3999,11.3774,3.7860899,106.9169,9.565424
440200,2020,1.0,0.9974184,1,16.42042,0.97328228,2.3637,11.49645,3.7517335,131.0623,9.5724802
440200,2021,1.0,1.016914,1,16.558928,0.96468371,2.3545,11.60054,3.3938563,148.0653,9.6620531
440200,2022,1.0,0.8024036,1,16.565342,1.0533711,2.3571,11.69481,3.9873791,134.6676,9.7291937
440200,2023,1.0,0.992908,1,16.601139,1.1108944,2.360466,11.78096,3.6424415,127.368,9.7514429
440200,2024,1.0,0.8239169,1,16.617659,1.1566249,2.374317,11.86027,3.6331449,120.0683,9.7321653
440300,2009,0.0,4.261262,0,18.222391,1.4200572,2.5315,10.75183,1.1362629,272.2068,9.8970671
440300,2010,0.0,4.715088,0,18.377932,1.4306889,2.5265,10.82884,1.1431613,259.068,9.9582596
440300,2011,0.0,6.24386,0,18.560923,1.3658615,2.5344,10.91767,1.1873635,261.3065,10.013328
440300,2012,0.0,5.5621,0,18.679195,1.3363235,2.5562,10.98546,1.0564258,262.7608,10.173705
440300,2013,1.0,6.706883,1,18.792261,1.3657424,2.5652,11.26124,1.0132369,265.3817,10.2095
440300,2014,1.0,6.706883,1,18.890799,1.4167825,2.5734,11.20494,1.0401932,263.9193,10.343097
440300,2015,1.0,6.706883,1,18.980459,1.8539275,2.5874,11.30262,1.2914774,253.8438,10.357933
440300,2016,1.0,6.706883,1,19.088131,1.8040414,2.6001,11.40486,1.3425963,238.6572,10.550722
440300,2017,1.0,6.706883,1,19.231169,1.8251076,2.5935,11.51465,1.3786377,185.3172,10.594107
440300,2018,1.0,6.706883,1,19.241253,1.9933294,2.5869,11.62365,1.2103016,198.6901,10.682101
440300,2019,1.0,6.706883,1,19.241253,2.0796301,2.6084,11.75788,1.2065389,181.8421,10.76566
440300,2020,1.0,6.706883,1,19.241253,2.2801526,2.6204,11.84536,1.0830426,186.1015,10.962007
440300,2021,1.0,6.706883,1,19.241253,2.4103384,2.6287,11.94549,1.0734026,184.5943,10.981812
440300,2022,1.0,6.493891,1,19.241253,2.4836743,2.6154,11.94549,1.2454728,297.7857,11.012759
440300,2023,1.0,6.706883,1,19.241253,2.5794113,2.600171,11.94549,1.2187039,153.7912,11.079447
440300,2024,1.0,6.706883,1,19.241253,2.5156405,2.620617,11.94549,1.2007949,20.7177,11.20693
440400,2009,0.0,1.833707,0,16.156029,1.0228894,2.4207,10.36598,1.1960466,989.4203,8.6770983
440400,2010,0.0,1.900898,0,16.307554,1.2183861,2.3987,10.44604,1.3363388,1032.939,8.7147322
440400,2011,0.0,1.846132,0,16.458084,1.166042,2.4039,10.62268,1.3275094,1103.321,8.7417755
440400,2012,0.0,1.862101,0,16.526068,1.1640878,2.4319,10.78901,1.3050596,1155.779,8.8360834
440400,2013,0.0,2.90663,0,16.626343,1.1863873,2.4372,10.93739,1.2977985,1170.488,8.8522358
440400,2014,0.0,2.96225,0,16.742542,1.2993912,2.45,11.0442,1.229993,1197.822,8.9177132
440400,2015,0.0,3.508671,0,16.823868,1.4122196,2.4581,11.12665,1.4400697,1173.855,8.9844427
440400,2016,0.0,3.941043,0,16.918468,1.7587401,2.4758,11.22432,1.4268223,1161.965,9.0139608
440400,2017,1.0,4.334706,1,17.102112,1.7572025,2.47475,11.30238,1.5710011,1149.823,9.0282192
440400,2018,1.0,5.482598,1,17.187874,1.7782131,2.4737,11.37403,1.7272174,1094.15,9.0880594
440400,2019,1.0,4.22985,1,17.352404,1.8208709,2.5217,11.52167,1.7874042,1047.301,9.1254358
440400,2020,1.0,3.537367,1,17.365702,2.2189393,2.5314,11.58323,1.787279,1023.331,9.2171173
440400,2021,1.0,3.693784,1,17.474445,2.2448108,2.5519,11.70725,1.7551715,931.1622,9.2348375
440400,2022,1.0,3.264774,1,17.515577,2.4990399,2.5231,11.81757,1.7240858,894.1226,9.2915516
440400,2023,1.0,3.537901,1,17.561007,2.5824356,2.524821,11.91692,1.3924239,405.0864,9.408371
440400,2024,1.0,3.093314,1,17.617495,2.532047,2.541835,11.94549,1.3679061,9.105305,9.4483328
440500,2009,0.0,0.4986196,0,16.153336,0.55071747,2.3402,10.14199,1.6972749,17.847,9.1758528
440500,2010,0.0,0.4375799,0,16.307867,0.54717159,2.3322,10.23066,1.6754348,17.76345,9.3427715
440500,2011,0.0,0.4318663,0,16.361624,0.57078874,2.3751,10.39773,1.7720982,17.70306,9.3877335
440500,2012,0.0,0.5085945,0,16.472277,0.55219084,2.3676,10.53784,1.7949374,17.69187,9.4223013
440500,2013,0.0,0.6992037,0,16.566559,0.62068278,2.3664,10.6607,1.7061031,17.78889,9.5109634
440500,2014,0.0,0.6457922,0,16.65839,0.6250062,2.3666,10.73505,1.7239316,18.01134,9.5628262
440500,2015,0.0,0.6712749,0,16.742977,0.64185238,2.3816,10.86473,2.1405852,18.17571,9.5915813
440500,2016,0.0,0.6529159,0,16.850931,0.62658191,2.3919,10.93073,2.1572285,19.35063,9.6795311
440500,2017,0.0,0.9022301,0,16.972923,0.65673107,2.39795,11.03197,2.2098327,19.0531,9.6384144
440500,2018,0.0,1.086749,0,17.039194,0.77426785,2.404,11.1404,2.4869971,37.97891,9.6978769
440500,2019,0.0,1.062482,0,17.109123,0.80275619,2.4352,11.24762,2.7958424,23.83916,9.7334108
440500,2020,0.0,1.050765,0,17.122763,0.80761415,2.4325,11.34332,2.9780817,52.85217,9.7651443
440500,2021,0.0,1.152249,0,17.193098,0.85347474,2.4326,11.3731,2.8213737,52.6436,9.8423567
440500,2022,0.0,0.9689119,0,17.222359,0.92843622,2.4301,11.40202,2.9671528,113.3351,9.8932858
440500,2023,0.0,1.299379,0,17.268034,0.97060025,2.427791,11.43012,2.7990592,62.74655,9.955843
440500,2024,0.0,1.217005,0,17.271196,0.98651016,2.495636,11.45745,2.752161,12.33219,10.015342
440600,2009,0.0,1.589723,0,17.691055,0.85087317,2.3301,10.43596,1.0482401,100.7752,9.8976202
440600,2010,0.0,1.352207,0,17.850021,0.86153567,2.3357,10.52088,1.1871994,106.9724,9.9815588
440600,2011,0.0,1.45595,0,18.002172,0.8533299,2.3278,10.61312,1.1373922,118.8661,10.092743
440600,2012,0.0,1.501297,0,18.007137,0.92661965,2.3386,10.74085,1.1298549,121.202,10.14006
440600,2013,0.0,1.546148,0,18.065458,1.0144266,2.3412,10.82686,1.1145163,123.9439,10.192269
440600,2014,0.0,2.05542,0,18.125181,1.0207206,2.3456,10.92735,1.0475261,121.1255,10.231496
440600,2015,0.0,1.993676,0,18.198027,0.9933303,2.3611,11.03182,1.4347326,126.9892,10.350286
440600,2016,0.0,2.18345,0,18.27334,0.98674572,2.3701,11.11524,1.1511202,124.985,10.398885
440600,2017,1.0,2.875286,1,18.358648,0.97436589,2.3879,11.19426,1.1713675,289.7167,10.393477
440600,2018,1.0,3.614508,1,18.414249,1.0413309,2.4057,11.29338,1.1470578,282.7803,10.448946
440600,2019,1.0,4.047657,1,18.493093,1.121951,2.4086,11.36675,1.286635,279.115,10.478132
440600,2020,1.0,4.456572,1,18.499123,1.3271934,2.4061,11.45674,1.3310696,309.6233,10.487155
440600,2021,1.0,5.835516,1,18.616001,1.3393649,2.4053,11.55484,1.3263209,311.6901,10.515398
440600,2022,1.0,6.151293,1,18.65954,1.4263512,2.4037,11.64416,1.2831059,338.5899,10.542971
440600,2023,1.0,6.706883,1,18.704054,1.492281,2.391,11.72616,1.227703,182.1779,10.640412
440600,2024,1.0,6.706883,1,18.71051,1.5752443,2.460533,11.80195,1.199343,32.42167,10.646686
440700,2009,0.0,0.779858,0,16.411423,0.61787719,2.2646,10.29502,1.3281351,55.34072,9.3637476
440700,2010,0.0,0.8161262,0,16.569439,0.6200574,2.2956,10.53198,1.2751702,59.36831,9.4227057
440700,2011,0.0,0.8456185,0,16.722759,0.61928624,2.3043,10.37069,1.3870815,67.62509,9.541872
440700,2012,0.0,0.8052833,0,16.749577,0.70792919,2.33,10.54496,1.3930925,78.35375,9.6242361
440700,2013,0.0,0.8703817,0,16.811331,0.78150696,2.3347,10.66544,1.3453467,87.39186,9.7288361
440700,2014,0.0,1.022445,0,16.851791,0.90236306,2.3481,10.78245,1.3323544,98.42908,9.730443
440700,2015,0.0,1.10687,0,16.924582,0.99017227,2.36,10.8987,1.4717607,100.8916,9.577342
440700,2016,0.0,1.083604,0,17.00136,0.97861701,2.368,11.02461,1.436084,101.6624,9.6477566
440700,2017,1.0,1.638283,1,17.107729,1.0155884,2.37175,11.09903,1.4986658,102.6288,9.7174587
440700,2018,1.0,4.851679,1,17.182947,1.0633861,2.3755,11.17565,1.5483694,105.5639,9.7456045
440700,2019,1.0,2.203175,1,17.264545,1.1495781,2.4083,11.29392,1.6401461,119.94,9.7774706
440700,2020,1.0,2.614521,1,17.281559,1.3572555,2.4115,11.38758,1.6756392,139.4272,9.8200512
440700,2021,1.0,3.743722,1,17.399307,1.3664299,2.3811,11.44655,1.6444733,158.8561,9.8663568
440700,2022,1.0,1.97727,1,17.445967,1.4500986,2.3712,11.50224,1.7133405,186.5558,9.8810377
440700,2023,1.0,2.303995,1,17.509874,1.4958992,2.317641,11.55499,1.6424313,175.0769,9.9216223
440700,2024,1.0,2.165012,1,17.555559,1.5287921,2.388748,11.60509,1.6440084,163.598,9.9444857
440800,2009,0.0,0.2846267,0,16.263639,0.53029126,2.1832,10.08344,2.3412383,85.21503,9.6968937
440800,2010,0.0,0.2781481,0,16.458178,0.50844532,2.1771,10.19577,2.3198922,114.7421,9.9090223
440800,2011,0.0,0.3116273,0,16.648857,0.49868205,2.1771,10.30297,2.3343213,102.9668,9.9073801
440800,2012,0.0,0.30284,0,16.738791,0.56206208,2.1972,10.43303,2.369993,94.27789,10.00066
440800,2013,0.0,0.4102587,0,16.840805,0.59576768,2.1955,10.6099,2.5060215,95.23626,10.086559
440800,2014,0.0,0.3962393,0,16.933014,0.59896219,2.224,10.72444,2.4431036,93.3431,10.15844
440800,2015,0.0,0.4064353,0,16.985207,0.65394646,2.2362,10.82331,3.3839407,112.5996,10.260042
440800,2016,0.0,0.472491,0,17.067602,0.63042003,2.2335,10.92531,3.3744903,130.3976,10.295361
440800,2017,0.0,0.5347914,0,17.150169,0.66400242,2.25875,11.0364,3.2793767,158.4231,10.14006
440800,2018,0.0,0.6536674,0,17.219501,0.7193749,2.284,11.15794,3.9508188,158.5684,10.198021
440800,2019,0.0,0.6392037,0,17.238144,0.81498504,2.2737,11.30428,3.8327138,157.0222,10.257694
440800,2020,0.0,0.6939535,0,17.249498,0.94290859,2.2594,11.49301,3.9090226,133.1442,10.348333
440800,2021,0.0,0.7343302,0,17.387856,0.8832109,2.2544,11.51119,3.4126923,187.9827,10.392712
440800,2022,0.0,0.8842808,0,17.429935,0.98452634,2.2395,11.52905,3.9109149,209.4499,10.442405
440800,2023,0.0,1.965126,0,17.451517,1.0519913,2.222782,11.5466,3.5043256,173.4392,10.491136
440800,2024,0.0,0.7488,0,17.463568,1.1306132,2.295565,11.56385,3.2484293,137.6754,10.516211
440900,2009,0.0,0.2781481,0,16.326128,0.32658055,2.2352,10.09651,2.34272,31.48468,9.4391479
440900,2010,0.0,0.2781481,0,16.51827,0.32658055,2.2361,10.15852,2.3330183,36.09219,9.5678749
440900,2011,0.0,0.2781481,0,16.67503,0.32658055,2.235,10.32821,2.4469244,35.80192,9.6504641
440900,2012,0.0,0.2781481,0,16.778812,0.32658055,2.2368,10.50964,2.4610991,40.2991,9.7926121
440900,2013,0.0,0.2781481,0,16.888283,0.32658055,2.241,10.66635,2.4192131,44.29589,9.8736982
440900,2014,0.0,0.2781481,0,16.972099,0.32658055,2.275,10.78094,2.6225679,43.50077,10.017307
440900,2015,0.0,0.3080907,0,17.012398,0.35096478,2.273,10.87873,2.9837155,45.44436,10.089095
440900,2016,0.0,0.3985857,0,17.087641,0.38148192,2.2679,10.95184,2.8803327,47.43429,10.226187
440900,2017,0.0,0.4369527,0,17.184208,0.39474601,2.28315,11.02585,2.9347446,48.63184,9.9224567
440900,2018,0.0,0.5546362,0,17.246971,0.42845201,2.2984,11.12495,3.1106651,53.60173,9.9759016
440900,2019,0.0,0.6480318,0,17.297365,0.48623243,2.2968,11.199,3.2748218,68.85941,10.022869
440900,2020,0.0,0.7109532,0,17.305634,0.57009661,2.2892,11.36889,3.2317216,90.52216,10.031265
440900,2021,0.0,0.9230278,0,17.425888,0.57497489,2.2923,11.42716,3.2983248,100.0784,10.068536
440900,2022,0.0,0.9461864,0,17.480354,0.61736119,2.278,11.48222,3.6259181,108.8232,9.9349861
440900,2023,0.0,1.672868,0,17.501135,0.6557852,2.295144,11.5344,3.5316286,96.73633,10.11237
440900,2024,0.0,0.8304024,0,17.52223,0.68946129,2.34982,11.584,3.4114649,84.56097,10.112857
441200,2009,0.0,0.4978124,0,15.969602,0.64309454,2.2453,10.17808,1.9124279,116.5776,9.0428677
441200,2010,0.0,0.4819725,0,16.200476,0.59127259,2.229,10.31273,1.6621565,131.5641,9.142704
441200,2011,0.0,0.4768798,0,16.399065,0.56957394,2.2145,10.4375,1.7023557,137.4444,9.2207861
441200,2012,0.0,0.4699018,0,16.49814,0.59921855,2.2159,10.57528,1.700142,148.8704,9.3132582
441200,2013,0.0,0.5195673,0,16.624956,0.63334334,2.2073,10.70676,1.6593361,155.0675,9.4251289
441200,2014,0.0,0.5385059,0,16.73061,0.63548398,2.2048,10.80061,1.7372851,174.7982,9.4631205
441200,2015,0.0,0.6261209,0,16.796135,0.65051454,2.2047,10.90539,1.8673686,185.8238,9.5366898
441200,2016,0.0,0.6903378,0,16.852394,0.61572176,2.2162,10.99526,2.7061565,194.946,9.6054859
441200,2017,0.0,0.9668161,0,16.864788,0.70982242,2.2742,11.08563,2.8586287,198.4753,9.4476233
441200,2018,0.0,1.0344,0,16.907372,0.82713854,2.3322,11.17677,2.977277,215.9889,9.5049486
441200,2019,0.0,1.127313,0,16.928581,0.9570334,2.245,11.27426,3.0789864,251.3458,9.5317717
441200,2020,0.0,1.220482,0,16.955776,1.0743625,2.2315,11.40759,3.4583242,319.0329,9.5616312
441200,2021,0.0,1.281856,0,17.092655,0.99246597,2.2377,11.44256,2.7092419,259.048,9.6432905
441200,2022,0.0,1.134105,0,17.113197,1.0839199,2.2238,11.47634,2.4718056,260.917,9.6629438
441200,2023,0.0,2.511375,0,17.145212,1.1534852,2.229206,11.50903,2.3612342,241.583,9.683713
441200,2024,0.0,1.193319,0,17.188993,1.1825595,2.266841,11.54068,2.2086511,222.2489,9.7108126
441300,2009,0.0,1.074177,0,16.465015,0.65380323,2.3147,10.15763,1.3267618,37.11309,9.2214785
441300,2010,0.0,1.179139,0,16.666191,0.63450325,2.2925,10.29545,1.4131079,42.41283,9.2944059
441300,2011,0.0,1.114198,0,16.856733,0.61893356,2.3042,10.49192,1.3953733,64.16035,9.3640909
441300,2012,0.0,1.198333,0,16.979952,0.63399786,2.3131,10.63363,1.3644379,71.07342,9.5808687
441300,2013,1.0,1.311881,1,17.103298,0.68199521,2.3188,10.76058,1.3122618,78.66045,9.6963406
441300,2014,1.0,1.514692,1,17.216831,0.72551244,2.3404,10.88882,1.2401597,86.60832,9.7467165
441300,2015,1.0,1.683311,1,17.262329,0.78481728,2.3537,10.97861,1.4295313,95.70672,9.8488731
441300,2016,1.0,1.933104,1,17.345444,0.92466938,2.3609,11.07854,1.4089919,102.533,9.8721514
441300,2017,1.0,2.551951,1,17.461111,0.99688339,2.37415,11.16888,1.4238912,106.2656,9.6518164
441300,2018,1.0,3.089003,1,17.529827,1.1335063,2.3874,11.25976,1.3847508,115.5328,9.6750803
441300,2019,1.0,3.248308,1,17.547689,1.3378766,2.3826,11.33426,1.5340075,126.0513,9.7022276
441300,2020,1.0,3.188191,1,17.558168,1.6180046,2.3906,11.40579,1.5461779,163.2563,9.766407
441300,2021,1.0,3.663054,1,17.722923,1.6266224,2.3739,11.50619,1.4565762,172.1823,9.8138914
441300,2022,1.0,3.027933,1,17.80468,1.683704,2.3381,11.59743,1.568917,177.0385,9.8893375
441300,2023,1.0,2.877559,1,17.84798,1.7923512,2.350588,11.68104,1.5354739,157.4812,9.9008846
441300,2024,1.0,2.540711,1,17.932268,1.7481985,2.373586,11.75819,1.4772701,138.8211,9.9961119
441400,2009,0.0,0.3325055,0,15.462795,0.52649504,2.1821,10.08995,3.1609397,38.00457,9.0587034
441400,2010,0.0,0.3893929,0,15.628464,0.5402593,2.1827,10.19133,3.028744,40.16124,9.2781858
441400,2011,0.0,0.4240147,0,15.77213,0.54776347,2.1935,10.35669,3.1611123,67.18895,9.3616009
441400,2012,0.0,0.4432873,0,15.825039,0.60614574,2.2098,10.52204,3.1193352,42.39355,9.3404036
441400,2013,0.0,0.4230286,0,15.894971,0.68187404,2.2265,10.59355,2.9737849,42.25714,9.462266
441400,2014,0.0,0.5086266,0,15.996876,0.71735728,2.2325,10.71129,3.166441,44.493,9.4801388
441400,2015,0.0,0.4875596,0,16.077042,0.76727372,2.2406,10.89707,3.6332674,46.53083,9.5695524
441400,2016,0.0,0.5670055,0,16.162655,0.79318583,2.251,11.00528,3.641197,46.95826,9.6253595
441400,2017,0.0,0.6671454,0,16.190817,0.91445702,2.28815,11.11522,3.6404443,46.26,9.3767862
441400,2018,0.0,0.8352737,0,16.222649,1.0553818,2.3253,11.19091,4.5848842,45.65329,9.4427214
441400,2019,0.0,0.822033,0,16.289524,1.1391114,2.3188,11.28542,4.8461051,47.56227,9.5052462
441400,2020,0.0,0.898603,0,16.307062,1.3148649,2.2906,11.35229,5.3787885,52.09559,9.5330038
441400,2021,0.0,0.8694465,0,16.386595,1.341575,2.3035,11.3707,4.6632867,52.47417,9.6474333
441400,2022,0.0,0.8012059,0,16.394211,1.4939728,2.2996,11.38879,5.4672971,67.46753,9.7082634
441400,2023,0.0,0.8561754,0,16.460266,1.575121,2.218848,11.40655,4.585567,56.52052,9.7823925
441400,2024,0.0,0.8346529,0,16.528879,1.596288,2.341392,11.42401,4.5243468,45.45028,9.7976265
441500,2009,0.0,0.2781481,0,15.176591,0.32658055,2.2084,10.05386,2.6990604,11.33848,8.5287266
441500,2010,0.0,0.4415618,0,15.352548,0.32658055,2.2091,10.14922,2.1543143,13.25584,8.6260471
441500,2011,0.0,0.3695852,0,15.521266,0.32658055,2.2037,10.32138,2.2733006,12.67281,8.6845703
441500,2012,0.0,0.3016417,0,15.624468,0.32658055,2.2092,10.4568,2.1412299,12.96083,8.7152243
441500,2013,0.0,0.2990355,0,15.720234,0.33322978,2.2077,10.58081,2.186867,12.9305,8.7638969
441500,2014,0.0,0.3622389,0,15.785406,0.37602356,2.2289,10.71024,2.5362906,14.18825,8.8322954
441500,2015,0.0,0.3956708,0,15.84637,0.40172106,2.2326,10.78233,7.386981,15.67306,8.8828077
441500,2016,0.0,0.4127901,0,15.929943,0.42229629,2.2418,10.90458,6.7218385,16.20442,8.9571238
441500,2017,0.0,0.8005234,0,15.956647,0.47925586,2.2544,10.95361,6.0533161,16.92838,8.7544765
441500,2018,0.0,0.85,0,16.035061,0.46222943,2.267,11.05263,6.0222077,18.43258,8.855093
441500,2019,0.0,0.762493,0,16.195057,0.48077434,2.3456,11.22969,6.5705204,21.91317,8.9382696
441500,2020,0.0,0.8302665,0,16.234989,0.60310382,2.3524,11.35777,5.7918935,27.86816,9.0375338
441500,2021,0.0,1.131376,0,16.371187,0.63103849,2.3408,11.45477,5.2987146,29.36517,9.0774946
441500,2022,0.0,1.077556,0,16.397242,0.7432614,2.3451,11.54318,4.8406153,32.24157,9.0645046
441500,2023,0.0,1.815225,0,16.476469,0.79304701,2.314542,11.62441,4.0054016,24.16292,9.077837
441500,2024,0.0,1.589635,0,16.524227,0.82984841,2.436934,11.69954,3.8099427,16.08427,9.0923452
441600,2009,0.0,0.479569,0,15.21545,0.72567743,2.2172,10.07769,3.9163392,29.07616,8.5896997
441600,2010,0.0,0.4038896,0,15.373949,0.71281916,2.2311,10.18033,3.7682958,33.11476,8.6857538
441600,2011,0.0,0.3793348,0,15.572138,0.67195636,2.2211,10.34936,3.5081918,32.37459,8.8743076
441600,2012,0.0,0.4682625,0,15.632384,0.760997,2.2262,10.49082,3.5725832,34.60715,8.9423304
441600,2013,0.0,0.5019944,0,15.732918,0.84250927,2.2603,10.62364,3.4788039,34.34349,9.0621881
441600,2014,0.0,0.5672051,0,15.855367,0.90903944,2.3014,10.73808,3.482975,34.72762,9.1376619
441600,2015,0.0,0.5730193,0,15.907473,0.98889321,2.3107,10.84848,3.9772408,30.97623,9.198369
441600,2016,0.0,0.6788472,0,16.011307,0.98816413,2.3401,10.94223,4.2667918,32.39946,9.1087503
441600,2017,0.0,0.903941,0,16.062752,1.076388,2.3713,11.02778,3.972697,32.2118,8.9773989
441600,2018,0.0,0.9446113,0,16.124081,1.1472819,2.4025,11.14099,4.3525596,33.10188,9.0968361
441600,2019,0.0,0.9690885,0,16.195057,1.2464104,2.4316,11.18357,4.8162074,35.6756,9.2343502
441600,2020,0.0,1.078255,0,16.216129,1.4208776,2.4116,11.36783,4.5330496,55.05503,9.3397884
441600,2021,0.0,1.091075,0,16.360258,1.3062222,2.3948,11.40536,4.1172886,44.22581,9.4810543
441600,2022,0.0,0.8009973,0,16.376606,1.3464787,2.3866,11.44154,4.8458385,47.84906,9.5057678
441600,2023,0.0,0.8468378,0,16.416718,1.3571228,2.308565,11.47645,4.5757484,40.33784,9.508666
441600,2024,0.0,0.7673984,0,16.460266,1.3309132,2.387193,11.51018,4.874784,32.78591,9.4978476
441700,2009,0.0,0.5591105,0,15.478052,0.42457235,2.1279,9.973145,2.8100152,22.58135,8.6048374
441700,2010,0.0,0.5880626,0,15.671556,0.44374606,2.1368,10.07101,2.4250979,21.83091,8.656085
441700,2011,0.0,0.4991216,0,15.852598,0.46623144,2.14,10.2658,2.3190732,52.55095,8.7810946
441700,2012,0.0,0.5825841,0,15.998222,0.48514012,2.1422,10.43006,2.3863008,25.33451,8.7718353
441700,2013,0.0,0.6041389,0,16.15716,0.50466651,2.1349,10.59985,2.1278031,28.17608,8.9454632
441700,2014,0.0,0.6154112,0,16.273859,0.59457695,2.1892,10.70888,1.9628764,30.94679,9.0981789
441700,2015,0.0,0.6263864,0,16.341246,0.59981328,2.2204,10.82341,2.5159154,33.2158,9.2015018
441700,2016,0.0,0.7773311,0,16.357708,0.64968795,2.2456,10.90127,3.3510582,33.39189,9.249753
441700,2017,0.0,0.786835,0,16.389229,0.71095306,2.2886,10.99472,3.1847415,35.00673,9.2221699
441700,2018,0.0,0.872,0,16.418434,0.74243295,2.3316,11.11243,3.6127026,35.73,9.2991753
441700,2019,0.0,0.9647176,0,16.374287,0.90796369,2.2729,11.24234,3.7689698,36.95349,9.4212494
441700,2020,0.0,1.238212,0,16.425581,0.99543363,2.2566,11.3761,3.8024905,43.06623,9.4389095
441700,2021,0.0,1.157228,0,16.53417,1.0032382,2.2804,11.41626,3.123873,44.88449,9.4655247
441700,2022,0.0,1.127492,0,16.546625,1.1223327,2.2839,11.45487,3.554354,50.9802,9.4906197
441700,2023,0.0,1.490561,0,16.576786,1.2041223,2.295915,11.49205,3.3507996,37.52805,9.4602423
441700,2024,0.0,1.437459,0,16.606676,1.2916043,2.296978,11.52789,3.0374897,24.07591,9.4909983
441800,2009,0.0,0.5548652,0,15.969122,0.48828316,2.2001,10.25328,1.9996382,20.63744,9.0842104
441800,2010,0.0,0.4892012,0,16.202606,0.47843072,2.213,10.39572,1.8246127,21.40663,9.1482525
441800,2011,0.0,0.5128691,0,16.121124,0.59985656,2.2751,10.54207,1.8712707,21.10924,9.2343502
441800,2012,0.0,0.5061129,0,16.14282,0.6908738,2.2956,10.7054,1.9800373,26.59108,9.2751913
441800,2013,0.0,0.5328209,0,16.207058,0.7672888,2.2991,10.76154,2.0001647,29.84139,9.3795767
441800,2014,0.0,0.6078341,0,16.298532,0.78551346,2.2951,10.88975,2.084693,34.13049,9.5523682
441800,2015,0.0,0.7108552,0,16.363279,0.83047909,2.3195,10.99856,2.6996961,32.0064,9.5354624
441800,2016,0.0,0.7895139,0,16.445751,0.81937999,2.3257,11.10718,3.1762047,29.22222,9.5811453
441800,2017,1.0,0.8691304,1,16.502909,0.92247319,2.34165,11.20263,2.955467,26.39588,9.3061047
441800,2018,1.0,0.9101129,1,16.566107,0.98657405,2.3576,11.25598,3.056457,25.65011,9.3737335
441800,2019,1.0,0.9934529,1,16.647547,1.1036928,2.3573,11.3624,3.334641,26.03812,9.4465971
441800,2020,1.0,1.140022,1,16.693022,1.2405455,2.3348,11.4391,3.3316245,24.8931,9.4439096
441800,2021,1.0,1.172788,1,16.814737,1.2313535,2.3014,11.47327,2.9600961,25.62611,9.461566
441800,2022,1.0,0.90337,1,16.827116,1.3375942,2.2969,11.50631,3.0054231,30.68282,9.4676151
441800,2023,1.0,0.9294079,1,16.869513,1.4110078,2.232974,11.5383,2.8207731,73.04825,9.4783039
441800,2024,1.0,1.018974,1,16.930359,1.4282516,2.330371,11.5693,2.6697505,115.0437,9.4844809
441900,2009,0.0,4.676271,0,17.443556,0.77148414,2.5078,10.6594,1.0132369,190.1863,9.7804718
441900,2010,0.0,5.256753,0,17.56418,0.78414261,2.4833,10.74892,1.0413487,210.6673,9.9024868
441900,2011,0.0,4.705844,0,17.673161,0.78474653,2.4927,10.81775,1.1241063,243.9448,10.03513
441900,2012,0.0,4.916203,0,17.729567,0.83741772,2.5184,10.9922,1.0821159,280.1123,10.087558
441900,2013,0.0,5.497724,0,17.821028,0.86961937,2.5338,10.66593,1.086416,322.2711,10.12767
441900,2014,0.0,5.975131,0,17.889877,0.94576734,2.5179,10.77058,1.0132369,365.0261,10.165621
441900,2015,0.0,6.107584,0,17.954681,0.95312005,2.5278,10.88221,1.1221558,587.7955,10.192981
441900,2016,0.0,6.706883,0,18.039082,0.93772286,2.5282,10.96213,1.1001104,560.2139,10.220121
441900,2017,1.0,6.706883,1,18.143885,0.90416265,2.51785,11.02873,1.1276509,561.2133,10.276636
441900,2018,1.0,6.706883,1,18.231768,0.96629971,2.5075,11.15535,1.1777079,523.3104,10.316888
441900,2019,1.0,6.706883,1,18.367491,1.0124161,2.4286,11.21205,1.2818307,495.7729,10.379131
441900,2020,1.0,6.706883,1,18.385054,1.2459375,2.4557,11.28478,1.2095346,507.7208,10.401228
441900,2021,1.0,6.706883,1,18.502722,1.2973063,2.4112,11.396,1.1467878,495.3297,10.424154
441900,2022,1.0,6.706883,1,18.53401,1.4050736,2.4121,11.49607,1.1246134,523.7534,10.438372
441900,2023,1.0,6.706883,1,18.555037,1.5182692,2.427296,11.58704,1.1251605,390.541,10.455215
441900,2024,1.0,6.706883,1,18.62623,1.4957399,2.44001,11.67042,1.155491,268.2201,10.486261
442000,2009,0.0,2.776748,0,16.566883,0.72939587,2.3648,10.49569,1.0604458,233.9916,9.0718822
442000,2010,0.0,3.062207,0,16.733633,0.71860743,2.3648,10.61087,1.0464562,236.5264,9.2216759
442000,2011,0.0,2.977903,0,16.903456,0.70150381,2.3888,10.78767,1.0503826,241.1281,9.277812
442000,2012,0.0,3.430921,0,17.010521,0.73196924,2.3945,10.93077,1.0661973,238.9868,9.3357391
442000,2013,0.0,3.2634,0,17.08847,0.80009484,2.3947,10.78828,1.0503824,250.7527,9.4112387
442000,2014,1.0,3.800576,1,17.155899,0.86875981,2.3997,10.88042,1.0384197,256.0154,9.4914513
442000,2015,1.0,3.509012,1,17.220047,0.9252159,2.4134,10.98149,1.2320272,251.7709,9.4924316
442000,2016,1.0,3.761491,1,17.282114,1.0513015,2.4337,11.07891,1.2436848,302.2422,9.5219345
442000,2017,1.0,4.275294,1,17.350746,1.0888017,2.45495,11.12784,1.4558294,315.3588,9.6250954
442000,2018,1.0,4.519435,1,17.408072,1.1111257,2.4762,11.21834,1.3891346,322.0113,9.6604605
442000,2019,1.0,5.193115,1,17.249821,1.5546216,2.4691,11.3585,1.4529138,290.2623,9.6808443
442000,2020,1.0,4.737749,1,17.266132,1.759946,2.4604,11.46488,1.306342,294.1518,9.6740112
442000,2021,1.0,5.074121,1,17.38954,1.7601347,2.4558,11.50103,1.492959,290.3065,9.7036943
442000,2022,1.0,5.302308,1,17.407604,1.8745887,2.4567,11.53593,1.4653267,278.8942,9.7318096
442000,2023,1.0,5.96636,1,17.466429,1.9484661,2.337523,11.56965,1.3990619,164.2995,9.7167969
442000,2024,1.0,5.191283,1,17.539516,1.8880147,2.440978,11.60226,1.2337948,58.83186,9.6826534
445100,2009,0.0,0.3424716,0,15.384504,0.40132284,2.3022,9.965879,2.4278817,57.05533,8.0811653
445100,2010,0.0,0.3552071,0,15.536924,0.82495427,2.3024,10.10749,2.408113,63.40603,8.1013746
445100,2011,0.0,0.2960807,0,15.683022,0.36201471,2.3127,10.34016,2.328558,67.37063,8.5863457
445100,2012,0.0,0.4324018,0,15.770882,0.38315368,2.3099,10.41827,2.4366891,66.81647,8.6308794
445100,2013,0.0,0.4063997,0,15.870073,0.39609337,2.3006,10.54746,2.3089447,61.47829,8.65382
445100,2014,0.0,0.4585194,0,15.955836,0.4201332,2.3087,10.67123,2.5467556,64.0253,8.7018452
445100,2015,0.0,0.5729473,0,16.023905,0.40549356,2.3267,10.78872,3.1276486,70.55719,8.7435312
445100,2016,0.0,0.5691606,0,16.094654,0.37729183,2.3411,10.89563,3.3038161,63.17883,8.7568398
445100,2017,0.0,0.7158333,0,16.130775,0.3929151,2.3564,10.9944,3.2029517,62.1558,8.5030947
445100,2018,0.0,0.7364131,0,16.183208,0.39112771,2.3717,11.11886,3.9079449,61.48551,8.5008602
445100,2019,0.0,0.8749638,0,16.195982,0.42972055,2.328,11.21955,4.1064405,59.7971,8.5139885
445100,2020,0.0,1.027296,0,16.210674,0.50087976,2.3319,11.33185,4.4655032,76.56625,8.7374525
445100,2021,0.0,1.671018,0,16.337231,0.5280388,2.3317,11.35102,4.0556831,43.38182,8.6281977
445100,2022,0.0,1.183673,0,16.390409,0.56051201,2.3334,11.36983,4.3664303,10.05818,8.685585
445100,2023,0.0,1.393854,0,16.423372,0.62237269,2.338468,11.38829,3.3820546,104.6182,8.6837244
445100,2024,0.0,1.266473,0,16.456709,0.66968936,2.346356,11.40642,3.3344586,199.1782,8.7574692
445200,2009,0.0,0.2781481,0,15.914867,0.39948413,2.2181,9.958449,2.6721218,14.52913,8.8321495
445200,2010,0.0,0.2781481,0,16.127562,0.39690477,2.2068,10.02618,2.4497161,12.83489,9.0591688
445200,2011,0.0,0.2781481,0,16.321741,0.4097757,2.1905,10.20097,2.673501,13.14807,9.1098566
445200,2012,0.0,0.2781481,0,16.452276,0.43571132,2.184,10.32993,2.6365218,15.52307,9.2079372
445200,2013,0.0,0.2781481,0,16.591438,0.44715542,2.1761,10.64378,2.4551723,17.30335,9.2819166
445200,2014,0.0,0.3303515,0,16.694958,0.48656133,2.2066,10.6833,2.5433471,17.63469,9.3816853
445200,2015,0.0,0.297087,0,16.754681,0.48927045,2.2263,10.7117,3.5770402,17.11179,9.5719929
445200,2016,0.0,0.3607461,0,16.814686,0.49449086,2.2549,10.7822,3.6247725,17.1363,9.6604605
445200,2017,0.0,0.5299004,0,16.80517,0.53046131,2.2902,10.83167,3.9100883,16.77525,9.4627323
445200,2018,0.0,0.6874043,0,16.88471,0.53090972,2.3255,10.91245,3.9543543,16.16028,9.5585299
445200,2019,0.0,0.7469307,0,16.860985,0.55823964,2.4325,11.09154,4.7892561,15.20226,9.6337767
445200,2020,0.0,0.7238733,0,16.860985,0.58668733,2.4374,11.15544,5.062356,16.32113,9.707655
445200,2021,0.0,0.860014,0,16.935671,0.59874803,2.4517,11.23123,4.611773,16.68724,9.7453117
445200,2022,0.0,0.7841515,0,16.933903,0.62442434,2.4512,11.30167,5.250546,20.8906,9.8454876
445200,2023,0.0,1.229425,0,17.01214,0.63456857,2.432796,11.36748,3.8260739,18.71529,9.8304863
445200,2024,0.0,1.017756,0,17.046314,0.65311021,2.419635,11.42923,3.4438748,16.53997,9.9032879
445300,2009,0.0,0.3562727,0,15.052449,0.62387729,2.0782,9.995077,2.5849891,26.74402,8.5678864
445300,2010,0.0,0.3311996,0,15.204237,0.69416052,2.0858,10.11718,2.9426608,23.29537,8.5235729
445300,2011,0.0,0.3331702,0,15.386971,0.69213039,2.0776,10.31299,2.5902374,31.04159,8.725832
445300,2012,0.0,0.3887456,0,15.502742,0.73172051,2.0802,10.45983,2.5884285,24.18467,8.7038383
445300,2013,0.0,0.5400276,0,15.611094,0.78286695,2.12,10.59861,2.3836789,25.61144,8.8510904
445300,2014,0.0,0.439225,0,15.70863,0.80314481,2.1363,10.71257,2.5182662,36.53297,8.9161034
445300,2015,0.0,0.4255177,0,15.780021,0.83861941,2.1562,10.81846,2.6817608,28.58529,8.9584112
445300,2016,0.0,0.4995681,0,15.867459,0.83453971,2.183,10.91108,2.8723288,30.06644,8.9742384
445300,2017,0.0,0.6394333,0,15.899392,0.91026545,2.2203,11.05922,3.1567585,31.08333,8.8091164
445300,2018,0.0,0.7930897,0,15.954551,0.93397993,2.2576,11.19169,3.7404721,31.53821,8.7957335
445300,2019,0.0,0.7508638,0,16.036886,0.95235562,2.3155,11.26631,4.0176835,43.37209,8.799511
445300,2020,0.0,0.779801,0,16.120094,1.0458854,2.3034,11.3719,3.9931185,64.98508,8.8861322
445300,2021,0.0,0.8127815,0,16.248247,0.98982346,2.2996,11.48431,3.3982637,48.87086,8.8959036
445300,2022,0.0,0.7533222,0,16.268238,1.0512553,2.2979,11.58535,2.675492,54.43854,8.9234581
445300,2023,0.0,0.8912333,0,16.306234,1.1691483,2.310598,11.67711,2.7663906,52.54667,8.9673767
445300,2024,0.0,0.9327425,0,16.38736,1.1350582,2.3612,11.76115,4.1333189,50.64214,9.089076
450100,2009,0.0,0.6757415,0,16.539904,2.1499901,2.3755,10.39195,1.689749,369.0729,10.064798
450100,2010,0.0,0.6989694,0,16.706028,2.300946,2.3663,10.51975,1.6738343,390.7828,10.18074
450100,2011,0.0,0.6814898,0,16.911737,2.1909156,2.3485,10.5996,1.6227582,415.7709,10.201553
450100,2012,0.0,0.8383882,0,17.035658,2.1977148,2.3582,10.69522,1.6390057,445.7561,10.297217
450100,2013,0.0,0.9706377,0,17.148979,2.1814809,2.3539,10.81084,1.6327909,609.503,10.355964
450100,2014,0.0,1.173414,0,17.264957,2.252475,2.3677,10.90284,1.6946445,488.1951,10.443075
450100,2015,0.0,1.59622,0,17.344833,2.4130366,2.3882,11.1087,1.7731793,506.8587,10.544394
450100,2016,0.0,1.518285,0,17.427328,2.5446806,2.401,11.13546,1.8765796,532.621,10.596234
450100,2017,0.0,1.502048,0,17.533665,2.5420914,2.4437,11.23164,1.9460205,562.3857,10.480747
450100,2018,0.0,1.80559,0,17.511093,2.9929023,2.4864,11.33203,1.9444871,582.3593,10.559244
450100,2019,0.0,1.914297,0,17.623728,3.0983698,2.5429,11.41846,2.1276312,623.2366,10.622741
450100,2020,0.0,1.782969,0,17.671175,3.3577733,2.5446,11.48328,2.2024209,718.5799,10.661275
450100,2021,0.0,2.022222,0,17.751446,3.4486609,2.5286,11.54261,1.9848205,772.4582,10.734918
450100,2022,0.0,1.79442,0,17.77021,3.4504373,2.543,11.59862,2.1364324,847.6938,10.771932
450100,2023,0.0,1.897155,0,17.817192,3.4504373,2.387009,11.65165,2.0367377,872.2845,10.830085
450100,2024,0.0,1.659601,0,17.909021,3.4504373,2.581041,11.70202,2.0909817,896.3406,10.875988
450200,2009,0.0,0.5614594,0,16.16312,0.82403982,2.2186,10.42362,2.0756559,161.7423,9.6144714
450200,2010,0.0,0.5706351,0,16.39217,0.79537851,2.195,10.52611,2.0771203,170.289,9.6648493
450200,2011,0.0,0.7475187,0,16.57534,0.77700293,2.1926,10.55129,2.0601311,177.9856,9.6348238
450200,2012,0.0,0.6138061,0,16.717266,0.74964678,2.2078,10.5684,1.9477702,183.841,9.7781515
450200,2013,0.0,0.8553169,0,16.816257,0.80333167,2.2073,10.75163,1.9228004,175.2121,9.7992926
450200,2014,0.0,0.8099233,0,16.910412,0.80156523,2.2632,10.85361,1.9646372,182.6356,9.9357615
450200,2015,0.0,0.9519155,0,16.950403,0.8840431,2.2878,10.90086,2.1115749,189.4188,9.9262266
450200,2016,0.0,1.012539,0,17.02512,0.91802704,2.3048,11.00589,2.1333704,197.0596,9.9613314
450200,2017,1.0,1.204858,1,17.131746,0.89252812,2.3251,11.0815,2.0832925,212.4289,9.791997
450200,2018,1.0,1.244692,1,17.234432,0.96218079,2.3454,11.18462,2.1902564,224.5795,9.8279552
450200,2019,1.0,1.358807,1,17.25849,1.0290163,2.3611,11.25202,2.2539511,239.6675,9.8966646
450200,2020,1.0,1.544298,1,17.274033,1.1707,2.3821,11.3639,2.712394,261.5474,9.9718933
450200,2021,1.0,1.323955,1,17.235529,1.3540821,2.4143,11.43781,2.4233503,281.529,10.033638
450200,2022,1.0,1.276055,1,17.252398,1.5001456,2.4009,11.50664,2.3946211,289.1658,10.088181
450200,2023,1.0,1.217945,1,17.254646,1.693525,2.412689,11.57102,2.4251931,296.4962,10.149292
450200,2024,1.0,1.239425,1,17.200239,1.9451063,2.391264,11.63152,3.0991287,303.79,10.197239
450300,2009,0.0,0.5488732,0,16.056797,0.6946913,2.1848,10.23437,2.5696158,199.8456,9.509407
450300,2010,0.0,0.4902497,0,16.216637,0.71526951,2.1852,10.33617,2.7369571,247.2984,9.5585299
450300,2011,0.0,0.4381756,0,16.407831,0.68082595,2.1669,10.43651,2.8814678,277.8114,9.5499506
450300,2012,0.0,0.4855392,0,16.513525,0.70637667,2.1644,10.53118,2.4651976,297.2936,9.6099882
450300,2013,0.0,0.5536604,0,16.62365,0.73934853,2.1603,10.63996,2.581594,309.5497,9.6824665
450300,2014,0.0,0.5579867,0,16.7208,0.76054347,2.1729,10.75093,2.5184278,354.6534,9.7285986
450300,2015,0.0,0.7626331,0,16.782312,0.81055933,2.1869,10.89535,2.6582322,430.0811,9.7934494
450300,2016,0.0,0.8355056,0,16.838285,0.90498471,2.202,10.98748,2.745755,429.9438,9.8554525
450300,2017,0.0,0.9135581,0,16.833582,1.0491797,2.2494,11.09276,3.0110302,335.7622,9.6638336
450300,2018,0.0,1.076375,0,16.813044,1.2403316,2.2968,11.20131,3.0218563,402.9294,9.7095385
450300,2019,0.0,1.074233,0,16.862886,1.3433965,2.3115,11.26769,3.2442286,399.8947,9.7936172
450300,2020,0.0,1.373241,0,16.874218,1.5279696,2.3164,11.31564,4.2328777,469.8763,9.887002
450300,2021,0.0,1.174373,0,16.955776,1.5315601,2.3049,11.36453,3.9263186,517.9041,9.9632177
450300,2022,0.0,0.9374122,0,17.008453,1.5872806,2.2742,11.41114,3.706706,510.8725,10.008162
450300,2023,0.0,1.089944,0,17.043545,1.6410615,2.348358,11.45567,4.2291546,1107.693,10.047718
450300,2024,0.0,0.9241373,0,17.041162,1.7428356,2.291405,11.4983,4.0898905,1215.146,10.10463
450400,2009,0.0,0.3790562,0,15.327669,0.55754697,2.1498,10.10129,3.0659156,34.57524,8.9077473
450400,2010,0.0,0.32559,0,15.572129,0.55472475,2.1349,10.2456,2.795588,35.0475,8.9081535
450400,2011,0.0,0.3654151,0,15.810543,0.5363431,2.1107,10.31457,2.63977,39.42613,9.0882854
450400,2012,0.0,0.399393,0,15.934869,0.55399621,2.1171,10.40008,2.1564498,47.40516,9.0882854
450400,2013,0.0,0.4284949,0,16.10977,0.54450524,2.1071,10.40373,2.0558989,40.06246,9.2704945
450400,2014,0.0,0.4230385,0,16.180897,0.58444309,2.1687,10.51038,2.0897965,41.84543,9.2888746
450400,2015,0.0,0.6001105,0,16.193747,0.61711067,2.1945,10.76884,2.3245797,46.42649,9.3994722
450400,2016,0.0,0.5330836,0,16.279915,0.61406344,2.1969,10.86817,2.3846056,54.98847,9.4330835
450400,2017,0.0,0.5860172,0,16.409349,0.58853388,2.257,10.96159,2.8656998,59.41547,9.2091398
450400,2018,0.0,0.7048579,0,16.147507,0.84409666,2.3171,11.08886,3.2744596,45.27273,9.3195534
450400,2019,0.0,0.829915,0,16.109055,1.047981,2.3295,11.15114,3.4705515,71.41927,9.3630619
450400,2020,0.0,0.905678,0,16.195982,1.151221,2.3237,11.23633,3.7953842,78.63842,9.4290743
450400,2021,0.0,0.8476338,0,16.432177,1.0676441,2.2834,11.2772,3.2844164,102.2817,9.5235443
450400,2022,0.0,0.8462817,0,16.468752,1.164358,2.3057,11.31647,3.3601446,115.6479,9.574358
450400,2023,0.0,0.8155774,0,16.517542,1.2503824,2.299892,11.35426,3.6503699,134.2592,9.630497
450400,2024,0.0,0.7959437,0,16.601755,1.2497823,2.272643,11.39067,3.50808,152.8704,9.6671953
450500,2009,0.0,0.5201648,0,14.971483,0.59627593,2.1408,10.11704,2.9607611,99.18217,8.330864
450500,2010,0.0,0.5543635,0,15.195727,0.60121053,2.1373,10.24219,2.2914796,136.526,8.3691568
450500,2011,0.0,0.5082787,0,15.418095,0.54899895,2.1174,10.34217,2.2837846,155.1281,8.5762167
450500,2012,0.0,0.4977989,0,15.657317,0.50321031,2.1025,10.50035,2.4003978,144.5806,8.72258
450500,2013,0.0,0.5729634,0,15.810207,0.52825242,2.103,10.62348,2.3659866,97.41441,8.7691965
450500,2014,0.0,0.819433,0,15.962626,0.5344764,2.1154,10.70545,2.2217579,128.7655,8.8580847
450500,2015,0.0,1.037334,0,16.003901,0.54270011,2.138,10.81523,2.7340298,140.1314,8.9839411
450500,2016,0.0,1.113966,0,16.124723,0.5316124,2.1401,10.92417,2.9969602,187.0172,8.9936762
450500,2017,0.0,1.548057,0,16.324982,0.53220201,2.1639,11.01241,2.4504702,194.1371,8.6644058
450500,2018,0.0,1.676461,0,16.31144,0.62125903,2.1877,11.15088,2.4486938,274.2079,8.7088051
450500,2019,0.0,1.934,0,16.381229,0.64706862,2.2455,11.22042,2.568177,280.5056,8.7671738
450500,2020,0.0,2.226391,0,16.36261,0.74137074,2.2952,11.29143,2.6800086,270.3967,8.8546648
450500,2021,0.0,1.944809,0,16.526224,0.74635929,2.2779,11.36157,2.4854271,258.3224,8.873888
450500,2022,0.0,1.569945,0,16.633312,0.79439557,2.2592,11.42711,2.8130445,267.929,8.9167747
450500,2023,0.0,1.917377,0,16.678282,0.88509071,2.219151,11.48861,2.2716932,292.7541,8.9879465
450500,2024,0.0,1.959071,0,16.753614,0.88875037,2.236017,11.54655,2.273309,317.5792,9.0030699
450600,2009,0.0,0.6733778,0,14.73594,0.48876479,2.1848,10.18202,2.1715436,13.67925,7.8103528
450600,2010,0.0,0.7265454,0,14.979959,0.55606765,2.2051,10.30414,2.3170888,15.20167,7.8103528
450600,2011,0.0,0.9556893,0,15.235656,0.53480119,2.1949,10.42395,2.1475205,17.34136,7.852828
450600,2012,0.0,0.9953057,0,15.30615,0.61953539,2.1983,10.51494,2.1021612,19.46507,7.9412956
450600,2013,0.0,1.086237,0,15.474019,0.63868594,2.1753,10.63122,2.1731517,35.92473,8.0595922
450600,2014,0.0,1.080679,0,15.588661,0.6455785,2.1815,10.67941,2.1964216,35.58387,8.2212105
450600,2015,0.0,1.188474,0,15.641227,0.68522573,2.1873,10.84802,2.5306284,37.24506,8.2827358
450600,2016,0.0,1.163402,0,15.72659,0.75657606,2.1845,10.9225,2.2930646,37.31959,8.2758856
450600,2017,0.0,1.306939,0,15.819174,0.84916687,2.20655,11.05854,2.5307546,55.71429,7.8766384
450600,2018,0.0,1.483434,0,15.756866,0.91834861,2.2286,11.17966,2.8956351,49.29293,7.9120569
450600,2019,0.0,1.6897,0,15.762848,1.0061454,2.2168,11.26658,2.9432132,49.41,7.9391589
450600,2020,0.0,2.05604,0,15.807487,1.1175052,2.2224,11.38854,2.8897681,51.74257,8.0848703
450600,2021,0.0,1.54451,0,15.914755,1.0997487,2.2207,11.39699,2.8078346,41.07843,8.1359329
450600,2022,0.0,1.23598,0,16.085573,1.0921353,2.2065,11.40536,3.4115694,30.93137,8.2555685
450600,2023,0.0,1.822843,0,16.153463,1.2140956,2.114463,11.41367,2.6725717,65.19608,8.2689886
450600,2024,0.0,2.150588,0,16.273388,1.2075479,2.219571,11.42191,2.9923801,99.46078,8.2799511
450700,2009,0.0,0.3389639,0,15.19268,0.63535273,2.0607,10.11696,3.1649034,58.74889,8.9042225
450700,2010,0.0,0.2987489,0,15.465448,0.61737949,2.0725,10.21708,3.5975077,58.27422,8.9906912
450700,2011,0.0,0.2781481,0,15.682148,0.571298,2.0678,10.31677,3.7928751,42.58435,9.1456947
450700,2012,0.0,0.2802655,0,15.748945,0.63069129,2.0991,10.50261,3.6483507,36.46923,9.3511448
450700,2013,0.0,0.3262547,0,15.835402,0.65428776,2.0975,10.52622,2.9723017,44.73392,9.1766806
450700,2014,0.0,0.4105473,0,15.961399,0.61332852,2.15,10.60885,2.9806335,44.15174,9.4847088
450700,2015,0.0,0.5406335,0,16.060915,0.5793227,2.1612,10.75156,3.7911022,54.33308,9.509407
450700,2016,0.0,0.5817604,0,16.215265,0.53988379,2.1615,10.86144,3.9197421,71.58924,9.5559139
450700,2017,0.0,0.6566423,0,16.387983,0.50475025,2.18465,10.9484,3.8872886,46.79319,9.0632315
450700,2018,0.0,0.7537831,0,16.37426,0.5723778,2.2078,11.02949,4.1168251,51.00723,9.1862526
450700,2019,0.0,0.7087799,0,16.422634,0.63256031,2.2548,11.11016,3.91026,63.47608,9.3063774
450700,2020,0.0,5.454265,0,16.445959,0.77552885,2.3112,11.20941,3.671814,72.94862,9.4090271
450700,2021,0.0,1.44759,0,16.617659,0.76934463,2.2929,11.30188,3.4029462,84.7136,9.577342
450700,2022,0.0,1.0035,0,16.768858,0.76932698,2.293,11.38652,3.3748267,90.49048,9.5148792
450700,2023,0.0,0.7855344,0,16.79155,0.8801716,2.561285,11.46455,3.2433128,98.20665,9.5931511
450700,2024,0.0,0.7686019,0,16.748835,1.0212536,2.230063,11.53693,3.4453397,105.8863,9.6471748
450800,2009,0.0,0.2781481,0,15.291949,0.5265798,2.1407,10.01623,3.2900333,9.105305,8.9343233
450800,2010,0.0,0.2781481,0,15.510497,0.51300532,2.1474,10.17358,4.2349839,9.105305,9.0055275
450800,2011,0.0,0.2848588,0,15.657359,0.54097432,2.1407,10.24783,4.8901691,9.105305,9.0972834
450800,2012,0.0,0.301906,0,15.731231,0.60603422,2.1597,10.3089,4.7507386,9.105305,9.2460938
450800,2013,0.0,0.3008361,0,15.819702,0.64720148,2.1577,10.52602,4.4988179,9.105305,9.4170294
450800,2014,0.0,0.3101252,0,15.901673,0.67906535,2.1967,10.62871,4.0366297,9.105305,9.4645176
450800,2015,0.0,0.4554414,0,15.973305,0.68967545,2.195,10.87148,4.3784871,12.64983,9.5278482
450800,2016,0.0,0.551964,0,16.075977,0.71327168,2.1931,10.91729,4.4634457,16.84865,9.5710869
450800,2017,0.0,0.5996943,0,16.197077,0.75265509,2.216,11.02264,4.6405063,21.14748,9.25033
450800,2018,0.0,0.6986275,0,16.274992,0.8196848,2.2389,11.12629,4.6101723,25.25134,9.349493
450800,2019,0.0,0.9045486,0,16.347618,0.90201813,2.2909,11.20933,4.675467,29.33274,9.518487
450800,2020,0.0,1.006042,0,16.42042,1.0277315,2.3008,11.26428,4.0774331,33.53357,9.686512
450800,2021,0.0,0.8232275,0,16.524893,1.0715857,2.2907,11.31229,3.4157772,37.71958,9.7341814
450800,2022,0.0,0.8269734,0,16.570444,1.1901923,2.2928,11.35809,4.3955002,42.11327,9.8787851
450800,2023,0.0,0.8417407,0,16.571081,1.3369831,2.416879,11.40189,4.4997191,46.53819,9.8922243
450800,2024,0.0,0.8510695,0,16.56662,1.428605,2.315248,11.44385,4.3692904,50.99465,9.9075794
450900,2009,0.0,0.3096678,0,15.737555,0.45661432,2.1495,10.09156,3.1428833,29.02772,9.4437513
450900,2010,0.0,0.2815933,0,15.944038,0.47269744,2.1468,10.25255,3.5118203,20.488,9.5290852
450900,2011,0.0,0.2919539,0,16.137844,0.45986268,2.1312,10.32088,3.2636991,21.98598,9.6065626
450900,2012,0.0,0.3079925,0,16.215296,0.49685976,2.1466,10.42211,2.9380853,22.27923,9.727705
450900,2013,0.0,0.2990156,0,16.299131,0.5392409,2.1536,10.52885,2.7416759,23.38707,9.7416744
450900,2014,0.0,0.2781481,0,16.412067,0.55738497,2.1882,10.6287,2.6308045,24.60169,9.9081764
450900,2015,0.0,0.4626933,0,16.486984,0.58340913,2.2023,10.77181,2.9257081,25.49492,9.9434776
450900,2016,0.0,0.5241283,0,16.558819,0.65318727,2.214,10.87372,3.029829,25.1325,10.00496
450900,2017,0.0,0.6812431,0,16.648455,0.70904315,2.26325,11.017,3.3226202,24.22928,9.6387405
450900,2018,0.0,0.8800273,0,16.597713,0.87417716,2.3125,11.09453,3.4671469,23.84857,9.7480612
450900,2019,0.0,0.784559,0,16.636889,0.98714358,2.3358,11.18398,3.7732821,23.26594,9.8234158
450900,2020,0.0,0.8740675,0,16.683977,1.1154563,2.3464,11.23953,4.1582599,23.23243,9.9285707
450900,2021,0.0,0.8101481,0,16.846127,1.0817765,2.3209,11.29119,4.7193742,25.11709,10.112897
450900,2022,0.0,0.8401479,0,16.891439,1.1671188,2.314,11.34032,4.7789865,26.04301,10.230558
450900,2023,0.0,0.7986174,0,16.903822,1.2927393,2.279501,11.38715,4.5096927,53.45235,10.29742
450900,2024,0.0,0.8208981,0,16.971233,1.298846,2.346505,11.43188,4.6750603,80.7882,10.353416
451000,2009,0.0,0.445317,0,15.325923,0.74220902,2.1006,10.21867,3.9047406,57.2873,9.2297506
451000,2010,0.0,0.4039988,0,15.54452,0.69392258,2.0866,10.28106,4.0656233,63.46827,9.2425175
451000,2011,0.0,0.419647,0,15.697576,0.68845105,2.0725,10.38319,4.1172943,69.67558,9.3191948
451000,2012,0.0,0.4505384,0,15.837378,0.68310666,2.0884,10.47385,3.7972839,68.40186,9.3904924
451000,2013,0.0,0.5204032,0,15.899779,0.73245227,2.0908,10.55116,3.5264459,58.82924,9.5079231
451000,2014,0.0,0.5151699,0,16.032446,0.73354113,2.1204,10.62099,3.6825228,67.1068,9.5952625
451000,2015,0.0,0.6889324,0,16.098251,0.72592169,2.1327,10.81595,4.2611408,82.81662,9.6387405
451000,2016,0.0,0.686235,0,16.22633,0.73146904,2.1391,10.92169,4.2922249,94.44364,9.7548132
451000,2017,0.0,0.7973924,0,16.426874,0.67727429,2.16425,11.04337,4.6027193,104.4976,9.3080111
451000,2018,0.0,0.8492162,0,16.280872,0.86113954,2.1894,11.12529,4.6471076,113.9572,9.3517532
451000,2019,0.0,0.8172577,0,16.347618,0.9126361,2.2055,11.244,5.092361,147.8109,9.4778452
451000,2020,0.0,1.136099,0,16.406277,1.0072987,2.2114,11.3663,5.3438263,175.7494,9.5631075
451000,2021,0.0,0.8993617,0,16.568535,1.0394642,2.1963,11.41591,4.1808057,176.3262,9.7002077
451000,2022,0.0,0.809669,0,16.665638,1.0931488,2.186,11.46317,4.8101344,176.6525,9.8206491
451000,2023,0.0,0.80513,0,16.733282,1.1535159,2.182949,11.5083,4.3697038,184.2837,9.9220152
451000,2024,0.0,0.9766667,0,16.81374,1.1711295,2.223127,11.55147,3.1154616,191.9149,9.9122982
451100,2009,0.0,0.3293435,0,14.728663,0.44533935,2.0985,10.04172,4.5873189,43.25145,8.4439774
451100,2010,0.0,0.3006813,0,14.903628,0.48676786,2.1009,10.24988,5.0477843,44.19163,8.5312929
451100,2011,0.0,0.3033433,0,15.086395,0.48338988,2.094,10.28421,5.6298385,44.59494,8.5960045
451100,2012,0.0,0.3741608,0,15.187235,0.51922429,2.101,10.47498,5.0853224,43.03887,8.6042881
451100,2013,0.0,0.4121147,0,15.259715,0.57092011,2.0998,10.57754,4.8855,42.91096,8.7577839
451100,2014,0.0,0.4082318,0,15.315983,0.62224621,2.1347,10.67208,2.9139538,42.20496,8.9526052
451100,2015,0.0,0.5528588,0,15.359038,0.66251504,2.1563,10.92951,3.2828813,48.79269,8.9097757
451100,2016,0.0,0.6210288,0,15.460682,0.7147193,2.1616,11.03666,4.9708934,56.5679,8.8975458
451100,2017,0.0,0.7213115,0,15.518121,0.82845438,2.20525,11.09436,5.8264775,65.08197,8.5558367
451100,2018,0.0,0.7836179,0,15.611642,0.864654,2.2489,11.17246,5.931057,67.52846,8.6222734
451100,2019,0.0,0.8264516,0,15.762848,0.84374493,2.2635,11.2448,6.0876827,70.41532,8.728426
451100,2020,0.0,1.611791,0,15.835732,0.95420992,2.2758,11.37203,5.6085043,79.27566,8.8677092
451100,2021,0.0,0.8054618,0,16.022686,0.94383848,2.2572,11.36318,4.5293822,87.31727,8.8737478
451100,2022,0.0,0.83088,0,16.089697,1.0247285,2.2372,11.35426,4.4950686,86.488,8.7936125
451100,2023,0.0,0.8126693,0,16.092777,1.1854961,2.383597,11.34525,4.6158237,100.2231,9.0152979
451100,2024,0.0,0.7374603,0,16.081432,1.3245604,2.249248,11.33616,4.9246049,113.8492,9.0226851
451200,2009,0.0,0.3665242,0,15.157778,0.61256266,2.1373,10.03283,4.5118046,29.75949,9.1234741
451200,2010,0.0,0.3220522,0,15.360383,0.58669931,2.121,10.22278,5.2703657,32.23528,9.0203896
451200,2011,0.0,0.3225024,0,15.448589,0.62451988,2.1186,10.30574,6.0974927,28.44672,9.2249336
451200,2012,0.0,0.3852041,0,15.410258,0.72874951,2.1331,10.36295,7.9054751,29.82507,9.3213453
451200,2013,0.0,0.4369108,0,15.480608,0.78117371,2.1348,10.53129,7.167562,33.0481,9.3504505
451200,2014,0.0,0.4439867,0,15.609588,0.78404689,2.2021,10.6061,7.5564761,36.13718,9.5311909
451200,2015,0.0,0.5906628,0,15.636885,0.81740409,2.2205,10.89001,8.2731247,39.14119,9.5933552
451200,2016,0.0,0.5984615,0,15.698299,0.87501645,2.2369,11.02287,8.686244,43.06993,9.6441984
451200,2017,0.0,0.6045814,0,15.809684,0.89869285,2.2559,11.0987,9.0839319,48.79302,9.3655472
451200,2018,0.0,0.6389607,0,15.880219,0.91596001,2.2749,11.17528,8.822011,51.82217,9.4221401
451200,2019,0.0,0.6793318,0,15.987987,0.90831757,2.2883,11.28478,9.16366,58.36175,9.8658895
451200,2020,0.0,0.9034602,0,16.043371,0.98214459,2.2867,11.35384,8.9003344,71.00346,9.8249855
451200,2021,0.0,0.693418,0,16.159237,1.0393664,2.2755,11.41371,6.6425099,63.83834,9.5703897
451200,2022,0.0,0.7399307,0,16.245609,1.1199087,2.2446,11.47021,7.1158223,68.45728,9.6430311
451200,2023,0.0,0.7730485,0,16.269098,1.2808124,2.254369,11.52368,6.510448,76.82217,9.7407331
451200,2024,0.0,0.6242032,0,16.45742,1.1490035,2.300709,11.57443,7.6237807,85.18707,9.7829008
451300,2009,0.0,0.3545383,0,14.911985,0.48669544,2.0306,10.23909,2.9874728,23.32024,8.5904436
451300,2010,0.0,0.3043829,0,15.213952,0.45144376,2.0423,10.32182,3.605938,22.51057,8.6618128
451300,2011,0.0,0.2781481,0,15.396986,0.44867575,2.0282,10.3451,3.9908481,21.68896,8.6911469
451300,2012,0.0,0.3346907,0,15.453136,0.50199854,2.047,10.4778,3.7204435,22.75836,8.8971357
451300,2013,0.0,0.4486307,0,15.455613,0.58156717,2.0529,10.64191,3.3992467,24.62832,9.0291786
451300,2014,0.0,0.4806682,0,15.522503,0.59892672,2.1018,10.68065,3.406976,27.27853,9.1010838
451300,2015,0.0,0.6308306,0,15.534159,0.64282906,2.1192,10.68254,4.6001062,35.72826,9.1499529
451300,2016,0.0,0.7093309,0,15.588954,0.68826598,2.1261,11.0018,5.2638965,44.28996,9.1674328
451300,2017,0.0,0.734291,0,15.708159,0.70385325,2.1522,11.06901,6.4473543,50.67537,8.7071524
451300,2018,0.0,0.7282528,0,15.750521,0.77163166,2.1783,11.15066,6.6128492,63.3606,8.8317118
451300,2019,0.0,0.7491852,0,15.693448,0.93136406,2.219,11.15018,5.5131555,89.71481,8.764678
451300,2020,0.0,0.908757,0,15.769956,1.0237354,2.2266,11.24612,5.630259,98.5269,8.9135504
451300,2021,0.0,0.8819331,0,15.935374,1.0649189,2.2425,11.27924,5.0072689,108.2639,9.0731449
451300,2022,0.0,0.8547761,0,16.013845,1.1553239,2.2508,11.3113,4.5362086,96.68284,9.0883989
451300,2023,0.0,0.8006367,0,16.098913,1.2072399,2.234173,11.34236,4.1823564,94.79775,9.1386299
451300,2024,0.0,0.7214286,0,16.147654,1.2554356,2.175666,11.37249,3.5441909,92.8985,9.1505899
451400,2009,0.0,0.3739874,0,14.928536,0.37550399,2.0759,10.0186,3.3691268,81.96809,8.3666029
451400,2010,0.0,0.4099034,0,15.182544,0.4125776,2.0346,10.09337,3.2696917,82.97925,8.496582
451400,2011,0.0,0.4465937,0,15.408509,0.41263071,2.0093,10.22553,3.4104693,86.69505,8.5225782
451400,2012,0.0,0.5236756,0,15.484173,0.45163602,2.0523,10.30785,3.3169546,124.9104,8.6365747
451400,2013,0.0,0.5099391,0,15.581318,0.50368696,2.0642,10.4623,2.9674702,142.3651,8.7856922
451400,2014,0.0,0.536382,0,15.686888,0.51670635,2.1191,10.58556,3.2144868,156.672,8.8379717
451400,2015,0.0,0.67709,0,15.736576,0.54635012,2.1433,10.77122,3.6936746,171.8248,8.9436369
451400,2016,0.0,0.7189243,0,15.851785,0.50930822,2.1567,10.89589,4.9775596,173.263,8.9243898
451400,2017,0.0,0.82452,0,16.021166,0.49506494,2.1708,10.98952,6.5038795,167.3,8.532279
451400,2018,0.0,0.8813889,0,16.134453,0.49541217,2.1849,11.09474,8.2940454,250.4008,8.5291214
451400,2019,0.0,0.8970238,0,15.843658,0.78085369,2.2728,11.16549,8.5739241,339.9841,8.6048374
451400,2020,0.0,1.049344,0,15.906139,0.93701917,2.267,11.26688,8.1566057,409.7654,8.7089701
451400,2021,0.0,0.9570916,0,16.107035,0.9378978,2.2467,11.31275,6.5204806,480.3466,8.7137461
451400,2022,0.0,0.9747012,0,16.195982,1.0144374,2.2314,11.35661,6.2166429,524.6573,8.8460655
451400,2023,0.0,0.9721514,0,16.229637,1.111959,2.007954,11.39863,5.2612758,567.1395,8.9031353
451400,2024,0.0,1.078685,0,16.390409,1.0380144,2.227884,11.43894,5.6705418,609.6215,8.9603395
460100,2009,0.0,1.348963,0,15.403831,3.1842794,2.6161,10.33003,1.7327999,595.0012,8.8706627
460100,2010,0.0,1.658231,0,15.599144,1.2813734,2.6316,10.43975,1.5682712,647.354,9.0938063
460100,2011,0.0,1.564163,0,15.78024,3.4504373,2.6168,10.54691,1.6317643,791.8042,9.1235838
460100,2012,0.0,1.42073,0,15.918125,2.9627671,2.6171,10.6087,1.5559249,714.7029,9.2012997
460100,2013,0.0,1.642954,0,16.017872,2.8163798,2.6317,10.7235,1.5218972,896.0233,9.3281231
460100,2014,0.0,2.062613,0,16.205833,2.7018592,2.6962,10.83274,1.5074303,1092.347,9.3683691
460100,2015,0.0,2.633192,0,16.268208,3.1464212,2.6962,10.95876,1.5329759,913.5861,9.5797634
460100,2016,0.0,3.265389,0,16.347353,3.3220685,2.6962,11.03537,1.7341031,793.497,9.4915266
460100,2017,0.0,3.018363,0,16.447815,3.4504373,2.6962,11.12781,1.5819335,744.5789,9.4618769
460100,2018,0.0,3.47927,0,16.530544,3.2162592,2.6962,11.25974,1.4024504,851.0393,9.579833
460100,2019,0.0,5.253334,0,16.632116,3.1878133,2.6962,11.35183,1.4344498,759.1967,9.7043047
460100,2020,0.0,6.156641,0,16.701427,3.2199326,2.6962,11.41064,1.6505265,784.6115,9.7679539
460100,2021,0.0,6.706883,0,16.839344,3.0130019,2.6962,11.50852,1.3165011,773.9861,9.7813196
460100,2022,0.0,6.706883,0,16.876562,3.0512609,2.6962,11.59766,1.6242481,982.2217,9.7907104
460100,2023,0.0,6.706883,0,16.97591,3.0268695,2.6962,11.67951,1.3847421,816.2522,9.7753696
460100,2024,0.0,6.706883,0,17.022718,3.1279659,2.6962,11.75516,1.4406505,657.4675,9.8123035
460200,2009,0.0,1.099803,0,14.577526,0.84191018,2.4599,10.25451,1.5139788,589.8223,7.8103528
460200,2010,0.0,1.081389,0,14.652112,0.9904449,2.5182,10.41771,1.2671926,641.4138,7.8103528
460200,2011,0.0,1.057143,0,14.858451,0.93892616,2.5275,10.5193,1.430792,715.525,7.8300281
460200,2012,0.0,1.08918,0,15.012345,0.92122221,2.5116,10.5959,1.3732306,771.8674,7.8148036
460200,2013,0.0,1.317158,0,15.133228,1.6429847,2.5356,10.77301,1.3099189,723.8821,7.8103528
460200,2014,0.0,1.862799,0,15.207429,1.8749549,2.5128,10.90852,1.3483801,780.1707,7.8300281
460200,2015,0.0,1.877812,0,15.28757,1.9989569,2.5197,11.02682,1.3306245,802.3365,7.9892216
460200,2016,0.0,2.294138,0,15.374826,2.2692869,2.5204,11.0826,1.4039979,836.9483,8.1365185
460200,2017,0.0,4.182881,0,15.482849,2.3993239,2.5463,11.19583,1.3986504,826.5593,7.8103528
460200,2018,0.0,3.539836,0,15.599751,2.1210494,2.5722,11.28554,1.7805601,827.7377,8.2832413
460200,2019,0.0,6.383651,0,15.729487,1.9301268,2.6227,11.37433,1.9742442,869.4127,8.4688425
460200,2020,0.0,6.437164,0,15.754252,1.8190348,2.6095,11.44199,1.8085159,907.4329,8.4555302
460200,2021,0.0,6.706883,0,15.937772,1.5754877,2.6287,11.52775,1.7276697,862.338,8.3553801
460200,2022,0.0,6.391096,0,15.952041,1.6002194,2.6041,11.60674,2.3358798,974.8219,8.4008837
460200,2023,0.0,6.706883,0,16.088667,1.4279486,2.635127,11.67995,1.5771776,887.68,8.3494844
460200,2024,0.0,6.706883,0,16.225293,1.2556778,2.629355,11.74816,1.0132369,805.0649,8.2980852
500000,2009,0.0,0.6229252,0,17.994505,1.3424274,2.2858,10.34741,1.9331986,159.7501,11.373203
500000,2010,0.0,0.636141,0,18.18819,1.3737985,2.277,10.47353,1.7373242,171.2961,11.475504
500000,2011,0.0,0.8025797,0,18.421818,1.2986628,2.2778,10.59768,1.7269249,184.103,11.58191
500000,2012,0.0,0.7895436,0,18.552551,1.3261832,2.3115,10.72609,1.7883067,200.4469,11.588395
500000,2013,0.0,0.7764144,0,18.656282,1.3733095,2.3361,10.83986,1.8085197,210.6985,11.588395
500000,2014,0.0,0.8174775,0,18.775736,1.4030751,2.3934,10.94819,1.7192305,219.4045,11.588395
500000,2015,0.0,0.9486808,0,18.872856,1.4247977,2.4038,11.03636,1.7597682,227.506,11.588395
500000,2016,0.0,1.03385,0,18.993952,1.3970895,2.4078,11.11819,1.7962153,215.9419,11.588395
500000,2017,1.0,1.130516,1,19.088524,1.4293081,2.42667,11.20193,1.9252001,220.3124,11.588395
500000,2018,1.0,1.169642,1,19.131824,1.5432686,2.4556,11.31159,2.0043542,224.0925,11.588395
500000,2019,1.0,1.347901,1,19.241253,1.534915,2.4663,11.40438,2.2706475,244.3981,11.588395
500000,2020,1.0,1.479444,1,19.241253,1.6382291,2.4559,11.49659,2.3361752,268.0591,11.588395
500000,2021,1.0,1.693447,1,19.241253,1.6506497,2.4612,11.58027,2.1155782,293.6223,11.588395
500000,2022,1.0,1.12884,1,19.241253,1.6947372,2.4606,11.65748,2.326098,312.2827,11.588395
500000,2023,1.0,1.500832,1,19.241253,1.8818417,2.474254,11.72915,2.1733153,322.3469,11.588395
500000,2024,1.0,1.400923,1,19.241253,1.8500831,2.50417,11.79603,2.1657138,332.4171,11.588395
510100,2009,0.0,0.9199564,0,17.622751,2.1919324,2.4364,10.43984,1.5514389,517.0898,10.952717
510100,2010,0.0,0.9147311,0,17.832134,2.1867585,2.4503,10.56109,1.4752723,537.3755,11.061736
510100,2011,0.0,1.133955,0,18.043013,2.0084167,2.4458,10.65404,1.2602887,556.3139,11.20338
510100,2012,0.0,1.110722,0,18.214756,1.920445,2.452,10.78523,1.2598972,584.368,11.350407
510100,2013,0.0,1.345648,0,18.327347,1.934101,2.4636,10.97752,1.2929362,590.6574,11.522579
510100,2014,1.0,1.631098,1,18.426325,1.9667627,2.4807,11.05408,1.3071043,602.4102,11.525842
510100,2015,1.0,2.074818,1,18.497749,2.0340996,2.4934,11.14364,1.2684643,615.4203,11.588395
510100,2016,1.0,2.392967,1,18.617088,2.0549319,2.4921,11.21732,1.3577336,565.8278,11.588395
510100,2017,1.0,3.33862,1,18.749222,2.0417964,2.4996,11.28089,1.3771981,569.639,11.588395
510100,2018,1.0,3.662127,1,18.84874,2.0480628,2.5071,11.38522,1.2901852,569.3069,11.588395
510100,2019,1.0,3.57668,1,18.952074,2.0649734,2.6197,11.4878,1.3533396,586.2233,11.588395
510100,2020,1.0,4.059869,1,18.99262,2.2400088,2.6204,11.55659,1.4203542,606.748,11.588395
510100,2021,1.0,4.032249,1,19.109669,2.2664034,2.6347,11.64266,1.3181211,630.7609,11.588395
510100,2022,1.0,3.415407,1,19.153913,2.4894509,2.6358,11.72191,1.413704,703.5859,11.588395
510100,2023,1.0,3.78437,1,19.212542,2.6917081,2.661018,11.79534,1.3409806,718.4232,11.588395
510100,2024,1.0,2.706758,1,19.241253,2.812613,2.666837,11.86374,1.3390104,732.9645,11.588395
510300,2009,0.0,0.332004,0,15.50385,0.37075943,2.1641,10.14468,4.2290406,102.8068,9.0183325
510300,2010,0.0,0.2943613,0,15.683806,0.38325658,2.1658,10.28004,3.716862,94.66499,9.2411604
510300,2011,0.0,0.3089575,0,15.870094,0.38870862,2.1585,10.449,3.6393223,90.59921,9.3716936
510300,2012,0.0,0.3649315,0,15.995699,0.41951981,2.1546,10.61831,3.9042795,93.18722,9.5050974
510300,2013,0.0,0.370549,0,16.119698,0.44860837,2.1639,10.74678,3.6505682,95.92356,9.5809383
510300,2014,0.0,0.3711212,0,16.188931,0.48519757,2.1805,10.83041,3.4735851,133.3667,9.6476269
510300,2015,0.0,0.5001832,0,16.25185,0.53848648,2.1947,10.88452,3.8672767,112.7222,9.7192039
510300,2016,0.0,0.5704587,0,16.328814,0.57376504,2.204,11.04433,3.6825671,105.9908,9.7853231
510300,2017,0.0,0.7950309,0,16.389702,0.62952495,2.26195,11.1858,4.1880298,111.8117,9.6288528
510300,2018,0.0,0.7469659,0,16.459351,0.71827263,2.3199,11.27279,4.0104885,123.4303,9.7331734
510300,2019,0.0,0.7237188,0,16.474371,0.83923727,2.3167,11.26656,3.7974448,141.475,9.8262825
510300,2020,0.0,0.7956672,0,16.495161,0.96145928,2.2936,11.31244,3.7620213,155.7739,9.8200512
510300,2021,0.0,0.7590852,0,16.588724,0.9996776,2.3056,11.35631,3.5144188,175.2902,9.5049486
510300,2022,0.0,0.6517516,0,16.611572,1.1146646,2.3116,11.39833,4.0979328,168.5892,9.8259039
510300,2023,0.0,1.397556,0,16.677711,1.1400238,2.367267,11.43865,3.6576836,181.0,9.871171
510300,2024,0.0,0.7077922,0,16.747238,1.1220844,2.461727,11.47742,3.5675189,193.6526,9.9457808
510400,2009,0.0,0.7047858,0,15.260251,0.78072113,2.1966,10.37106,2.1535895,180.9464,8.7618637
510400,2010,0.0,0.7113485,0,15.471809,0.72579867,2.1801,10.50469,1.9357572,192.5929,8.8164082
510400,2011,0.0,1.053536,0,15.680617,0.69032264,2.1693,10.63037,1.8521779,189.1137,8.8886185
510400,2012,0.0,1.150402,0,15.817038,0.71914226,2.1718,10.7676,1.8912008,193.4406,8.9814301
510400,2013,0.0,0.9614286,0,15.896055,0.76032001,2.1847,10.87241,1.9652967,195.0268,9.0749788
510400,2014,0.0,0.8936551,0,15.97981,0.75946355,2.2012,10.96188,1.926276,259.9196,9.1107407
510400,2015,0.0,0.9337611,0,16.040333,0.75352132,2.2179,11.03352,2.1118741,215.0913,9.2199936
510400,2016,0.0,1.044685,0,16.132673,0.72793943,2.2274,11.1295,2.1500707,226.3784,9.1969509
510400,2017,0.0,1.214771,0,16.252846,0.69524825,2.2683,11.24999,2.2615681,238.6973,9.1055355
510400,2018,0.0,1.289167,0,16.278107,0.6857093,2.3092,11.37077,2.2428191,246.4537,9.1488905
510400,2019,0.0,1.513333,0,16.128046,0.81815159,2.2737,11.38515,2.1810369,147.9352,9.1548281
510400,2020,0.0,1.416667,0,16.158278,0.67780435,2.2776,11.46648,2.3415041,238.3056,9.1514397
510400,2021,0.0,1.465648,0,16.243847,0.67382056,2.269,11.5417,1.9104146,240.8148,9.1722231
510400,2022,0.0,0.9953271,0,16.317766,0.70881963,2.2606,11.61165,1.7521025,325.8411,9.1921768
510400,2023,1.0,1.299434,1,16.383532,0.7767244,2.280314,11.67702,1.736717,326.6227,9.2231579
510400,2024,1.0,1.157429,1,16.450991,0.75011742,2.287277,11.73839,1.8709968,327.419,9.2750978
510500,2009,0.0,0.4506487,0,15.586391,0.52741492,2.1414,10.05689,3.048053,81.9129,9.3079205
510500,2010,0.0,0.4501314,0,15.782355,0.56898838,2.1308,10.15229,2.658987,70.65615,9.3965712
510500,2011,0.0,0.3996819,0,16.013697,0.56374043,2.1122,10.33308,2.6105616,74.49901,9.5287218
510500,2012,0.0,0.4610055,0,16.148094,0.61098218,2.1159,10.47468,2.5645092,81.54196,9.8390026
510500,2013,0.0,0.436487,0,16.249546,0.67225808,2.1271,10.6714,2.2820346,84.92919,9.9149218
510500,2014,0.0,0.5063274,0,16.348993,0.73093247,2.1437,10.76448,2.4266417,87.80507,9.94415
510500,2015,0.0,0.6079339,0,16.420725,0.80755758,2.1559,10.85998,2.3699942,87.29236,10.019179
510500,2016,0.0,0.6825197,0,16.511427,0.86485714,2.1689,10.93396,2.4315586,92.01772,10.117671
510500,2017,0.0,0.8420981,0,16.585728,0.90921706,2.21145,11.09324,2.5263412,92.79412,9.9060841
510500,2018,0.0,0.8125098,0,16.645761,1.0113194,2.254,11.1944,2.7460392,94.07451,10.017129
510500,2019,0.0,0.802279,0,16.850945,0.96159863,2.3007,11.24644,2.7755499,128.0118,10.116581
510500,2020,0.0,0.8466142,0,16.886814,1.097438,2.2814,11.13774,2.6463292,123.628,10.122542
510500,2021,0.0,1.226055,0,16.996061,1.1173677,2.2866,11.38609,2.340137,143.9921,10.113424
510500,2022,0.0,0.7434325,0,17.074375,1.1837147,2.2755,11.58487,2.381515,168.9921,10.215008
510500,2023,0.0,0.9723753,0,17.120932,1.3268925,2.336828,11.75062,2.2257886,187.8982,10.239924
510500,2024,0.0,0.8859438,0,17.160843,1.4711895,2.348881,11.89276,2.2526095,207.0321,10.236203
510600,2009,0.0,0.5069001,0,15.869497,0.63865763,2.0941,10.4387,6.0958347,133.4192,9.3904095
510600,2010,0.0,0.4121804,0,16.036091,0.64301741,2.0907,10.58179,4.90027,119.6788,9.510519
510600,2011,0.0,0.4022535,0,16.246883,0.6312176,2.0875,10.64283,2.2839708,123.1805,9.6201296
510600,2012,0.0,0.5071265,0,16.365116,0.66339016,2.0951,10.75124,2.206414,139.7114,9.5930824
510600,2013,0.0,0.4226275,0,16.451668,0.68512762,2.1206,10.83299,2.357137,142.8622,9.7422619
510600,2014,0.0,0.4190319,0,16.533939,0.70320165,2.14,10.87673,2.3599281,171.0777,9.8178749
510600,2015,0.0,0.5477576,0,16.591259,0.67032653,2.1778,10.99223,2.4767272,187.3997,9.8627176
510600,2016,0.0,0.6404592,0,16.679113,0.67907023,2.2094,11.11492,2.2698638,226.5561,9.9229956
510600,2017,1.0,0.8333247,1,16.791321,0.65927589,2.2529,11.21264,2.2622194,282.1959,9.6531658
510600,2018,1.0,0.7998708,1,16.912836,0.65148956,2.2964,11.33693,2.3128746,291.9871,9.7108736
510600,2019,1.0,0.8773958,1,16.966536,0.70637327,2.2919,11.33986,2.3062453,311.8021,9.8037224
510600,2020,1.0,0.9767843,1,16.99523,0.79492795,2.3032,11.39005,2.3434148,346.1673,9.8009567
510600,2021,1.0,0.8813648,1,17.095293,0.82556885,2.3046,11.46806,2.1953747,345.2362,9.8426752
510600,2022,1.0,0.6950265,1,17.153769,0.90685511,2.3086,11.54043,2.2386348,331.9947,9.8636026
510600,2023,1.0,0.8935733,1,17.221363,0.9572134,2.326864,11.60792,2.1324148,444.7547,9.908823
510600,2024,1.0,0.7976613,1,17.301355,0.99830699,2.317235,11.67113,2.1301067,559.3333,9.9315891
510700,2009,0.0,0.5215643,0,15.919847,0.82940525,2.1598,10.17399,7.9083223,189.6649,9.8366528
510700,2010,0.0,0.5196634,0,16.077497,0.91362947,2.1655,10.3897,7.6389041,154.9652,9.8700857
510700,2011,0.0,0.5024107,0,16.291304,0.81487542,2.1465,10.55198,3.2534344,166.8605,9.9703512
510700,2012,0.0,0.5857536,0,16.415546,0.80716401,2.1499,10.67398,3.1163471,188.7935,10.129387
510700,2013,0.0,0.5763244,0,16.493187,0.86094666,2.1578,10.78767,3.2122667,203.2937,10.235665
510700,2014,0.0,0.5896684,0,16.575451,0.88519007,2.1766,10.86215,2.8957779,217.3123,10.33384
510700,2015,0.0,0.629409,0,16.648918,0.90150124,2.189,10.98687,2.9215543,227.2072,10.376923
510700,2016,0.0,0.6885505,0,16.722641,0.91095555,2.2152,11.06065,3.1130686,236.7339,10.39311
510700,2017,0.0,0.9378771,0,16.847937,0.89876544,2.2751,11.15082,3.3011115,250.2197,10.070907
510700,2018,0.0,0.9455037,0,16.952665,0.94071823,2.335,11.26787,3.277179,271.5485,10.163425
510700,2019,0.0,0.9648211,0,17.167519,0.86700946,2.3851,11.24203,3.4574018,295.1638,10.213359
510700,2020,0.0,1.036257,0,17.220036,0.93443996,2.3634,11.34121,3.154686,288.1985,10.225353
510700,2021,0.0,1.59351,0,17.327057,0.97763789,2.3711,11.42026,2.9304438,323.6091,10.262315
510700,2022,0.0,1.429829,0,17.406502,1.0343934,2.3721,11.49352,3.1382577,311.8346,10.30665
510700,2023,0.0,2.72621,0,17.514093,1.09237,2.409361,11.56177,2.8669207,357.7086,10.323086
510700,2024,0.0,1.150611,0,17.586891,1.1589437,2.424279,11.62566,2.7368596,403.7576,10.340807
510800,2009,0.0,0.4911265,0,14.810539,0.725932,2.126,10.10875,10.728926,12.55076,9.2809849
510800,2010,0.0,0.5453697,0,14.984481,0.74231625,2.1339,10.28441,10.728926,11.86272,9.3152409
510800,2011,0.0,0.472663,0,15.210607,0.69546449,2.1384,10.49085,6.0360847,12.92965,9.3557386
510800,2012,0.0,0.5395572,0,15.360212,0.70800257,2.1382,10.60042,5.8738699,18.9445,9.5061398
510800,2013,0.0,0.515216,0,15.461762,0.80141997,2.1553,10.70436,5.8193889,27.55319,9.5762329
510800,2014,0.0,0.4992906,0,15.549273,0.85894358,2.1847,10.78345,5.5308709,47.26217,9.6573954
510800,2015,0.0,0.60866,0,15.61628,0.9097476,2.1988,10.94986,5.1355567,42.70741,9.7509775
510800,2016,0.0,0.7040656,0,15.702596,0.95564324,2.2119,11.07033,5.6821237,42.99017,9.8426752
510800,2017,0.0,0.9646205,0,15.806285,0.98932689,2.2352,11.13672,5.6988807,45.77228,9.6363916
510800,2018,0.0,0.7949169,0,15.897262,1.0158204,2.2585,11.21638,5.8085623,49.63123,9.6737595
510800,2019,0.0,0.8086622,0,16.058346,0.97756761,2.2609,11.31472,5.3435535,56.0903,9.7568998
510800,2020,0.0,0.8944781,0,16.126064,1.0093902,2.2391,11.28819,5.5028849,64.20539,9.7875156
510800,2021,0.0,0.7904407,0,16.227846,1.0212655,2.2339,11.41873,4.60711,69.44068,9.716073
510800,2022,0.0,0.6095222,0,16.249125,1.1318625,2.2336,11.53417,4.9352951,70.65871,9.6880016
510800,2023,0.0,0.7748454,0,16.283609,1.2451725,2.264522,11.63765,4.9522514,75.1134,9.6591845
510800,2024,0.0,0.7945329,0,16.364174,1.311739,2.337813,11.73143,4.8857365,79.62976,9.609251
510900,2009,0.0,0.3061878,0,15.231535,0.53190422,2.0352,9.973535,6.0201168,24.89342,9.0574226
510900,2010,0.0,0.3164146,0,15.41536,0.55805802,2.0439,10.18793,5.0002365,26.19878,9.1669111
510900,2011,0.0,0.2895218,0,15.612848,0.54607004,2.0197,10.3667,4.5806661,27.70316,9.3092804
510900,2012,0.0,0.4058761,0,15.73597,0.58596778,2.0331,10.52574,4.685225,33.00984,9.466609
510900,2013,0.0,0.4097786,0,15.812405,0.67745465,2.0884,10.60085,4.2939835,38.57143,9.5113335
510900,2014,0.0,0.3872503,0,15.906824,0.75969112,2.101,10.68435,3.9322445,36.83491,9.6326628
510900,2015,0.0,0.4392607,0,16.030151,0.80891007,2.129,10.81483,3.7075849,37.43102,9.7175798
510900,2016,0.0,0.5374339,0,16.126513,0.81333053,2.1694,10.92015,3.6657226,36.56349,9.7734928
510900,2017,0.0,0.6652433,0,16.247421,0.81078678,2.2177,11.02336,3.8310893,36.98108,9.5218611
510900,2018,0.0,0.6503288,0,16.318087,0.85203654,2.266,11.17742,3.9503984,36.68219,9.5340166
510900,2019,0.0,0.7018232,0,16.415234,0.87069589,2.2671,10.9902,3.8698809,39.61326,9.6039352
510900,2020,0.0,0.85525,0,16.456709,0.93291926,2.2373,11.13989,3.3636789,39.87222,9.675457
510900,2021,0.0,0.7793576,0,16.536806,0.94101977,2.246,11.2509,3.0576777,41.06983,9.5935602
510900,2022,0.0,0.6579378,0,16.596811,1.031901,2.2475,11.35081,2.7641068,49.49152,9.6328592
510900,2023,0.0,1.378914,0,16.657509,1.1366906,2.328794,11.44163,2.728301,59.64,9.6561155
510900,2024,0.0,0.6564162,0,16.744034,1.1772858,2.337397,11.52489,3.1567223,70.02312,9.6782789
511000,2009,0.0,0.3007918,0,15.539856,0.42554951,2.0798,10.05267,4.5989308,47.56232,9.2793064
511000,2010,0.0,0.3148544,0,15.747437,0.38665518,2.0666,10.18478,4.5363245,49.35022,9.4079609
511000,2011,0.0,0.3018306,0,15.961072,0.36702108,2.0482,10.37975,4.822011,49.49542,9.4911489
511000,2012,0.0,0.3677215,0,16.096035,0.41514137,2.0423,10.5138,4.5924687,52.10267,9.7342997
511000,2013,0.0,0.3578491,0,16.185141,0.48077571,2.0518,10.60273,3.1628411,54.89222,9.7964592
511000,2014,0.0,0.331385,0,16.263729,0.5256651,2.0698,10.63315,3.7149427,62.58451,9.8718424
511000,2015,0.0,0.4095807,0,16.299232,0.57413608,2.0824,10.7457,3.8282056,63.67767,9.9156628
511000,2016,0.0,0.4107381,0,16.378668,0.56382132,2.1133,10.7196,3.7300367,69.47381,9.9373093
511000,2017,0.0,0.5416626,0,16.404844,0.58756965,2.185,10.81537,3.877496,77.48193,9.6853313
511000,2018,0.0,0.5912864,0,16.462927,0.63870174,2.2567,10.94331,3.9449623,82.99029,9.7710981
511000,2019,0.0,0.6508333,0,16.477865,0.71228194,2.3231,11.02707,4.2751417,92.33088,9.6393919
511000,2020,0.0,0.6317139,0,16.500633,0.80472404,2.3063,11.12096,4.1687784,148.8261,9.8317766
511000,2021,0.0,0.7402978,0,16.591843,0.81095076,2.3269,11.35755,3.511193,101.9355,9.8528252
511000,2022,0.0,0.5971429,0,16.623104,0.88356543,2.3171,11.54873,3.4017625,146.4436,9.8761168
511000,2023,0.0,0.8779747,0,16.709764,0.94584256,2.359972,11.70916,3.6228929,158.7013,9.926569
511000,2024,0.0,0.657954,0,16.78233,0.9806751,2.375554,11.84737,3.8330758,171.2097,9.897872
511100,2009,0.0,0.4568258,0,15.638474,0.70757449,2.1332,10.04814,2.8652849,38.1377,9.3665743
511100,2010,0.0,0.3950757,0,15.822268,0.78755182,2.1362,10.21096,2.5893292,104.0866,9.45156
511100,2011,0.0,0.4056716,0,16.032602,0.75707865,2.1324,10.3672,2.3937917,110.9001,9.5282125
511100,2012,0.0,0.5246972,0,16.155151,0.77807373,2.1411,10.51898,2.3964043,120.2816,9.5556307
511100,2013,0.0,0.4589326,0,16.244543,0.82107377,2.1534,10.67998,2.5788226,122.868,9.6750174
511100,2014,0.0,0.4766657,0,16.306723,0.90147614,2.1797,10.74936,2.734082,136.9244,9.7670374
511100,2015,0.0,0.5517397,0,16.381407,0.95163608,2.1915,10.90678,2.714241,138.7066,9.7843657
511100,2016,0.0,0.5982535,0,16.459261,0.93217039,2.241,10.90084,2.7608466,117.7577,9.8619881
511100,2017,0.0,0.9246591,0,16.52874,0.95132065,2.29435,11.10238,2.8424273,126.7415,9.6872578
511100,2018,0.0,0.8382621,0,16.59749,0.96519583,2.3477,11.2397,2.7553082,147.2051,9.7781515
511100,2019,0.0,0.8830286,0,16.740284,0.92665464,2.3096,11.31921,2.7167563,136.7514,9.845541
511100,2020,0.0,0.9176184,0,16.812742,0.95740527,2.2995,11.38126,2.6380808,143.2482,9.8327427
511100,2021,0.0,0.961902,0,16.908823,0.96384406,2.313,11.46064,2.414345,144.781,9.8469172
511100,2022,0.0,0.7595087,0,16.95491,1.0399736,2.3095,11.53419,2.1293364,146.1156,9.845541
511100,2023,0.0,0.9676522,0,17.013367,1.0899857,2.325414,11.60269,2.2588384,149.3913,9.8951025
511100,2024,0.0,0.7853197,0,17.047501,1.206123,2.351297,11.6668,2.3181198,152.6861,9.9036875
511300,2009,0.0,0.3176069,0,15.741621,0.5105229,2.0375,9.984017,6.8514943,94.31195,9.7574787
511300,2010,0.0,0.297225,0,15.929141,0.51317865,2.028,10.1601,5.7542968,72.60017,9.8472872
511300,2011,0.0,0.3153928,0,16.14715,0.50474697,2.0249,10.34718,5.4156384,76.06453,9.9319296
511300,2012,0.0,0.3243681,0,16.283915,0.55374539,2.0253,10.51902,5.272264,81.96946,10.050182
511300,2013,0.0,0.3219763,0,16.402185,0.62071776,2.0342,10.63649,4.7234874,87.75362,10.142032
511300,2014,0.0,0.3519894,0,16.477182,0.72489583,2.062,10.53314,4.5022979,92.31621,10.241138
511300,2015,0.0,0.377514,0,16.534304,0.85337633,2.0688,10.82548,4.3449292,96.57565,10.343225
511300,2016,0.0,0.4659379,0,16.619719,0.89601642,2.1094,10.91875,4.5281105,99.00405,10.451638
511300,2017,0.0,0.596221,0,16.721226,0.92149442,2.15905,11.01845,4.4588413,103.8554,10.29843
511300,2018,0.0,0.6085714,0,16.814255,0.97763658,2.2087,11.17527,4.3479877,104.6868,10.347116
511300,2019,0.0,0.6308287,0,16.960524,0.97700876,2.2483,11.29852,4.502975,117.8619,10.402717
511300,2020,0.0,0.7283252,0,16.99398,1.0856775,2.2378,11.32675,4.2855487,126.4475,10.466185
511300,2021,0.0,0.6905315,0,17.074375,1.1343182,2.2432,11.45749,3.557353,141.1175,10.506518
511300,2022,0.0,0.5759379,0,17.105776,1.2592354,2.2488,11.57309,4.705071,152.9563,10.51862
511300,2023,0.0,1.046927,0,17.124228,1.4073228,2.282142,11.6767,5.0500388,164.9972,10.554979
511300,2024,0.0,0.743429,0,17.169617,1.4798377,2.398794,11.77058,5.1033525,177.2453,10.512383
511400,2009,0.0,0.4241388,0,15.353082,0.4923237,2.0718,10.0843,4.5086713,40.35682,8.9886961
511400,2010,0.0,0.3880199,0,15.524343,0.50987107,2.0748,10.24072,3.9101284,45.38501,9.065546
511400,2011,0.0,0.3854903,0,15.722588,0.51113975,2.0754,10.23203,3.4899147,52.23204,9.1708717
511400,2012,0.0,0.489298,0,15.863481,0.55162144,2.0775,10.60462,2.9357452,58.80423,9.3562574
511400,2013,0.0,0.3946621,0,15.967322,0.61901748,2.0926,10.68455,2.7145221,63.15162,9.5089626
511400,2014,0.0,0.482153,0,16.061411,0.6630609,2.1179,10.62511,2.4197297,65.89519,9.6100559
511400,2015,0.0,0.5397525,0,16.147522,0.66392976,2.1286,10.90506,2.4911551,67.26429,9.6378927
511400,2016,0.0,0.6339143,0,16.228951,0.66878963,2.1715,10.79372,2.3921106,68.03143,9.6638966
511400,2017,0.0,1.078725,0,16.286446,0.73039353,2.21655,11.07094,2.4224839,70.5971,9.4464397
511400,2018,0.0,1.019826,0,16.346045,0.8303138,2.2616,11.1712,2.2800767,91.27826,9.4710112
511400,2019,0.0,1.114912,0,16.44018,0.91100782,2.3297,11.04203,2.3411317,112.9415,9.471858
511400,2020,0.0,1.032679,0,16.471565,1.0799971,2.316,11.31564,2.265574,134.0,9.5121469
511400,2021,0.0,1.94129,0,16.555059,1.1829499,2.3174,11.42059,2.0078201,166.0528,9.9239273
511400,2022,0.0,0.9163422,0,16.61035,1.3543512,2.3018,11.51556,1.9895526,207.8289,9.5794182
511400,2023,0.0,1.13638,0,16.670256,1.5234046,2.335192,11.60229,2.3098664,250.1009,9.6873817
511400,2024,0.0,0.9301791,0,16.754673,1.6110197,2.344425,11.68209,2.190156,292.8776,9.742732
511500,2009,0.0,0.4215318,0,15.790674,0.47891882,2.0995,10.13374,2.9994226,39.81456,9.6566277
511500,2010,0.0,0.3805054,0,15.979807,0.51425785,2.0964,10.1419,2.5754611,40.81481,9.7219658
511500,2011,0.0,0.3680604,0,16.205355,0.47937495,2.0813,10.44614,2.6682453,41.04439,9.7523155
511500,2012,0.0,0.476363,0,16.335428,0.503263,2.0844,10.60591,2.6399512,43.0022,9.9177847
511500,2013,0.0,0.4568677,0,16.412922,0.56642199,2.0977,10.7206,2.5140698,43.64099,10.033594
511500,2014,0.0,0.3869385,0,16.485382,0.62389576,2.1186,10.78062,2.6276989,44.25582,10.091584
511500,2015,0.0,0.5483807,0,16.540684,0.69105434,2.1332,10.92031,2.6775234,46.02412,10.14396
511500,2016,0.0,0.5815288,0,16.62072,0.74033713,2.1706,11.02515,2.6951895,46.19964,10.259832
511500,2017,0.0,0.7904685,0,16.731783,0.75280261,2.2142,11.10997,2.6692159,48.00901,10.090672
511500,2018,0.0,0.8129891,0,16.824343,0.807805,2.2578,11.28809,2.5857584,51.08696,10.130862
511500,2019,0.0,1.07779,0,17.074375,0.75775909,2.2833,11.3577,2.6418519,57.17935,10.183767
511500,2020,0.0,1.487187,0,17.14843,0.89587522,2.2721,11.37715,2.7811005,62.84211,10.223504
511500,2021,0.0,1.539654,0,17.264862,0.96988904,2.2754,11.45974,2.2449744,66.13818,10.221177
511500,2022,0.0,0.9093066,0,17.350073,1.0926906,2.2663,11.53602,2.2121572,69.10401,10.245409
511500,2023,0.0,1.784799,0,17.454937,1.2056687,2.325709,11.60689,2.1136944,71.97802,10.281615
511500,2024,0.0,0.73,0,17.505888,1.3268588,2.332209,11.67307,2.0703743,74.87316,10.295395
511600,2009,0.0,0.478469,0,15.320336,0.45448852,2.1054,10.13375,4.9580541,9.105305,8.9962807
511600,2010,0.0,0.5140295,0,15.496756,0.46832842,2.1082,10.28248,4.5841484,11.62691,9.0988503
511600,2011,0.0,0.4519317,0,15.702425,0.43489861,2.1066,10.45177,4.5300846,11.95304,9.141633
511600,2012,0.0,0.5181857,0,15.833373,0.45357811,2.1058,10.59604,4.5321188,14.34365,9.2892437
511600,2013,0.0,0.4388605,0,15.937944,0.50833714,2.117,10.75574,4.2098312,16.88988,9.3432093
511600,2014,0.0,0.4248675,0,16.034292,0.5599879,2.1364,10.82784,4.0728641,18.21073,9.437396
511600,2015,0.0,0.4811827,0,16.123695,0.5789389,2.1579,10.69374,3.9713185,18.37865,9.5558434
511600,2016,0.0,0.4889722,0,16.193783,0.60772991,2.168,11.09793,3.7938762,19.62527,9.63587
511600,2017,0.0,0.5415914,0,16.278334,0.61844546,2.21515,11.15358,3.7191226,21.79785,9.4387503
511600,2018,0.0,0.5642641,0,16.341433,0.64754814,2.2623,11.25718,3.6105375,29.42208,9.5455265
511600,2019,0.0,0.6764924,0,16.34124,0.74418294,2.3454,11.03578,3.5583313,35.17647,9.9343081
511600,2020,0.0,0.6644956,0,16.381229,0.78965634,2.318,11.05865,3.5601747,36.72588,9.9741793
511600,2021,0.0,0.6109492,0,16.467342,0.81113857,2.3232,11.31179,3.1529419,38.07947,9.9503708
511600,2022,0.0,0.5178397,0,16.472267,0.91889095,2.3413,11.51362,3.3991745,33.17595,9.9513721
511600,2023,0.0,0.6924719,0,16.53219,0.98020256,2.368128,11.68147,3.2863104,31.37303,9.7586355
511600,2024,0.0,0.640703,0,16.598049,1.0180322,2.424822,11.82516,3.4911978,29.53741,9.7670946
511700,2009,0.0,0.2944674,0,15.73644,0.43870378,2.0253,10.03315,5.533237,35.14508,9.5316992
511700,2010,0.0,0.2781481,0,15.918673,0.44367111,2.024,10.18577,4.9121385,27.1966,9.5316992
511700,2011,0.0,0.2795714,0,16.129854,0.43465066,2.0139,10.36607,4.8638148,27.27957,9.6906652
511700,2012,0.0,0.330276,0,16.245136,0.46843168,2.0284,10.50045,4.6189752,28.44882,9.8766813
511700,2013,0.0,0.2912595,0,16.337564,0.5263927,2.0406,10.58398,4.2441716,31.04712,9.9694157
511700,2014,0.0,0.2971661,0,16.416594,0.59481597,2.0647,10.67794,3.9684126,32.27729,9.9820213
511700,2015,0.0,0.360867,0,16.418764,0.68799841,2.0826,10.79286,4.0974569,34.01875,10.042989
511700,2016,0.0,0.3591374,0,16.487646,0.7446866,2.1561,10.87957,4.2419548,34.57164,10.099136
511700,2017,0.0,0.5464732,0,16.578011,0.80680215,2.2064,10.83479,4.2902055,36.53125,10.269796
511700,2018,0.0,0.5946997,0,16.642927,0.88920426,2.2567,10.96716,4.1443281,39.28979,10.367913
511700,2019,0.0,0.5854325,0,16.832026,0.83896255,2.3157,11.02812,3.9030008,48.22155,10.456596
511700,2020,0.0,0.6575229,0,16.868095,0.92095321,2.2882,11.07922,3.8873212,51.83333,10.529212
511700,2021,0.0,0.5586903,0,16.973362,0.95250851,2.2946,11.20336,3.2718921,56.54853,10.571086
511700,2022,0.0,0.5652484,0,17.035585,1.045562,2.2889,11.31378,3.2165861,62.19565,10.636841
511700,2023,0.0,0.9007668,0,17.095293,1.1556623,2.331087,11.41321,3.0186357,66.62285,10.657001
511700,2024,0.0,0.7770032,0,17.14843,1.1945503,2.416084,11.50365,3.0422833,71.11987,10.633063
511800,2009,0.0,0.4832098,0,14.68937,0.80501312,2.1064,10.04927,7.5219002,319.9162,8.7481461
511800,2010,0.0,0.5306004,0,14.868211,0.83375323,2.1004,10.16333,4.9508824,245.3196,8.84058
511800,2011,0.0,0.5689987,0,15.06863,0.79881728,2.1029,10.34211,3.7421589,252.4326,8.9560928
511800,2012,0.0,0.8605751,0,15.196924,0.83073306,2.1098,10.5141,3.0779438,263.0543,9.0344381
511800,2013,0.0,0.7186624,0,15.245749,0.98677129,2.1226,10.59912,10.728926,270.3567,9.1558838
511800,2014,0.0,0.7232189,0,15.346802,1.0271661,2.1407,10.70891,10.728926,281.6349,9.2665319
511800,2015,0.0,0.8443612,0,15.430093,1.0149509,2.1528,10.81227,7.3326526,299.858,9.3573799
511800,2016,0.0,0.843871,0,15.511726,0.96794546,2.1851,10.9034,4.7095637,311.1032,9.3632336
511800,2017,0.0,0.9483117,0,15.611876,0.98684025,2.22525,10.94205,3.9438326,322.0065,9.2553139
511800,2018,0.0,1.027386,0,15.681302,1.0181255,2.2654,11.01202,3.2610815,335.8693,9.2510023
511800,2019,0.0,1.056144,0,15.795132,1.0563419,2.3315,11.13522,3.3860445,384.085,9.3291893
511800,2020,0.0,2.094885,0,15.837058,1.1310472,2.2978,11.26402,3.4979913,349.8754,9.3718634
511800,2021,0.0,1.372895,0,15.944932,1.1623116,2.3153,11.34917,2.8223679,354.2171,9.4399433
511800,2022,0.0,1.076447,0,16.016064,1.2823031,2.3101,11.42764,2.8243408,359.875,9.4535217
511800,2023,0.0,1.284408,0,16.128046,1.3122934,2.341821,11.5004,2.8424928,361.1776,9.4457283
511800,2024,0.0,1.087368,0,16.19783,1.3811964,2.382768,11.56822,3.1169512,362.4803,9.4113197
511900,2009,0.0,0.3889277,0,14.683938,0.43090877,2.072,9.997422,10.728926,9.105305,9.0973959
511900,2010,0.0,0.3275431,0,14.848366,0.46000925,2.0808,10.11464,10.728926,9.105305,9.0880594
511900,2011,0.0,0.3045968,0,15.049218,0.45414144,2.0926,10.26764,10.728926,9.105305,9.197052
511900,2012,0.0,0.3597949,0,15.177513,0.52150935,2.0947,10.44186,8.3536129,9.105305,9.4059076
511900,2013,0.0,0.3359559,0,15.240887,0.63694429,2.1597,10.57914,6.9910054,9.105305,9.4604759
511900,2014,0.0,0.4212738,0,15.334279,0.75555927,2.1864,10.65648,6.2023635,9.105305,9.5390682
511900,2015,0.0,0.5844225,0,15.427632,0.91319811,2.1986,10.68796,6.3000727,9.105305,9.6010303
511900,2016,0.0,0.6030933,0,15.510503,0.99603677,2.2036,10.86309,6.0325933,9.701333,9.6735716
511900,2017,0.0,0.6927128,0,15.609667,1.0664368,2.20475,10.92614,6.1828976,13.42819,9.3942442
511900,2018,0.0,0.6136957,0,15.680961,1.1092261,2.2059,10.99603,6.9515543,14.82337,9.564723
511900,2019,0.0,0.6211749,0,15.835732,1.0667174,2.3511,11.08136,6.5405226,19.25956,9.6127338
511900,2020,0.0,0.6175824,0,15.852827,1.2160724,2.2973,11.20435,6.4177637,22.06319,9.6169386
511900,2021,0.0,0.6520718,0,15.821036,1.4154921,2.2504,11.27958,6.1943641,26.03591,9.6195316
511900,2022,0.0,0.4749861,0,15.850216,1.5458677,2.2405,11.34955,6.2847834,31.03064,9.634758
511900,2023,0.0,0.6471068,0,15.869635,1.7037804,2.34024,11.41494,6.0603037,33.33989,9.6964636
511900,2024,0.0,0.8627762,0,15.979982,1.715755,2.354401,11.47631,6.1831074,35.68839,9.6447811
512000,2009,0.0,0.2781481,0,15.491694,0.40877461,2.0112,10.09534,4.6296859,9.105305,9.282196
512000,2010,0.0,0.2781481,0,15.699396,0.42829102,2.0091,10.17821,4.1319728,9.105305,9.4755468
512000,2011,0.0,0.2781481,0,15.9395,0.39909548,2.0074,10.36522,4.003994,9.105305,9.559165
512000,2012,0.0,0.2781481,0,16.102697,0.42120558,2.0043,10.48345,3.7817314,9.105305,9.7658339
512000,2013,0.0,0.2781481,0,16.206438,0.48062491,2.0133,10.58917,3.4039941,9.105305,9.8317232
512000,2014,0.0,0.2781481,0,16.296745,0.53703523,2.0355,10.64411,3.4019425,9.105305,9.8981733
512000,2015,0.0,0.2781481,0,16.357412,0.56431949,2.0517,10.82884,3.4979773,9.105305,9.978363
512000,2016,0.0,0.3633803,0,16.059874,0.55391788,2.1284,10.91569,4.0217972,18.51831,9.66922
512000,2017,0.0,0.4859885,0,16.140062,0.58417714,2.16985,11.01684,3.623178,12.10029,9.3041954
512000,2018,0.0,0.4727167,0,16.182508,0.66279364,2.2113,11.10586,3.6291811,13.83526,9.4046726
512000,2019,0.0,0.4881579,0,15.867067,1.0509228,2.3287,11.14704,3.5958474,23.09941,9.4720888
512000,2020,0.0,0.6685714,0,15.904902,1.259614,2.2982,11.26709,3.8272138,37.74669,9.5018902
512000,2021,0.0,0.6025519,0,16.002686,1.2665726,2.3167,11.32258,3.4614062,43.11276,9.5600109
512000,2022,0.0,0.7104805,0,16.064695,1.3751599,2.2841,11.37514,4.1239767,55.17418,9.6148052
512000,2023,0.0,0.932462,0,16.136917,1.4405038,2.320153,11.42509,3.629756,88.65958,9.5598698
512000,2024,0.0,0.6475385,0,16.204273,1.5120476,2.337706,11.47266,3.2726495,122.9692,9.5913763
520100,2009,0.0,0.7233028,0,16.089632,2.1301155,2.4905,10.22481,1.6119637,669.5217,9.8001804
520100,2010,0.0,1.290159,0,16.233046,2.3076217,2.4909,10.34588,1.4994497,761.6799,9.8676529
520100,2011,0.0,1.100213,0,16.442404,2.178381,2.4853,10.5629,1.482574,694.7993,9.9276438
520100,2012,0.0,1.09466,0,16.648903,2.0463808,2.4931,10.66106,1.4483378,1044.248,9.9849758
520100,2013,0.0,1.284199,0,16.853069,2.0033963,2.5149,10.83604,1.4198812,858.2089,10.115732
520100,2014,0.0,1.469809,0,17.033293,2.6270723,2.5226,10.99088,1.3529401,938.4121,10.162731
520100,2015,0.0,1.658848,0,17.179754,2.7240202,2.5268,11.06584,1.3457761,940.6467,10.279318
520100,2016,0.0,1.794713,0,17.267941,2.8986931,2.5272,11.16386,1.4338961,1008.481,10.326793
520100,2017,0.0,2.869436,0,17.381645,2.9404292,2.5372,11.211,1.5415688,857.7255,10.353479
520100,2018,0.0,2.74744,0,17.45269,3.2678437,2.5472,11.32279,1.5175257,906.6651,10.395345
520100,2019,0.0,3.318318,0,17.514339,3.4504373,2.5497,11.43658,1.7227165,960.5934,10.452302
520100,2020,0.0,4.300916,0,17.579498,3.4504373,2.5575,11.53105,1.7033689,1008.504,10.509824
520100,2021,0.0,6.588315,0,17.667995,3.4504373,2.5606,11.57297,1.5689348,997.4022,10.627285
520100,2022,0.0,2.977244,0,17.711607,3.4504373,2.5637,11.6132,1.8088851,1041.149,10.654455
520100,2023,0.0,3.50444,0,17.758062,3.4504373,2.569288,11.65187,1.7449701,1040.147,10.702615
520100,2024,0.0,3.12137,0,17.871981,3.4504373,2.624269,11.6891,1.5965823,1039.167,10.730313
520200,2009,0.0,0.3862533,0,15.274487,0.71659791,2.2696,10.2375,2.2128541,23.07187,9.0120115
520200,2010,0.0,0.4201754,0,15.426211,0.72245353,2.2778,10.43362,2.2534928,31.66353,9.0357485
520200,2011,0.0,0.4091786,0,15.630101,0.6792711,2.2689,10.59346,2.0711944,23.08027,9.1862526
520200,2012,0.0,0.607783,0,15.815168,0.68825358,2.2715,10.68774,1.8173205,27.42326,9.3341494
520200,2013,0.0,0.5878918,0,15.992657,0.68005079,2.2973,10.7497,1.7733259,29.49908,9.4564972
520200,2014,0.0,0.6062139,0,16.159939,0.67246199,2.3107,10.87834,1.7460886,31.13007,9.5145845
520200,2015,0.0,0.6314037,0,16.301317,0.64919764,2.2978,10.96123,1.9741963,33.22736,9.5521555
520200,2016,0.0,0.7662647,0,16.390944,0.71215427,2.3066,11.08237,2.1430542,40.09706,9.7293129
520200,2017,0.0,1.039094,0,16.497704,0.73321658,2.31315,11.2563,2.1084404,49.73392,9.4385109
520200,2018,0.0,1.162607,0,16.540543,0.79248077,2.3197,11.34027,2.2826724,56.51289,9.5007687
520200,2019,0.0,1.178527,0,16.353958,1.1259321,2.2955,11.36963,3.0081892,68.75921,9.5808001
520200,2020,0.0,1.123366,0,16.410765,1.2059169,2.297,11.3964,2.973722,64.33941,9.6500139
520200,2021,0.0,1.10975,0,16.506075,1.2537681,2.301,11.47482,3.1705916,80.63333,9.7666941
520200,2022,0.0,1.390388,0,16.526224,1.3697801,2.3033,11.54753,3.3979883,75.2964,9.8499813
520200,2023,0.0,1.602652,0,16.561499,1.4845291,2.320778,11.61531,3.0914619,36.71823,9.9192629
520200,2024,0.0,1.013333,0,16.655174,1.5023125,2.361798,11.67879,2.9961233,9.105305,9.9818363
520300,2009,0.0,0.4034307,0,15.866605,0.624461,2.2835,10.31761,3.331002,46.36816,9.6319408
520300,2010,0.0,0.350834,0,16.022419,0.65821403,2.2736,10.40193,3.371778,63.54571,9.7277641
520300,2011,0.0,0.4014769,0,16.232731,0.63465339,2.29,10.6101,3.0295756,58.42725,9.8817024
520300,2012,0.0,0.613832,0,16.413691,0.69023788,2.2794,10.72112,2.8336947,68.90718,10.055779
520300,2013,0.0,0.5461914,0,16.578472,0.75953907,2.268,10.83073,2.6814978,75.09698,10.241922
520300,2014,0.0,0.6351461,0,16.746363,0.81507367,2.2554,10.95352,2.4824123,85.19441,10.415442
520300,2015,0.0,0.7285057,0,16.892057,0.88799727,2.2301,11.11231,2.6654365,68.68595,10.47695
520300,2016,0.0,0.8946509,0,16.995205,0.94217157,2.2496,11.23162,2.7878802,107.899,10.590994
520300,2017,0.0,1.379106,0,17.129183,1.0159187,2.2647,11.29773,2.94293,84.50684,10.518294
520300,2018,0.0,1.509187,0,17.216785,1.1121932,2.2798,11.38602,2.6869853,93.52463,10.559244
520300,2019,0.0,1.454408,0,17.36599,1.1208984,2.2949,11.45787,2.9215305,102.3871,10.598557
520300,2020,0.0,1.562112,0,17.43182,1.1912069,2.3022,11.53386,2.9241862,132.7051,10.624712
520300,2021,0.0,1.107515,0,17.546011,1.2058766,2.2878,11.58568,2.8637164,138.585,10.692989
520300,2022,0.0,1.305339,0,17.599928,1.2908347,2.2748,11.63495,2.5970142,139.3426,10.721703
520300,2023,0.0,1.432175,0,17.644587,1.3922751,2.282202,11.6819,2.5280116,135.6853,10.731909
520300,2024,0.0,1.218341,0,17.73292,1.3240365,2.374214,11.72675,2.4798157,132.0012,10.720024
520400,2009,0.0,0.2781481,0,14.577526,1.0456001,2.2771,10.17624,2.8270993,38.1184,8.6815205
520400,2010,0.0,0.2781481,0,14.661039,0.98597723,2.2732,10.27614,3.973366,41.28453,8.6188469
520400,2011,0.0,0.4328729,0,14.86476,0.94075209,2.2949,10.46417,3.8110478,44.81757,8.6687117
520400,2012,0.0,0.4472574,0,15.075723,0.99323571,2.3098,10.57302,3.4873893,46.15682,8.8526649
520400,2013,0.0,0.4618347,0,15.27217,1.0047246,2.3326,10.73501,3.2319598,45.85084,9.0556726
520400,2014,0.0,0.6448276,0,15.464285,0.99786311,2.3331,10.80356,2.9552596,45.28965,9.1389513
520400,2015,0.0,0.575129,0,15.648747,0.97579825,2.3064,11.02014,2.8196838,46.76381,9.2263117
520400,2016,0.0,0.8156,0,15.763348,0.98094374,2.3224,11.10859,3.1652246,52.27667,9.2739725
520400,2017,0.0,1.396047,0,15.898023,1.012376,2.325,11.14751,3.35619,57.03987,9.1824551
520400,2018,0.0,1.100132,0,15.95487,1.0934259,2.3276,11.26866,3.5342886,63.32237,9.279213
520400,2019,0.0,1.055016,0,16.039053,1.1660135,2.3433,11.31269,4.6483045,70.03257,9.3144302
520400,2020,0.0,0.9272313,0,16.084539,1.3194579,2.333,11.32412,4.415452,75.71336,9.3432093
520400,2021,0.0,0.9983714,0,16.19413,1.2853527,2.3393,11.42424,4.3938885,84.45602,9.4302788
520400,2022,0.0,1.157869,0,16.195982,1.4283223,2.3503,11.51523,4.7383866,92.30492,9.516942
520400,2023,0.0,1.146634,0,16.213406,1.561807,2.362433,11.59863,4.3234863,97.65677,9.5426607
520400,2024,0.0,0.9112625,0,16.288681,1.5416212,2.372883,11.67561,4.5443673,103.0797,9.5662651
530100,2009,0.0,1.537838,0,16.710674,3.0137396,2.4179,10.30525,1.3429103,505.4814,10.307084
530100,2010,0.0,1.318379,0,16.869686,3.0648284,2.4334,10.37418,1.3643218,462.2065,10.308553
530100,2011,0.0,1.241213,0,17.038212,2.904089,2.4307,10.63694,1.3904535,627.3897,10.511322
530100,2012,0.0,1.288004,0,17.220415,2.7117574,2.4364,10.71649,1.3888552,664.2134,10.703244
530100,2013,0.0,1.436979,0,17.346365,2.6787102,2.4508,10.84077,1.2995155,706.1028,10.679205
530100,2014,0.0,1.609064,0,17.429934,2.7474654,2.4878,10.97084,1.2420263,744.6558,10.748024
530100,2015,0.0,2.197005,0,17.496359,3.0182638,2.5054,11.03542,1.2255499,785.5644,10.84244
530100,2016,0.0,1.902464,0,17.576729,3.1518812,2.5207,11.13276,1.2988702,831.1857,10.880252
530100,2017,0.0,2.657016,0,17.698648,3.0445557,2.52195,11.24308,1.3834027,894.3837,10.879405
530100,2018,0.0,2.573514,0,17.76808,3.1243174,2.5232,11.29294,1.2705878,956.778,10.928722
530100,2019,0.0,2.806453,0,17.986198,2.7570152,2.5956,11.45172,1.3028882,1077.133,10.943729
530100,2020,0.0,2.935116,0,18.025265,2.931459,2.5951,11.5357,1.345257,1196.163,10.973237
530100,2021,0.0,3.384041,0,18.095366,3.026005,2.591,11.62142,1.3468776,1215.146,10.966715
530100,2022,0.0,4.359579,0,18.138451,3.1650949,2.5932,11.70037,1.7087058,1215.146,10.987984
530100,2023,0.0,6.706883,0,18.180519,3.2118897,2.5806,11.77353,1.5014074,1215.146,11.011934
530100,2024,0.0,6.706883,0,18.231335,3.1737139,2.6229,11.84171,1.5402341,1215.146,11.039075
530300,2009,0.0,0.4576612,0,15.979918,0.60457337,2.114,10.28306,2.2182662,30.51508,9.6605234
530300,2010,0.0,0.4236111,0,16.123676,0.62642616,2.1111,10.39064,2.5073364,34.26245,9.7689266
530300,2011,0.0,0.5452,0,16.308661,0.60652053,2.092,10.48818,2.5161686,39.39744,9.8393755
530300,2012,0.0,0.6750078,0,16.454685,0.61485547,2.0948,10.52661,2.7152586,41.04487,10.065521
530300,2013,0.0,0.6661162,0,16.578012,0.64238769,2.1055,10.58579,2.4459703,37.1226,10.121819
530300,2014,0.0,0.7189482,0,16.618509,0.68933362,2.1149,10.63771,2.8889441,37.67363,9.8969164
530300,2015,0.0,0.852435,0,16.619026,0.76507461,2.1055,10.75116,3.0742719,32.12935,10.203667
530300,2016,0.0,0.8169985,0,16.691956,0.73205596,2.1249,10.88313,3.1680429,41.71363,10.280965
530300,2017,0.0,0.8715431,0,16.781361,0.71268272,2.1905,11.06023,3.2489161,44.17549,10.090507
530300,2018,0.0,0.9318524,0,16.817898,0.74395126,2.2561,11.18786,3.3632498,48.5512,10.152493
530300,2019,0.0,0.9151574,0,17.088118,0.62733644,2.2866,11.27947,3.6329808,53.31484,10.191707
530300,2020,0.0,0.9691561,0,17.202948,0.60625643,2.2564,11.39698,3.4327893,58.41822,10.274569
530300,2021,0.0,1.51756,0,17.340105,0.60822594,2.2797,11.43839,3.006743,67.79166,10.279009
530300,2022,0.0,1.945341,0,17.453623,0.60383004,2.2885,11.47815,3.3579488,66.88724,10.332832
530300,2023,0.0,3.777456,0,17.516565,0.64220715,2.515672,11.51639,3.0745595,66.32249,10.390656
530300,2024,0.0,1.936563,0,17.420193,0.73506558,2.350642,11.55322,3.2718949,65.76106,10.421
530400,2009,0.0,0.849039,0,15.678666,0.59040892,2.1961,10.22797,1.6552867,52.11327,9.1052017
530400,2010,0.0,0.9696878,0,15.812161,0.63231415,2.1892,10.31705,1.6576332,52.15091,9.1763697
530400,2011,0.0,1.266393,0,15.986335,0.62022728,2.1841,10.54984,1.8076094,71.05263,9.2576056
530400,2012,0.0,1.478608,0,16.118271,0.63178951,2.1811,10.67154,1.87053,62.99393,9.2850771
530400,2013,0.0,1.375687,0,16.215647,0.64261293,2.1929,10.67949,1.9321705,80.17233,9.3087368
530400,2014,0.0,1.344907,0,16.287607,0.6559903,2.1963,10.74102,1.8251091,85.37963,9.3533144
530400,2015,0.0,1.448776,0,16.336847,0.67996728,2.231,10.81169,1.7890146,69.08476,9.4283504
530400,2016,0.0,1.560046,0,16.389559,0.68870878,2.2718,11.00888,1.5136087,72.29032,9.4609432
530400,2017,0.0,1.537489,0,16.465324,0.7044431,2.27915,11.15776,1.9102223,73.73516,9.316411
530400,2018,0.0,1.663773,0,16.518909,0.76524788,2.2865,11.24034,1.9497139,76.35909,9.3170404
530400,2019,0.0,1.723484,0,16.785925,0.68747079,2.376,11.45111,2.197396,86.93213,9.3162308
530400,2020,0.0,2.033092,0,16.83983,0.73498887,2.379,11.49414,2.2417352,96.27991,9.3727989
530400,2021,0.0,2.047117,0,16.973362,0.69284958,2.364,11.50922,1.791229,106.6757,9.3770409
530400,2022,0.0,2.643649,0,17.042751,0.68847126,2.3554,11.52407,1.9362835,113.3468,9.3978157
530400,2023,0.0,3.588108,0,17.060055,0.71127802,2.427207,11.53871,1.8408535,122.009,9.4722433
530400,2024,0.0,2.333108,0,17.06666,0.71775466,2.38703,11.55314,1.7727042,130.6712,9.5015907
530500,2009,0.0,0.4429924,0,14.611461,0.82536119,2.0621,9.9715,3.9089839,41.15414,8.5837297
530500,2010,0.0,0.4300752,0,14.774474,0.87657839,2.0857,10.02988,2.901047,34.74871,8.7919416
530500,2011,0.0,0.5605822,0,14.977551,0.8430137,2.0588,10.20003,3.7746332,65.6845,8.9634161
530500,2012,0.0,0.5936229,0,15.176375,0.80069542,2.0774,10.3445,3.9823935,39.41314,9.0584707
530500,2013,0.0,0.6347995,0,15.319015,0.82730204,2.0832,10.57009,3.5162027,43.1958,9.1116247
530500,2014,0.0,0.6517388,0,15.426898,0.89303136,2.0974,10.62887,3.4812055,45.0966,9.2034168
530500,2015,0.0,0.7737939,0,15.523812,0.9980638,2.1376,10.76416,3.6781135,47.71131,9.2833118
530500,2016,0.0,0.9335632,0,15.629342,0.9766891,2.1577,10.88155,3.6978736,49.49809,9.3500156
530500,2017,0.0,1.114487,0,15.730887,1.0179256,2.16025,11.03772,3.8197868,51.79087,9.0951538
530500,2018,0.0,0.9983712,0,15.814481,1.0708952,2.1628,11.13414,3.949966,57.32954,9.1788502
530500,2019,0.0,1.065606,0,16.078314,0.9652921,2.1905,11.30494,4.0307074,69.61742,9.2779055
530500,2020,0.0,1.24189,0,16.169739,0.99796808,2.1652,11.33539,4.1337514,81.73157,9.3626318
530500,2021,0.0,1.349321,0,16.271675,1.0065258,2.1451,11.39473,3.3575399,90.77736,9.3388214
530500,2022,0.0,1.650792,0,16.350794,1.0363538,2.1463,11.45074,4.2536569,96.44528,9.3225079
530500,2023,0.0,2.412679,0,16.344435,1.1335319,2.150604,11.50378,3.5480642,108.7019,9.362546
530500,2024,0.0,1.664981,0,16.366516,1.1568179,2.222042,11.55415,4.2150998,120.9585,9.45681
530600,2009,0.0,0.3066448,0,14.980072,0.66575056,2.1387,10.19293,5.3628612,9.901256,9.0672779
530600,2010,0.0,0.2926999,0,15.149576,0.75422025,2.1473,10.26803,5.7224159,10.34933,9.2392197
530600,2011,0.0,0.3554462,0,15.352448,0.76457846,2.127,10.43452,5.469862,10.21578,9.3286562
530600,2012,0.0,0.3845877,0,15.530383,0.7571274,2.1049,10.52545,6.2857614,10.24344,9.5846586
530600,2013,0.0,0.3645695,0,15.663497,0.72901517,2.0989,10.61795,5.5034113,11.28559,9.8122492
530600,2014,0.0,0.3660834,0,15.718122,0.79627031,2.1014,10.69671,6.4854441,12.74563,9.8116465
530600,2015,0.0,0.5247622,0,15.773315,0.87061942,2.1681,10.87939,7.3329377,15.91357,9.8798094
530600,2016,0.0,0.5396388,0,15.850909,0.84361959,2.1889,11.05738,6.8571634,18.52874,10.067773
530600,2017,0.0,0.7126979,0,15.934713,0.85857111,2.18805,11.18232,6.1667676,21.05331,10.106673
530600,2018,0.0,0.721264,0,16.001045,0.9052316,2.1872,11.34695,5.8819609,23.984,9.9868631
530600,2019,0.0,0.8442925,0,16.295404,0.88370836,2.2855,11.39374,7.8308277,26.61844,10.089261
530600,2020,0.0,0.9599683,0,16.371962,1.012751,2.2747,11.46107,7.362936,25.2387,10.14081
530600,2021,0.0,1.012294,0,16.497902,1.0070624,2.2681,11.48723,6.0732222,22.7057,10.158556
530600,2022,0.0,0.9061041,0,16.550528,1.0662766,2.2641,11.51272,7.2169113,28.6877,10.150738
530600,2023,0.0,1.331148,0,16.615229,1.1138164,2.267733,11.53757,5.4328499,34.93711,10.262489
530600,2024,0.0,1.135658,0,16.819706,0.95355362,2.351172,11.56182,5.2322946,41.14734,10.229693
530700,2009,0.0,0.7262922,0,14.577526,1.2647119,2.253,10.19551,4.070344,132.0086,8.0799274
530700,2010,0.0,0.672451,0,14.577526,1.3505448,2.2542,10.29011,3.5931761,132.0159,8.1158199
530700,2011,0.0,0.7174093,0,14.577526,1.4021429,2.2416,10.35672,3.7451947,156.7657,8.2013855
530700,2012,0.0,0.7915126,0,14.577526,1.4274815,2.2322,10.46672,2.8081081,102.7731,8.2524462
530700,2013,0.0,0.8201499,0,14.727036,1.393521,2.2259,10.65009,2.4727836,195.0208,8.3938951
530700,2014,0.0,0.9193895,0,14.778069,1.4625599,2.2318,10.60131,2.7790129,195.8086,8.3918571
530700,2015,0.0,1.11956,0,14.878881,1.43056,2.2944,10.89425,3.0153697,198.6431,8.4322891
530700,2016,0.0,1.142951,0,14.944619,1.3921243,2.305,11.07138,3.1105666,204.7131,8.5714922
530700,2017,0.0,1.549837,0,15.037755,1.3731557,2.3058,11.20999,4.0134959,183.1951,8.4011087
530700,2018,0.0,1.603008,0,15.070451,1.4654393,2.3066,11.35996,3.9030969,177.9837,8.4559555
530700,2019,0.0,1.879675,0,15.369435,1.1946369,2.408,11.49024,3.8091795,182.4878,8.6480455
530700,2020,0.0,2.20834,0,15.450616,1.1498854,2.3741,11.51923,4.0695896,206.2429,8.618124
530700,2021,0.0,2.161048,0,15.555977,1.2133019,2.3755,11.61133,3.6813111,219.3548,8.5935984
530700,2022,0.0,2.45629,0,15.640059,1.2219574,2.3589,11.69566,4.5607443,236.8387,8.5412998
530700,2023,0.0,3.977903,0,15.720599,1.2582139,2.337284,11.77343,3.747824,256.5081,8.6130486
530700,2024,0.0,2.697097,0,15.775605,1.2837471,2.421123,11.84559,3.194047,276.1774,8.8607826
530800,2009,0.0,0.6598302,0,14.577526,0.89939147,2.0663,10.11783,5.1493254,30.56401,8.5974817
530800,2010,0.0,0.6844069,0,14.724093,0.93520045,2.0685,10.20717,3.6979001,32.43912,8.6924906
530800,2011,0.0,1.024444,0,14.918081,0.91540521,2.0445,10.17209,3.7095189,34.19367,8.8061247
530800,2012,0.0,1.296861,0,15.115303,0.88974404,2.0205,10.35361,3.5502589,33.95709,8.9567375
530800,2013,0.0,0.743692,0,15.263336,0.93681073,2.0172,10.47262,3.7527199,36.64087,9.003562
530800,2014,0.0,1.014342,0,15.377743,0.99731874,2.0713,10.5784,4.9868879,38.41608,9.125762
530800,2015,0.0,1.070288,0,15.452587,1.0667113,2.0949,10.79911,4.6135988,42.24107,9.1545105
530800,2016,0.0,1.212869,0,15.55166,1.0604312,2.1191,11.09791,4.9087033,42.4502,9.2552185
530800,2017,0.0,1.482213,0,15.647436,1.0959698,2.12825,11.30109,5.1066947,44.6087,9.0595179
530800,2018,0.0,1.308858,0,15.706326,1.1637567,2.1374,11.33272,5.3966627,47.69685,9.2135353
530800,2019,0.0,1.266811,0,15.984564,0.97248071,2.2818,11.40572,6.047339,46.01575,9.4222212
530800,2020,0.0,1.42315,0,16.061525,1.030351,2.2603,11.46814,6.3061123,41.62992,9.5039053
530800,2021,0.0,1.563937,0,16.146683,1.0337014,2.2515,11.52995,6.1972923,42.51968,9.5120735
530800,2022,0.0,1.776378,0,16.188555,1.0638058,2.2599,11.58816,6.6701684,52.06299,9.5566921
530800,2023,0.0,2.839252,0,16.205191,1.1530685,2.136409,11.64317,4.5133471,51.65354,9.6221189
530800,2024,0.0,1.48311,0,16.291208,1.1097878,2.300244,11.69531,4.3525329,51.24409,9.6406279
530900,2009,0.0,0.4007512,0,14.577526,0.77885997,1.9801,10.11195,6.9159961,22.31636,8.4255161
530900,2010,0.0,0.4241714,0,14.590114,0.7749154,1.9901,10.18075,6.2542925,24.11383,8.5709238
530900,2011,0.0,0.5055579,0,14.817735,0.79923093,1.9735,10.31525,6.0219851,25.52397,8.6762457
530900,2012,0.0,0.727665,0,15.076743,0.7620874,1.9661,10.4563,5.3144398,24.18359,8.8979559
530900,2013,0.0,0.7172166,0,15.241254,0.77160007,1.9661,10.57989,4.9213057,23.79865,9.0208731
530900,2014,0.0,0.7186711,0,15.352639,0.81119835,1.9661,10.64855,5.2190666,22.26661,9.0787497
530900,2015,0.0,0.7869194,0,15.429184,0.86054611,2.0831,10.80049,5.3203163,22.50223,9.1311893
530900,2016,0.0,0.8518565,0,15.521744,0.80488789,2.1011,10.99585,5.5754061,30.18987,9.2599869
530900,2017,0.0,0.857908,0,15.614014,0.80355895,2.11435,11.21074,6.0671544,36.33473,9.0109129
530900,2018,0.0,0.8044813,0,15.656092,0.80059534,2.1276,11.28733,6.052237,44.27801,9.0857973
530900,2019,0.0,0.8919917,0,15.842342,0.74957091,2.1916,11.39607,5.899004,47.21577,9.1674328
530900,2020,0.0,0.9759007,0,15.920863,0.76717758,2.1634,11.51047,5.7783842,48.83644,9.1839962
530900,2021,0.0,1.176364,0,16.021585,0.76915836,2.1453,11.52143,4.4852505,50.11983,9.2540703
530900,2022,0.0,1.94343,0,16.118095,0.7753554,2.1237,11.53227,5.89468,56.69008,9.2000875
530900,2023,0.0,2.48405,0,16.166885,0.83789688,2.025453,11.54299,5.3421555,43.33471,9.251194
530900,2024,0.0,2.059917,0,16.257858,0.81078154,2.181041,11.5536,5.3381557,29.97934,9.3222399
540100,2009,0.0,0.7713953,0,14.577526,1.0040563,2.59,10.75103,2.4253683,236.3478,7.9882035
540100,2010,0.0,0.9347048,0,14.577526,0.78087449,2.58105,10.84367,2.6981354,321.771,7.8103528
540100,2011,0.0,1.32247,0,14.614904,1.4209826,2.5721,10.92846,2.8585143,521.5587,7.8103528
540100,2012,0.0,1.656349,0,14.771544,1.7465997,2.5683,11.03796,2.6463277,388.4722,7.8103528
540100,2013,0.0,1.52579,0,14.930225,1.4903073,2.5702,11.13664,2.6298323,317.1215,7.8383431
540100,2014,0.0,2.367932,0,15.060961,3.4504373,2.5579,11.1909,2.0434592,473.1689,7.8442407
540100,2015,0.0,3.329436,0,15.14187,3.1997676,2.5524,11.64905,2.2509377,402.7532,8.0811653
540100,2016,0.0,3.632407,0,15.262312,3.4504373,2.5457,11.61737,3.5048475,688.9815,8.2166281
540100,2017,0.0,3.848148,0,15.382584,3.4504373,2.5267,11.61811,2.8725789,377.8518,8.1659317
540100,2018,0.0,5.046546,0,15.503353,3.4504373,2.5077,11.75144,2.7257922,566.3455,8.2008371
540100,2019,0.0,4.450714,0,15.636828,3.4504373,2.5523,11.75239,3.1220901,374.0714,8.1220741
540100,2020,0.0,4.182456,0,15.729487,3.4504373,2.5055,11.74402,3.2600131,397.6842,8.4220028
540100,2021,0.0,5.021896,0,15.81969,3.4504373,2.5565,11.8606,2.9771864,642.5862,8.1256313
540100,2022,0.0,3.376379,0,15.827744,3.4504373,2.5388,11.94549,4.902863,643.2241,8.1196966
540100,2023,0.0,6.372414,0,15.937772,3.4504373,2.534434,11.94549,4.1426988,424.3621,8.4941292
540100,2024,0.0,5.668793,0,16.108046,3.4504373,2.542473,11.94549,3.8573816,205.5,8.3206911
610100,2009,0.0,0.9465504,0,17.120226,1.6455574,2.4985,10.42853,1.526193,808.7812,10.460357
610100,2010,0.0,0.9220676,0,17.294128,2.0335493,2.4788,10.54195,1.5365194,938.1907,10.513144
610100,2011,0.0,0.9975878,0,17.469852,1.9576912,2.4712,10.63775,1.5525888,865.4105,10.621572
610100,2012,0.0,0.9407789,0,17.591967,1.977787,2.4794,10.75125,1.5051748,909.4987,10.697362
610100,2013,0.0,0.9940513,0,17.704086,2.052285,2.4772,10.90371,1.4538807,932.807,10.696254
610100,2014,0.0,1.357255,0,17.821505,2.1076014,2.5225,10.89855,1.4038237,939.989,10.759498
610100,2015,0.0,1.459383,0,17.87616,2.3639977,2.5575,11.05395,1.4090027,1040.823,10.846323
610100,2016,0.0,1.758497,0,17.951826,2.4424174,2.5746,11.15068,1.4702457,1007.962,10.878198
610100,2017,1.0,3.052307,1,18.129244,2.2691464,2.5811,11.26156,1.5967807,802.1545,10.971967
610100,2018,1.0,5.664884,1,18.240341,2.3628924,2.5876,11.3751,1.6822962,722.1986,11.056667
610100,2019,1.0,6.706883,1,18.350365,2.388598,2.6004,11.48109,1.7749531,910.5538,11.115993
610100,2020,1.0,3.244162,1,18.422678,2.550802,2.6052,11.55563,1.8609416,801.5266,11.105047
610100,2021,1.0,3.188909,1,18.487217,2.7249255,2.6068,11.65767,1.7226912,817.6847,11.210279
610100,2022,1.0,3.62267,1,18.559311,2.7904305,2.5894,11.75025,1.8820854,823.2828,11.232418
610100,2023,1.0,5.213298,1,18.603918,2.946552,2.600581,11.83498,1.8178688,824.485,11.330336
610100,2024,1.0,2.353983,1,18.707212,2.8620434,2.661038,11.91309,1.5581747,825.6505,11.372501
610200,2009,0.0,0.504513,0,14.577526,0.51858401,2.2505,10.24726,3.3544872,45.69218,8.356555
610200,2010,0.0,0.4963717,0,14.577526,0.42295322,2.2284,10.34277,3.9233062,44.90871,8.3848038
610200,2011,0.0,0.4953216,0,14.667915,0.38888064,2.2147,10.43274,3.4053688,34.90059,8.3804569
610200,2012,0.0,0.7269636,0,14.820932,0.36491624,2.2106,10.57959,3.4258857,32.02813,8.3513746
610200,2013,0.0,0.6093458,0,14.984815,0.35575527,2.197,10.73556,3.3667302,39.04206,8.4096079
610200,2014,0.0,0.7431629,0,14.995282,0.38167524,2.2313,10.78695,3.7572684,28.71581,8.4698915
610200,2015,0.0,0.9554041,0,14.992746,0.44939467,2.2666,10.82596,3.8876688,35.9517,8.4614687
610200,2016,0.0,0.8104762,0,14.952084,0.55676925,2.3273,10.89027,4.5041289,54.30952,8.6095896
610200,2017,0.0,0.9442168,0,15.063778,0.59394515,2.37215,10.96296,5.8332171,40.07229,8.618124
610200,2018,0.0,3.421,0,15.003217,0.71919531,2.417,11.11978,5.5399127,90.8125,8.6077652
610200,2019,0.0,4.670633,0,15.082458,0.77136648,2.4788,11.10992,5.1232924,53.64557,8.6006145
610200,2020,0.0,3.500892,0,15.155761,0.8021372,2.4897,11.1436,5.2681403,83.89809,8.6247911
610200,2021,0.0,2.551795,0,15.29484,0.79810274,2.4396,11.24382,4.6755714,113.5256,8.6815205
610200,2022,0.0,1.190513,0,15.436877,0.74629068,2.414,11.3349,6.013073,113.3718,8.6663027
610200,2023,0.0,1.150769,0,15.44671,0.8116188,2.377749,11.41837,5.7064867,123.8846,8.693161
610200,2024,0.0,0.8920513,0,15.588766,0.78636283,2.341498,11.49541,6.2713437,134.3974,8.6995144
610300,2009,0.0,0.4900998,0,15.903124,0.44404411,2.1799,10.18629,3.3915458,68.39326,9.5695524
610300,2010,0.0,0.4915112,0,16.093895,0.44765338,2.1572,10.36886,3.4314597,72.33199,9.5432348
610300,2011,0.0,0.5167536,0,16.280005,0.44213465,2.1441,10.48664,3.183126,72.98277,9.6111279
610300,2012,0.0,0.548372,0,16.43606,0.4606615,2.1397,10.59428,3.1386967,77.72598,9.6711769
610300,2013,0.0,0.5716286,0,16.553709,0.4906556,2.1381,10.71721,3.0600822,96.03216,9.7527809
610300,2014,0.0,0.7534133,0,16.614559,0.54152632,2.1635,10.72181,3.0183263,85.2814,9.8547173
610300,2015,0.0,0.8136734,0,16.698986,0.58172899,2.1767,10.80799,3.1260722,86.51115,9.9394341
610300,2016,0.0,0.7835938,0,16.776724,0.61215138,2.1875,10.88493,3.7655823,83.58334,10.024288
610300,2017,0.0,0.981811,0,16.902733,0.63160628,2.2051,10.96352,3.756398,89.43569,9.9049368
610300,2018,0.0,1.233783,0,16.935741,0.68204319,2.2227,11.03909,3.7634659,91.52646,9.9285707
610300,2019,0.0,1.548515,0,16.917402,0.80938286,2.2664,11.11221,3.9806943,133.3767,9.9455891
610300,2020,0.0,1.375653,0,16.940954,0.89333165,2.2662,11.1986,4.095201,123.6027,9.9974327
610300,2021,0.0,1.703753,0,17.053797,0.8652724,2.2591,11.27314,3.8370061,141.9491,10.024687
610300,2022,0.0,1.164584,0,17.127148,0.89085197,2.2546,11.34252,4.3433805,144.5228,10.052339
610300,2023,1.0,1.219625,1,17.089252,1.0145638,2.254148,11.40739,4.0855412,144.6354,10.097243
610300,2024,1.0,0.8546917,1,17.053404,1.105503,2.253695,11.4683,4.1259627,144.748,10.099218
610400,2009,0.0,0.3501685,0,15.982505,0.42005658,2.1424,10.08304,3.3837965,175.6943,9.7325211
610400,2010,0.0,0.3780307,0,16.212206,0.41382238,2.1082,10.2322,3.4820769,217.5816,9.7715549
610400,2011,0.0,0.3389766,0,16.42655,0.39741802,2.0854,10.39697,3.2478735,199.669,9.8471813
610400,2012,0.0,0.3887478,0,16.57151,0.41053119,2.083,10.55764,3.4171951,222.9343,9.9450617
610400,2013,0.0,0.4692423,0,16.73888,0.40978238,2.0826,10.63255,3.3642201,226.4722,10.034428
610400,2014,0.0,0.5953863,0,16.849184,0.43412042,2.103,10.67292,3.192071,231.4315,10.157859
610400,2015,0.0,0.6813813,0,16.886309,0.47713029,2.1196,10.72126,3.513304,244.0285,10.203852
610400,2016,0.0,0.7413019,0,16.989796,0.47753954,2.1319,10.79018,4.1563721,247.7038,10.250688
610400,2017,0.0,1.063504,0,16.947742,0.55706322,2.1614,10.87032,4.473063,271.9808,10.05264
610400,2018,0.0,1.391435,0,16.983706,0.62663412,2.1909,10.96027,4.473063,276.7478,10.09295
610400,2019,0.0,2.192074,0,16.904278,0.79391563,2.2625,11.06697,4.5315142,277.9389,10.132573
610400,2020,0.0,4.642081,0,16.908823,0.93514889,2.2508,11.14606,4.5438471,326.3921,10.171642
610400,2021,0.0,5.849868,0,17.066273,0.91308969,2.2425,11.233,3.9812131,257.1187,10.228935
610400,2022,0.0,1.367483,0,17.154123,0.9350971,2.236,11.31299,4.2634854,283.6954,10.233115
610400,2023,1.0,2.450843,1,17.175192,1.0255595,2.243439,11.38704,3.8216262,272.1619,10.258641
610400,2024,1.0,2.14755,1,17.217041,1.0556917,2.346213,11.456,4.5208483,260.5256,10.274085
610500,2009,0.0,0.4258162,0,15.695736,0.58944464,2.2157,10.10993,4.1259279,28.1938,9.4822741
610500,2010,0.0,0.3298218,0,15.896729,0.58835346,2.1859,10.2621,4.5376315,28.92547,9.5432348
610500,2011,0.0,0.3668142,0,16.146656,0.52901483,2.1582,10.43268,4.4545879,29.92739,9.5661249
610500,2012,0.0,0.3503097,0,16.261154,0.53954166,2.1587,10.64349,4.402874,29.96284,9.66922
610500,2013,0.0,0.4392243,0,16.417465,0.53818518,2.1488,10.6305,4.2409997,30.18603,9.8017874
610500,2014,0.0,0.5107232,0,16.47139,0.5699001,2.1813,10.67765,4.3490992,26.71892,9.8538771
610500,2015,0.0,0.6282333,0,16.502733,0.62664676,2.207,10.73149,4.6496944,29.09901,9.8538771
610500,2016,0.0,0.7169659,0,16.515945,0.69550937,2.2377,10.8407,5.3660312,29.26391,9.9316864
610500,2017,0.0,0.8192626,0,16.619253,0.64889747,2.241,10.92784,5.5434189,29.31655,9.9249067
610500,2018,0.0,0.9771246,0,16.687782,0.6579811,2.2443,11.0117,5.3144088,30.21978,9.9341135
610500,2019,0.0,0.944291,0,16.721317,0.67824471,2.2733,11.04793,5.4284711,30.40884,9.944294
610500,2020,0.0,0.9563922,0,16.741892,0.74932772,2.2508,11.09127,6.3632264,30.81776,9.9887018
610500,2021,0.0,1.088383,0,16.853823,0.75966388,2.2444,11.12578,4.907414,31.10037,10.0871
610500,2022,0.0,0.7432649,0,16.907007,0.81193155,2.2234,11.15913,5.7089252,32.14739,10.126551
610500,2023,0.0,0.9332584,0,16.861937,0.95409137,2.235475,11.19141,5.2795706,104.9438,10.254285
610500,2024,0.0,1.004135,0,16.887278,1.0385033,2.338559,11.22268,6.5682936,178.2876,10.159834
610600,2009,0.0,0.6656411,0,15.800999,0.41475791,2.1404,10.44403,1.734728,109.4062,8.9015026
610600,2010,0.0,0.5914777,0,15.996403,0.40768224,2.1215,10.55373,1.8319832,104.5869,8.9883213
610600,2011,0.0,0.6194504,0,16.22547,0.36872187,2.1118,10.66135,1.8539202,105.1052,9.0384836
610600,2012,0.0,0.6330926,0,16.357916,0.37518859,2.1117,10.80854,1.8974659,123.3857,9.1635628
610600,2013,0.0,0.6219932,0,16.421259,0.41862383,2.1191,10.92444,1.8964487,112.4432,9.2583685
610600,2014,0.0,0.8163893,0,16.444586,0.4903295,2.137,10.96748,1.8465576,110.0555,9.3388214
610600,2015,0.0,1.155244,0,16.299274,0.6931572,2.1953,11.02311,1.9582285,103.9873,9.4134445
610600,2016,0.0,1.153502,0,16.197748,0.85453707,2.2523,11.05977,2.5074871,97.66245,9.4713964
610600,2017,0.0,1.322059,0,16.390099,0.84620088,2.24055,11.12606,2.5159094,132.8698,9.2254257
610600,2018,0.0,1.840812,0,16.562084,0.7615158,2.2288,11.21271,2.6809278,104.8718,9.2572241
610600,2019,0.0,2.084274,0,16.627319,0.79292792,2.2194,11.22297,2.8678904,123.0855,9.3466177
610600,2020,0.0,2.037645,0,16.588724,0.88126689,2.2092,11.28727,2.7881491,119.2976,9.3892393
610600,2021,0.0,1.98485,0,16.81374,0.73927432,2.1781,11.354,2.7777994,149.5064,9.3904095
610600,2022,0.0,1.367811,0,16.920994,0.72767133,2.1694,11.41656,2.6454754,153.0215,9.3987265
610600,2023,0.0,1.428841,0,16.94227,0.78317231,2.179323,11.47543,3.076272,114.5708,9.4664545
610600,2024,0.0,1.197425,0,16.986456,0.82380617,2.244382,11.53103,3.228344,76.12017,9.4610987
610700,2009,0.0,0.5569912,0,15.24017,0.5811851,2.192,10.18982,8.1062202,56.46442,9.4091911
610700,2010,0.0,0.4936178,0,15.444169,0.97548968,2.1754,10.31387,6.8074913,61.332,9.4955196
610700,2011,0.0,0.436202,0,15.683432,0.53738946,2.1474,10.46669,6.6692591,54.91237,9.5887766
610700,2012,0.0,0.4910487,0,15.836491,0.5333398,2.1525,10.61487,6.5090504,85.58158,9.6989202
610700,2013,0.0,0.5308389,0,15.992227,0.55782133,2.1457,10.68539,5.9827271,111.8099,9.6485949
610700,2014,0.0,0.5890133,0,16.109106,0.5598579,2.1667,10.74401,5.722538,110.1536,9.764226
610700,2015,0.0,0.6258924,0,16.18091,0.59164882,2.1999,10.84761,5.7902722,113.063,9.9503708
610700,2016,0.0,0.7289583,0,16.263487,0.58816499,2.2162,10.92844,6.1998229,109.4271,9.9320745
610700,2017,0.0,0.8480105,0,16.405752,0.58041239,2.23,11.00866,6.8281226,120.9424,9.7692699
610700,2018,0.0,0.9049869,0,16.504637,0.57543552,2.2438,11.09614,6.8453269,105.2441,9.845911
610700,2019,0.0,0.8799475,0,16.555059,0.6204958,2.2769,11.15519,7.8209219,108.6614,9.9132891
610700,2020,0.0,0.9371353,0,16.583715,0.66887826,2.27,11.20253,7.551681,105.9133,9.9259825
610700,2021,0.0,1.787368,0,16.688511,0.65924382,2.2634,11.22841,6.9976153,128.9474,9.9944706
610700,2022,0.0,2.373377,0,16.762577,0.67896259,2.2585,11.25364,8.1763916,118.7335,10.022115
610700,2023,0.0,3.197116,0,16.757315,0.76943493,2.304672,11.27824,8.0397978,129.9497,10.021537
610700,2024,0.0,0.8024669,0,16.7652,0.78656089,2.350844,11.30225,7.6506019,141.2255,10.005909
610800,2009,0.0,0.6213417,0,16.382235,0.51988024,2.2314,10.50492,1.876431,38.91287,9.3343267
610800,2010,0.0,0.6514403,0,16.681515,0.51166183,2.2086,10.61211,1.8893975,40.30453,9.4808254
610800,2011,0.0,0.6942271,0,16.947632,0.51450956,2.1912,10.71527,1.7539009,36.11546,9.4536791
610800,2012,0.0,0.7853444,0,17.10013,0.5798313,2.1832,10.87568,1.6015501,41.91938,9.6335802
610800,2013,0.0,0.7663661,0,17.164274,0.63363838,2.2046,10.97549,1.6193496,42.89655,9.7072296
610800,2014,0.0,0.95206,0,17.189878,0.66278273,2.2272,10.99436,1.5804943,44.52649,10.781037
610800,2015,0.0,1.100249,0,17.081762,0.7755304,2.2658,11.0238,1.571907,45.70816,9.8147106
610800,2016,0.0,1.10356,0,17.138044,0.71377265,2.2767,11.08621,2.0246787,45.49477,9.8964128
610800,2017,0.0,1.201636,0,17.33042,0.59819603,2.26425,11.11424,1.7739865,50.83117,9.7025337
610800,2018,0.0,1.262787,0,17.465811,0.54014045,2.2518,11.22876,1.6646801,42.92708,9.698061
610800,2019,0.0,1.376338,0,17.537825,0.51317507,2.2286,11.32455,1.8329923,47.22598,9.769556
610800,2020,0.0,1.306667,0,17.52664,0.56728107,2.2421,11.39032,1.7291824,70.28794,9.7763357
610800,2021,0.0,1.473472,0,17.810955,0.4755457,2.2115,11.5021,1.3630254,87.44819,9.801012
610800,2022,0.0,1.133238,0,18.041468,0.40531716,2.1818,11.60263,1.155284,191.7357,9.8153667
610800,2023,0.0,1.448523,0,18.076921,0.428628,2.189524,11.69397,1.6563706,90.02332,9.9709597
610800,2024,0.0,1.479352,0,18.126846,0.44967124,2.224188,11.77766,1.9788365,9.105305,9.862092
610900,2009,0.0,0.4425997,0,14.826912,0.64519596,2.1769,10.21996,8.0837698,27.92766,8.8887568
610900,2010,0.0,0.4483654,0,15.000493,0.64618838,2.1941,10.40165,8.3291626,53.48119,8.9497547
610900,2011,0.0,0.4902327,0,15.219571,0.63508439,2.1966,10.54041,7.3068051,60.36709,9.0212355
610900,2012,0.0,0.5735294,0,15.418745,0.62178451,2.1842,10.64174,7.492569,63.47059,9.1673288
610900,2013,0.0,0.5339929,0,15.614828,0.63371634,2.1688,10.66329,7.3867149,65.35842,9.2983513
610900,2014,0.0,0.577629,0,15.746216,0.68802935,2.179,10.68996,7.2889323,68.23644,9.4096832
610900,2015,0.0,0.692815,0,15.85992,0.70838583,2.1988,10.82794,7.2829456,69.55053,9.4539137
610900,2016,0.0,0.7450658,0,15.947144,0.74390709,2.228,10.86274,8.2307425,69.08224,9.5450964
610900,2017,0.0,0.8717705,0,16.092428,0.73285687,2.22875,10.98057,9.7945042,73.74098,9.2455149
610900,2018,0.0,1.237434,0,16.243645,0.68027908,2.2295,11.04537,10.728926,75.63158,9.3442593
610900,2019,0.0,1.133882,0,16.285303,0.72352791,2.2988,11.10778,10.728926,83.15131,9.400713
610900,2020,0.0,1.393267,0,16.203356,0.88269055,2.3085,11.13095,10.728926,77.83168,9.4161339
610900,2021,0.0,1.942914,0,16.30789,0.89120919,2.3058,11.15419,10.700084,79.69537,9.5400038
610900,2022,0.0,1.23255,0,16.356325,0.95248652,2.2991,11.17691,10.728926,87.16225,9.5398598
610900,2023,0.0,1.555861,0,16.314484,1.1064332,2.322932,11.19912,10.728926,82.72517,9.5726891
610900,2024,0.0,0.7760596,0,16.25,1.2715012,2.346764,11.22085,10.728926,78.28808,9.5620527
611000,2009,0.0,0.362806,0,14.626969,0.58593768,2.2107,10.02206,7.2629571,29.70994,8.5937834
611000,2010,0.0,0.3997876,0,14.865982,0.54739422,2.1819,10.09015,7.5101581,54.88298,8.8100119
611000,2011,0.0,0.3583703,0,15.104399,0.51667321,2.1617,10.3252,6.4737058,52.79952,8.873888
611000,2012,0.0,0.3565514,0,15.258445,0.52471852,2.1638,10.36989,6.2342272,59.33681,9.0094471
611000,2013,0.0,0.3895451,0,15.446475,0.47952396,2.1502,10.41267,5.698493,65.71828,9.1410971
611000,2014,0.0,0.4939213,0,15.566912,0.49477065,2.1648,10.5957,5.6211467,68.19627,9.2050266
611000,2015,0.0,0.5734433,0,15.643009,0.54307359,2.1847,10.71473,5.7103052,74.74204,9.3728848
611000,2016,0.0,0.6033992,0,15.760417,0.55990434,2.1919,10.76808,7.2086272,71.6087,9.3728848
611000,2017,0.0,0.6126878,0,15.839783,0.60816741,2.2135,10.80019,9.6972427,70.75099,9.3728848
611000,2018,0.0,0.6089641,0,15.925442,0.61841547,2.2351,10.88684,10.728926,64.98804,9.2382469
611000,2019,0.0,0.6232,0,15.940165,0.6839546,2.3033,11.00127,10.728926,70.4,9.614872
611000,2020,0.0,0.6535872,0,15.815639,0.89791608,2.3315,11.02066,10.728926,90.94589,9.3392611
611000,2021,0.0,0.6366667,0,15.957927,0.88940144,2.3251,11.07605,10.226588,92.36948,9.3964052
611000,2022,0.0,0.5220565,0,16.016064,0.9719032,2.323,11.12853,10.728926,98.70161,9.408289
611000,2023,0.0,0.8821053,0,15.938969,1.1925128,2.408044,11.17839,10.403399,105.0891,9.5053949
611000,2024,0.0,0.8347154,0,15.869635,1.4031804,2.493088,11.22588,10.231277,111.5285,9.493638
620100,2009,0.0,0.7210668,0,16.041195,2.167635,2.4657,10.2749,2.1009352,809.1937,9.9930086
620100,2010,0.0,0.7233418,0,16.21376,2.1440401,2.4577,10.43305,2.0193875,857.3314,10.129348
620100,2011,0.0,1.020755,0,16.425602,2.1454501,2.4582,10.5705,2.028919,905.4779,10.142938
620100,2012,0.0,0.8791291,0,16.565226,2.3486443,2.4668,10.70298,1.9531188,953.7636,9.9483175
620100,2013,0.0,0.9397721,0,16.692617,2.4814234,2.483,10.80659,1.9465957,1215.146,9.9730606
620100,2014,0.0,1.380624,0,16.811712,2.8050449,2.5351,10.89689,1.8387992,1105.37,10.032453
620100,2015,0.0,1.463995,0,16.858122,3.2881889,2.573,11.03813,1.8575449,1215.146,10.017218
620100,2016,0.0,1.552253,0,16.935331,3.4504373,2.5977,11.11261,1.9684466,1215.146,10.0871
620100,2017,0.0,1.677178,0,17.034708,3.4504373,2.61155,11.23465,1.83331,1215.146,10.141795
620100,2018,0.0,1.602805,0,17.123472,3.4504373,2.6254,11.35715,1.8381786,1027.034,10.199361
620100,2019,0.0,1.634488,0,17.160843,3.4504373,2.6307,11.38955,1.9580214,1078.404,10.223104
620100,2020,0.0,1.619192,0,17.178314,3.4504373,2.6369,11.44942,1.9675431,1170.377,10.255974
620100,2021,0.0,1.83753,0,17.290888,3.4504373,2.6171,11.48033,1.7511389,1215.146,10.296813
620100,2022,0.0,1.308368,0,17.325264,3.4504373,2.617,11.51031,2.2572396,1215.146,10.301088
620100,2023,1.0,1.988018,1,17.367138,3.4504373,2.636744,11.53942,1.9696915,1215.146,10.373147
620100,2024,1.0,2.14767,1,17.437716,3.4504373,2.628517,11.56771,2.1739683,1192.894,10.349455
620200,2009,0.0,1.205558,0,14.577526,1.1273608,2.1828,10.58113,1.3784889,133.6368,7.8103528
620200,2010,0.0,1.168349,0,14.577526,0.94645756,2.1716,10.75774,1.4625082,128.4404,7.8103528
620200,2011,0.0,1.461026,0,14.672201,0.97378224,2.1543,10.89366,1.524271,150.2051,7.8103528
620200,2012,0.0,1.605051,0,14.805594,1.1060785,2.154,10.85581,1.5267588,163.9899,7.8103528
620200,2013,0.0,1.9315,0,14.631837,1.5604589,2.2221,10.88551,1.4701079,160.5,7.8103528
620200,2014,0.0,1.684647,0,14.703656,1.4700788,2.2694,10.88626,1.3945891,118.9627,7.8103528
620200,2015,0.0,1.970864,0,14.577526,2.2386909,2.3848,10.8967,1.6589227,139.6543,7.8103528
620200,2016,0.0,1.975714,0,14.577526,3.1860785,2.549,11.11133,1.4201034,139.0,7.8103528
620200,2017,0.0,2.084762,0,14.577526,2.4435661,2.45555,11.2706,1.5096807,144.8571,7.8103528
620200,2018,0.0,2.088571,0,14.912855,1.7769175,2.3621,11.2654,1.6540979,132.0952,7.8103528
620200,2019,0.0,2.502381,0,14.855787,1.8927784,2.342,11.29789,1.635029,127.4286,7.8103528
620200,2020,0.0,2.333333,0,14.852247,1.9214405,2.3254,11.3829,1.5912273,188.8571,7.8103528
620200,2021,0.0,2.546667,0,14.997238,1.7774714,2.3158,11.48166,1.1361084,255.2857,7.8103528
620200,2022,0.0,1.953809,0,15.104743,1.5874372,2.2969,11.57154,1.6855966,324.619,7.8103528
620200,2023,0.0,2.505714,0,15.158376,1.656535,2.313939,11.65401,1.5249052,342.1905,7.8103528
620200,2024,0.0,2.312857,0,15.126542,1.8800825,2.462908,11.73019,1.5503557,359.7619,7.8328075
620300,2009,0.0,0.6371663,0,14.577526,0.83210063,2.0954,10.52578,2.316437,12.06643,7.8103528
620300,2010,0.0,0.8851119,0,14.577526,0.66832656,2.1009,10.60413,2.3995285,14.39329,7.8103528
620300,2011,0.0,0.8796138,0,14.660325,0.65181655,2.1134,10.67391,2.5209663,16.41631,7.8103528
620300,2012,0.0,0.7674518,0,14.704999,0.58979803,2.132,10.88728,2.520726,35.43897,7.8103528
620300,2013,0.0,0.906823,0,14.739911,0.70331502,2.1482,10.80743,2.4348593,71.40725,7.8103528
620300,2014,0.0,1.094468,0,14.755919,0.87401694,2.2043,10.86538,2.7969229,62.61702,7.8103528
620300,2015,0.0,1.172029,0,14.624289,1.489409,2.2577,10.87205,2.8241069,72.31342,7.8276396
620300,2016,0.0,1.179565,0,14.577526,1.7144444,2.2995,10.89667,2.7695093,72.13043,7.8819375
620300,2017,0.0,1.253478,0,14.610736,1.4812751,2.30525,11.02086,2.6869693,64.19566,7.8103528
620300,2018,0.0,1.233111,0,14.7872,1.2907367,2.311,11.14935,2.7194164,67.95556,7.9109573
620300,2019,0.0,1.192889,0,15.039286,0.90690792,2.2143,11.27851,3.183641,89.88889,7.9355874
620300,2020,0.0,1.428222,0,15.090874,0.8577947,2.2036,11.36437,2.7135761,115.8,8.0245352
620300,2021,0.0,1.438667,0,15.271797,0.84885103,2.1747,11.37574,2.1205502,135.4444,8.056427
620300,2022,0.0,1.5125,0,15.469922,0.90974569,2.1672,11.38699,2.6843798,162.8864,8.0618019
620300,2023,0.0,1.922558,0,15.552462,0.97906744,2.166261,11.39811,2.7607079,197.4186,7.9557757
620300,2024,0.0,1.79881,0,15.640059,1.1993268,2.216529,11.40911,2.9349949,233.5952,8.0339823
620400,2009,0.0,0.4028404,0,14.791319,0.52365178,2.1996,10.32412,5.9431581,9.105305,8.6123219
620400,2010,0.0,0.471035,0,14.95072,0.59978324,2.2081,10.43733,6.09163,9.105305,8.6372843
620400,2011,0.0,0.7344482,0,15.1394,0.59941703,2.2021,10.59184,4.9316397,9.105305,8.6524229
620400,2012,0.0,0.5802504,0,15.282844,0.64323848,2.2029,10.69118,4.6839509,16.70461,8.7217655
620400,2013,0.0,0.7859322,0,15.348728,0.71154016,2.2235,10.69665,4.8832235,12.38418,8.7730751
620400,2014,0.0,0.8455874,0,15.314335,0.909895,2.2434,10.74945,4.4213443,14.84542,8.8490839
620400,2015,0.0,0.9078336,0,15.284019,1.1787907,2.2809,10.84342,5.1334834,16.67957,8.8991852
620400,2016,0.0,0.9176923,0,15.302122,1.3170149,2.3171,10.89392,5.5973306,20.20879,8.9395809
620400,2017,0.0,0.9551099,0,15.320745,1.3919792,2.3143,11.0098,5.3490906,20.67583,8.9533815
620400,2018,0.0,0.9313187,0,15.447877,1.2805564,2.3115,11.10461,5.2218118,22.5989,8.9955368
620400,2019,0.0,0.9879558,0,15.396549,1.3796066,2.2721,11.21206,6.111969,27.29282,8.988945
620400,2020,0.0,1.059224,0,15.41893,1.4938604,2.253,11.23513,6.0453138,34.61496,9.0065088
620400,2021,0.0,1.149278,0,15.55773,1.3446164,2.254,11.29825,5.4369535,39.55556,8.8183346
620400,2022,0.0,0.8373333,0,15.665539,1.2895551,2.2382,11.35762,6.5758715,47.69444,8.8811417
620400,2023,0.0,1.050222,0,15.720599,1.4440912,2.235432,11.41366,5.6621284,77.91111,8.8685541
620400,2024,0.0,0.9413334,0,15.821036,1.3782179,2.283484,11.46672,5.5670581,108.1278,8.8840561
620500,2009,0.0,0.2781481,0,14.77103,0.6136179,2.2427,9.998498,8.7324524,90.07757,9.1501656
620500,2010,0.0,0.2781481,0,14.914885,0.71611226,2.222,10.08281,7.7465129,79.85984,9.0475864
620500,2011,0.0,0.4992154,0,15.089618,0.75704205,2.2274,10.25147,7.1291857,94.32088,9.1436663
620500,2012,0.0,0.3052435,0,15.233484,0.79847664,2.2266,10.45531,6.9028921,92.06281,9.2446451
620500,2013,0.0,0.3741534,0,15.329179,0.85329378,2.2566,10.55387,6.3003945,109.6825,9.3175793
620500,2014,0.0,0.3552538,0,15.469583,0.90608901,2.2985,10.61462,5.6343746,104.3813,9.3224182
620500,2015,0.0,0.4430918,0,15.527095,1.1599425,2.3129,10.72648,6.1024804,103.2056,9.3628035
620500,2016,0.0,0.4805391,0,15.591333,1.2677478,2.3383,10.83685,5.9584203,117.5418,9.4051666
620500,2017,0.0,0.5109973,0,15.605523,1.3971604,2.3762,10.95644,6.2451935,101.9218,9.2846127
620500,2018,0.0,0.6424731,0,15.690468,1.468743,2.4141,11.05396,6.2475924,104.3548,9.4285116
620500,2019,0.0,0.5898924,0,15.66081,1.7076128,2.3831,11.06181,6.183867,108.8952,9.6729412
620500,2020,0.0,0.6656721,0,15.71313,1.8643502,2.3795,11.13459,6.5277624,130.0511,9.6723747
620500,2021,0.0,0.6569355,0,15.830414,1.8536936,2.3666,11.21289,5.8057785,138.2392,9.6195984
620500,2022,0.0,0.5530189,0,15.912301,1.8089989,2.3469,11.2855,7.0769782,149.7359,9.5917864
620500,2023,0.0,0.6621351,0,15.963778,1.8339025,2.343346,11.35319,7.5693212,126.7405,9.6297083
620500,2024,0.0,0.5855284,0,16.068905,1.7596939,2.4176,11.41659,7.2315407,103.6206,9.7006979
620600,2009,0.0,0.3852611,0,14.577526,0.60770619,2.0624,9.958449,10.728926,14.19595,8.710784
620600,2010,0.0,0.4467218,0,14.643047,0.70434272,2.0713,9.998882,10.728926,14.80707,8.7114429
620600,2011,0.0,0.6046354,0,14.819264,0.74363959,2.0854,10.2042,9.5552979,65.65104,8.7817087
620600,2012,0.0,0.5302632,0,15.043812,0.79647529,2.0752,10.30027,8.4534893,82.23684,8.8720665
620600,2013,0.0,0.8296021,0,15.153622,1.0471851,2.0961,10.455,7.2690072,88.61008,9.0278587
620600,2014,0.0,0.8366861,0,15.216615,1.2996444,2.1078,10.62285,6.7962856,103.0016,8.9833145
620600,2015,0.0,0.8852347,0,15.241475,1.6728069,2.1539,10.85917,6.4034691,95.80615,9.0708485
620600,2016,0.0,1.081832,0,15.345315,1.6651549,2.1612,10.93575,5.6564202,86.70157,9.1337833
620600,2017,0.0,1.038842,0,15.275139,1.8977246,2.1835,11.02141,7.0642157,87.1579,8.8284941
620600,2018,0.0,1.037143,0,15.361508,1.7673635,2.2058,11.08211,6.60502,75.02646,9.0252151
620600,2019,0.0,0.9549206,0,15.400656,1.7378387,2.2566,11.14673,7.2107286,62.43386,9.0878334
620600,2020,0.0,1.118085,0,15.475641,1.6853437,2.2239,11.23297,6.7827578,115.4574,9.1154804
620600,2021,0.0,1.156952,0,15.60727,1.5521451,2.2033,11.29235,6.3106008,127.2353,9.319643
620600,2022,0.0,0.9870968,0,15.707115,1.4587276,2.1686,11.3484,8.528554,127.2796,9.2394133
620600,2023,0.0,1.274378,0,15.772784,1.4696999,2.16308,11.40148,7.9034328,119.9297,9.2812643
620600,2024,0.0,1.076739,0,15.830414,1.4236668,2.173929,11.45188,7.5200214,112.5,9.3234901
620700,2009,0.0,0.5209787,0,14.577526,0.59021032,2.0632,9.958497,8.4093304,127.2149,8.4707308
620700,2010,0.0,0.614538,0,14.577526,0.62217999,2.0595,10.0439,7.7717524,131.4072,8.5239706
620700,2011,0.0,0.7413293,0,14.758784,0.64330536,2.069,10.19229,7.2878642,136.1192,8.5733843
620700,2012,0.0,0.7428899,0,14.886847,0.75439113,2.0841,10.41662,6.7409635,150.1988,8.3845758
620700,2013,0.0,0.8856055,0,15.027368,0.87477702,2.1298,10.49379,5.765451,155.2932,8.4698915
620700,2014,0.0,1.018042,0,15.101369,1.0800037,2.1779,10.58665,4.8738542,155.2737,8.4759541
620700,2015,0.0,1.343815,0,15.133339,1.299842,2.1974,10.85068,5.1157594,152.2872,8.968524
620700,2016,0.0,1.766183,0,15.201664,1.3896532,2.2127,10.96315,5.369441,149.9084,8.9801722
620700,2017,0.0,1.310076,0,15.142486,1.6160092,2.2764,11.13685,6.2488165,146.8168,8.7551069
620700,2018,0.0,1.159771,0,15.220888,1.550233,2.3401,11.23178,5.782681,144.6336,8.7175188
620700,2019,0.0,1.054886,0,15.317363,1.4366359,2.2913,11.24477,5.7075748,142.3817,9.1946173
620700,2020,0.0,1.08313,0,15.356669,1.4377891,2.2632,11.35953,6.6631036,149.6565,9.0137167
620700,2021,0.0,1.23687,0,15.475641,1.3516806,2.2243,11.4059,5.559412,160.5038,9.2853546
620700,2022,0.0,1.312846,0,15.576811,1.2910601,2.2097,11.45021,6.2238226,181.9231,9.0472326
620700,2023,0.0,1.371473,0,15.620515,1.4232316,2.216666,11.49264,5.6379795,198.5814,9.0595179
620700,2024,0.0,1.255781,0,15.733903,1.3181486,2.28198,11.53335,5.6771851,215.5,9.0699282
620800,2009,0.0,0.3874744,0,14.577526,1.0875704,2.1027,10.24877,7.9643688,26.54829,8.7986059
620800,2010,0.0,0.3488482,0,14.656591,1.0994996,2.0947,10.35151,6.5966992,27.84488,8.882947
620800,2011,0.0,0.4795279,0,14.831419,1.0245949,2.1042,10.51467,6.3830395,28.01287,8.9686508
620800,2012,0.0,0.376453,0,14.992652,0.9069097,2.1033,10.67878,6.3426127,29.16667,9.0876074
620800,2013,0.0,0.5015524,0,15.04245,0.93711841,2.1249,10.80282,5.74827,28.24493,9.2261152
620800,2014,0.0,0.5331622,0,15.069853,1.136375,2.1571,10.80085,5.7230573,25.31878,9.3540945
620800,2015,0.0,0.6825982,0,15.061679,1.3528384,2.1791,10.87858,6.5298738,23.02643,9.3832846
620800,2016,0.0,0.7652991,0,15.116519,1.3418393,2.1913,10.92761,6.5122409,24.23077,9.4133625
620800,2017,0.0,0.7117521,0,15.081488,1.6704679,2.2418,11.02866,6.9578753,32.92308,9.4326839
620800,2018,0.0,0.7488034,0,15.189644,1.5865245,2.2923,11.15666,6.9822183,46.7906,9.4326839
620800,2019,0.0,0.7474359,0,15.335024,1.4362611,2.3271,11.22737,7.4310269,60.45299,9.595603
620800,2020,0.0,0.8316738,0,15.375758,1.464474,2.2935,11.36475,7.387682,73.56652,9.3000898
620800,2021,0.0,1.004871,0,15.527505,1.3557565,2.2599,11.43796,6.0031767,80.57327,9.3898249
620800,2022,0.0,0.7295238,0,15.674929,1.2981958,2.2298,11.50618,6.3519282,85.4329,9.4400225
620800,2023,0.0,0.8551739,0,15.716125,1.3892937,2.223789,11.57004,7.3374705,131.7783,9.5536461
620800,2024,0.0,0.6365502,0,15.79375,1.3868464,2.243992,11.63007,7.7076521,178.5284,9.5517998
620900,2009,0.0,0.9225265,0,14.981931,0.46370041,2.2242,10.32736,4.7644835,59.82161,8.4073782
620900,2010,0.0,0.8431853,0,15.214314,0.59797925,2.2135,10.3988,5.0176616,63.96121,8.5010633
620900,2011,0.0,0.9628658,0,15.387341,0.66016567,2.2315,10.52129,4.5697498,66.00404,8.5026884
620900,2012,0.0,1.004959,0,15.563959,0.63665211,2.2221,10.63833,4.1991329,70.36437,8.7003479
620900,2013,0.0,1.006588,0,15.674832,0.7272507,2.258,10.68882,3.6215525,63.51083,8.5839167
620900,2014,0.0,1.103417,0,15.6247,0.95916861,2.2881,10.81491,3.2578316,70.11691,8.6374617
620900,2015,0.0,1.289134,0,15.510753,1.2108378,2.3406,10.91104,3.1886973,71.98315,8.3624086
620900,2016,0.0,1.438661,0,15.5698,1.2556611,2.3483,10.93567,3.5240746,75.61607,8.7919416
620900,2017,0.0,1.550606,0,15.523477,1.3663427,2.38055,11.02508,4.1021609,89.29293,8.5504341
620900,2018,0.0,1.814343,0,15.602068,1.2842109,2.4128,11.11483,3.7568412,92.44444,8.5960045
620900,2019,0.0,1.772828,0,15.636828,1.2454832,2.2877,11.19657,4.2579546,113.4646,8.7364893
620900,2020,0.0,1.839798,0,15.699545,1.1936563,2.2432,11.29914,4.2980113,131.2222,8.7364893
620900,2021,0.0,2.467374,0,15.847598,1.1155349,2.2189,11.36724,3.6580365,138.7273,8.6543427
620900,2022,0.0,2.051584,0,15.944932,1.1224208,2.2176,11.431,4.9129658,131.1287,8.7114429
620900,2023,0.0,2.512039,0,16.022686,3.4504373,2.222515,11.49094,3.7409651,121.4272,8.8119497
620900,2024,0.0,2.114,0,16.159237,1.2291331,2.256792,11.54748,3.6503878,112.0952,8.8161116
621000,2009,0.0,0.3308297,0,14.921499,0.34618795,2.1123,10.21219,3.9233136,42.90477,8.6011667
621000,2010,0.0,0.3934717,0,15.089782,0.39141241,2.1138,10.25947,3.7854667,43.59904,8.4819803
621000,2011,0.0,0.4910687,0,15.329198,0.38866931,2.1098,10.45243,3.0476589,48.1145,8.7329493
621000,2012,0.0,0.363172,0,15.482017,0.46030575,2.1018,10.54351,2.989836,54.84941,8.9029999
621000,2013,0.0,0.5068156,0,15.616175,0.55797702,2.1509,10.69063,2.8768659,59.50397,8.9191856
621000,2014,0.0,0.6040301,0,15.715917,0.66911215,2.1699,10.77724,3.017411,61.14878,8.9739847
621000,2015,0.0,0.8374547,0,15.622867,0.95998043,2.2029,10.93314,3.7468524,67.11683,9.0507584
621000,2016,0.0,0.8865926,0,15.603651,1.0739411,2.2323,11.02954,5.0334864,63.41852,9.1024208
621000,2017,0.0,0.7709259,0,15.582806,1.1556579,2.26475,11.13749,5.0091825,66.2037,8.92665
621000,2018,0.0,0.9212963,0,15.772996,0.96966916,2.2972,11.21072,4.7411366,81.58889,9.1714954
621000,2019,0.0,1.048481,0,15.821036,0.96220726,2.2689,11.20163,4.7942681,78.6963,9.1711836
621000,2020,0.0,0.8052222,0,15.837058,1.00081,2.2692,11.29627,5.5176444,84.89629,9.1899338
621000,2021,0.0,0.9284815,0,15.995928,0.93568462,2.2464,11.39175,4.6098204,94.62592,9.2955084
621000,2022,0.0,0.7923048,0,16.139856,0.83264118,2.2159,11.4789,4.5333195,97.26394,9.3090992
621000,2023,0.0,0.9589179,0,16.213406,0.84316272,2.21144,11.55906,4.4620881,102.7164,9.3297224
621000,2024,0.0,0.9398127,0,16.311192,0.82288367,2.254348,11.63327,3.9173663,108.2097,9.371438
621100,2009,0.0,0.3208095,0,14.577526,0.88101888,2.1489,10.03835,10.728926,14.86825,8.829958
621100,2010,0.0,0.3604767,0,14.577526,0.92041051,2.1373,10.23116,10.728926,16.97849,8.9029999
621100,2011,0.0,0.4315581,0,14.577526,0.95701396,2.1571,10.39548,10.728926,27.11214,9.0628843
621100,2012,0.0,0.3553831,0,14.618727,1.0724388,2.124,10.51422,10.728926,24.0837,9.246479
621100,2013,0.0,0.5619794,0,14.740635,1.2492683,2.1555,10.51781,10.378476,18.24392,9.3451338
621100,2014,0.0,0.5548109,0,14.880788,1.4781084,2.2498,10.61701,8.3673401,17.32581,9.455245
621100,2015,0.0,0.7171536,0,14.930383,1.8253005,2.2771,10.8114,8.1258211,15.56486,9.4841766
621100,2016,0.0,0.8045214,0,15.012691,2.0122206,2.2966,10.91026,7.9892454,13.80528,9.5092592
621100,2017,0.0,0.7532343,0,15.001248,2.2096555,2.354,11.03187,9.5766935,12.15512,9.3822746
621100,2018,0.0,0.8118092,0,15.086003,2.0822456,2.4114,11.10563,10.430915,10.4704,9.4079609
621100,2019,0.0,0.7118421,0,15.241026,1.8524718,2.4686,11.14507,10.54555,9.105305,9.2000875
621100,2020,0.0,0.8848106,0,15.299385,1.9069861,2.4402,11.22909,10.728926,9.105305,9.6178703
621100,2021,0.0,0.8510561,0,15.426947,1.8063049,2.4431,11.29007,9.1880903,9.105305,9.6519442
621100,2022,0.0,0.8866888,0,15.534699,1.7395838,2.4237,11.34754,10.121897,9.105305,9.5855522
621100,2023,0.0,1.041595,0,15.60727,1.7936913,2.411477,11.40189,10.273194,9.105305,9.6458168
621100,2024,0.0,0.8735667,0,15.812928,1.5474266,2.450869,11.45344,9.8432283,9.105305,9.6548977
621200,2009,0.0,0.3167604,0,14.577526,1.0444007,2.2091,10.05897,10.728926,17.2977,8.4487
621200,2010,0.0,0.3289801,0,14.577526,1.0495341,2.1883,10.16107,10.728926,17.33267,8.5548744
621200,2011,0.0,0.4809322,0,14.577526,1.0234741,2.1824,10.28966,8.4330139,17.94491,8.6950045
621200,2012,0.0,0.359635,0,14.630768,1.078697,2.1866,10.41743,9.1842365,18.8417,8.6963434
621200,2013,0.0,0.3846535,0,14.729799,1.228954,2.2095,10.53072,7.4647341,20.01768,8.8668633
621200,2014,0.0,0.4933616,0,14.780698,1.4342095,2.2314,10.5811,6.8834448,20.23658,8.9576397
621200,2015,0.0,0.78125,0,14.963343,1.5188955,2.3224,10.73926,7.7406793,20.77268,9.0200272
621200,2016,0.0,0.7917361,0,15.038958,1.6429316,2.3497,10.86293,7.8105884,21.29514,8.9940481
621200,2017,0.0,0.6666202,0,15.047245,1.7920805,2.3892,10.90717,8.6343136,22.36585,9.3739042
621200,2018,0.0,0.7144097,0,15.148477,1.7369428,2.4287,10.98157,9.7496233,23.85069,8.9843178
621200,2019,0.0,0.6024825,0,15.308414,1.5689975,2.4061,11.05141,10.728926,29.68182,9.1393814
621200,2020,0.0,0.684772,0,15.324022,1.5681812,2.4076,11.14424,10.728926,34.69123,9.2105408
621200,2021,0.0,0.7719366,0,15.43093,1.4737897,2.3677,11.2301,10.225169,15.09507,9.2242432
621200,2022,0.0,0.6682979,0,15.541842,1.498726,2.3656,11.30917,10.728926,33.1844,9.291091
621200,2023,0.0,0.9210714,0,15.612258,1.5737813,2.354009,11.38244,10.728926,31.275,9.7046099
621200,2024,0.0,0.7823741,0,15.71313,1.537418,2.428379,11.45071,10.630656,29.33813,9.5209818
630100,2009,0.0,0.8919253,0,15.427094,2.3437214,2.4258,10.24439,3.0238228,225.7502,9.2236509
630100,2010,0.0,0.7027664,0,15.653326,2.4544535,2.4114,10.38033,3.1550581,273.3916,9.3028288
630100,2011,0.0,0.7046679,0,15.857645,2.4046865,2.3952,10.55693,3.3160763,263.2899,9.4786863
630100,2012,0.0,0.8765743,0,15.956853,2.6524959,2.4104,10.66647,3.3838444,311.6272,9.5411539
630100,2013,0.0,0.9716049,0,16.096394,2.7875309,2.4004,10.76518,3.0928035,281.8254,9.673131
630100,2014,0.0,1.21619,0,16.181803,3.122798,2.4319,10.91352,2.9581604,331.9694,9.6960325
630100,2015,0.0,1.344236,0,16.241745,3.4504373,2.4535,10.9699,2.9542854,347.4375,9.7840843
630100,2016,0.0,1.596995,0,16.339773,3.4504373,2.46,11.01976,3.8263648,352.0394,9.8020086
630100,2017,1.0,1.979563,1,16.368782,3.4504373,2.5123,11.20558,3.6428287,360.301,9.8009567
630100,2018,1.0,1.674638,1,16.369953,3.4504373,2.5646,11.33942,3.2006176,311.2754,9.8305941
630100,2019,1.0,1.815263,1,16.40177,3.4504373,2.622,11.42403,3.2227583,318.5454,9.9137344
630100,2020,1.0,1.824692,1,16.435093,3.4504373,2.6118,11.49648,2.4681094,395.4455,9.9857588
630100,2021,1.0,1.906667,1,16.555706,3.4504373,2.5894,11.63651,2.2344286,398.6479,9.9269114
630100,2022,1.0,1.330234,1,16.615229,3.4140503,2.5473,11.75931,2.5739622,441.9439,9.9357128
630100,2023,1.0,1.87707,1,16.706438,3.2991915,2.543228,11.86867,2.9061439,412.0326,9.9640656
630100,2024,1.0,1.697407,1,16.739746,3.2543652,2.549469,11.94549,2.9822316,382.3982,9.9900322
640100,2009,0.0,1.457088,0,15.57017,2.229748,2.3939,10.51312,1.6455294,401.3629,8.9891949
640100,2010,0.0,1.388854,0,15.855981,2.1328495,2.3938,10.59202,1.872606,438.7783,9.0833025
640100,2011,0.0,1.380703,0,16.104683,1.9716921,2.3723,10.81854,1.524024,478.3909,9.1740913
640100,2012,0.0,1.577931,0,16.258669,1.98358,2.3738,10.90181,1.6506789,493.2357,9.2741594
640100,2013,0.0,1.683604,0,16.371979,2.0640609,2.3798,10.95859,1.6384195,535.7416,9.3701611
640100,2014,0.0,1.835153,0,16.446409,2.2943087,2.3835,10.98664,1.7181246,477.0816,9.4362803
640100,2015,0.0,2.480612,0,16.519459,2.4460018,2.3989,11.09199,1.8056281,546.7612,9.5524397
640100,2016,0.0,2.691196,0,16.599106,2.5199656,2.4172,11.16818,1.9115436,537.5652,9.5975733
640100,2017,0.0,2.692381,0,16.707691,2.4734714,2.44515,11.25423,1.9262697,537.7672,9.6630707
640100,2018,0.0,2.547047,0,16.760729,2.5232258,2.4731,11.377,2.0967755,538.8031,9.7026558
640100,2019,0.0,2.6608,0,16.758369,2.7151685,2.4946,11.45698,2.2394829,556.09,9.6881266
640100,2020,0.0,2.474,0,16.793079,2.8182266,2.4995,11.56791,2.1134472,584.7073,9.6610336
640100,2021,0.0,2.895619,0,16.934788,2.6423416,2.4715,11.64601,1.7039279,615.0238,9.6880646
640100,2022,0.0,2.853349,0,17.048683,2.5411243,2.43,11.71845,2.1115365,691.4233,9.7208261
640100,2023,0.0,3.245136,0,17.10615,2.5963578,2.440787,11.78599,2.2155809,625.9818,9.7640533
640100,2024,0.0,2.601689,0,17.196505,2.4327471,2.463166,11.84926,2.1322699,563.4489,9.7526646
640200,2009,0.0,0.9918143,0,14.811647,0.84232336,2.2362,10.31958,2.4426296,71.44391,8.1533499
640200,2010,0.0,1.110666,0,14.909435,0.90445447,2.2529,10.44032,2.8334658,86.52766,8.1800404
640200,2011,0.0,0.8515313,0,15.11848,0.86433947,2.2422,10.55986,2.4647028,91.51797,8.2287111
640200,2012,0.0,1.031671,0,15.226421,0.88511664,2.2448,10.65132,2.5960901,88.98922,8.268219
640200,2013,0.0,1.015535,0,15.311644,0.90091306,2.2516,10.72563,1.8204362,94.41254,8.3902683
640200,2014,0.0,1.215948,0,15.357231,0.89591092,2.2478,10.79563,2.2939808,101.9869,8.4151602
640200,2015,0.0,1.107876,0,15.389071,0.88019717,2.2534,10.94872,2.9964492,104.0521,8.447629
640200,2016,0.0,1.1156,0,15.451735,0.82330602,2.2684,10.95061,3.087501,114.8133,8.4869404
640200,2017,0.0,1.382027,0,15.492629,0.88106561,2.2799,11.00037,4.0183501,121.0405,8.2935495
640200,2018,0.0,1.337973,0,15.617085,0.90894485,2.2914,11.1133,4.1871901,133.7568,8.3277264
640200,2019,0.0,1.4136,0,15.44671,1.167562,2.4018,11.16735,5.1178093,142.0133,8.417594
640200,2020,0.0,1.35047,0,15.505607,1.1569278,2.3801,11.42521,5.5701308,168.0134,8.4411755
640200,2021,0.0,1.413243,0,15.635209,0.87711704,2.36,11.50144,3.7326281,209.3919,8.4252968
640200,2022,0.0,1.173919,0,15.75137,0.75170028,2.3291,11.57227,4.7090669,249.5676,8.4303274
640200,2023,0.0,1.427703,0,15.759991,0.78858298,2.346348,11.63841,4.8282337,295.4865,8.420682
640200,2024,0.0,1.312838,0,15.548934,0.92987317,2.370148,11.70045,4.3602343,341.4054,8.466321
640300,2009,0.0,0.9363748,0,14.577526,1.138358,2.143,10.30441,4.7291613,13.23519,8.2550488
640300,2010,0.0,0.8237079,0,14.590225,1.1221734,2.1426,10.43562,5.0016847,13.61041,8.3005285
640300,2011,0.0,0.7620887,0,14.815992,1.0292234,2.1488,10.56828,4.9356508,13.61946,8.347827
640300,2012,0.0,0.7956215,0,14.963002,0.99827605,2.1593,10.71846,4.8686409,16.73022,8.4557428
640300,2013,0.0,0.8760613,0,15.073766,1.0488529,2.1744,10.65049,4.3060179,16.70842,8.4557428
640300,2014,0.0,0.9520558,0,15.159502,1.1227126,2.1484,10.85255,4.1251087,24.85714,8.6289139
640300,2015,0.0,1.116872,0,15.213752,1.1387497,2.172,10.90291,4.9054585,25.46115,8.7049999
640300,2016,0.0,1.094014,0,15.302619,1.1310018,2.1836,11.03592,4.562839,24.19014,8.7313366
640300,2017,0.0,1.174196,0,15.441048,1.1535665,2.18415,11.10539,6.1249738,26.11189,8.6626778
640300,2018,0.0,1.345417,0,15.491735,1.1535081,2.1847,11.26089,5.9263401,29.41667,8.6371069
640300,2019,0.0,1.353636,0,15.573368,1.0798057,2.3156,11.29325,6.2023177,37.11888,8.6335526
640300,2020,0.0,1.250801,0,15.64328,1.0765845,2.2877,11.51459,6.5338812,44.32753,8.6117754
640300,2021,0.0,1.386528,0,15.846287,0.97735393,2.2388,11.4984,6.0469003,49.85417,8.6121397
640300,2022,0.0,1.074097,0,15.975379,0.94264674,2.2025,11.48194,6.8398523,51.48611,8.6175814
640300,2023,0.0,1.543542,0,16.014956,1.0269485,2.218134,11.46521,6.8929443,52.82639,8.6752224
640300,2024,0.0,1.257153,0,16.049816,1.1249917,2.291286,11.44818,6.446682,54.16667,8.6971788
640400,2009,0.0,0.6014386,0,14.577526,0.69181943,2.2227,10.28558,10.728926,39.90942,8.1285849
640400,2010,0.0,0.5467121,0,14.577526,0.58473241,2.2113,10.41836,10.728926,38.41867,8.1567974
640400,2011,0.0,0.5871861,0,14.577526,0.79225606,2.2262,10.63079,10.728926,38.40309,8.3806858
640400,2012,0.0,0.6453307,0,14.577526,0.80573338,2.2522,10.72883,10.728926,39.31258,8.4042482
640400,2013,0.0,0.6440986,0,14.577526,0.88623124,2.2486,10.73316,10.728926,40.05836,8.4467707
640400,2014,0.0,0.5931507,0,14.577526,0.93227094,2.2891,10.74672,10.728926,44.48793,8.4883823
640400,2015,0.0,0.7277158,0,14.590418,0.95017397,2.3112,11.06384,10.728926,42.02444,8.5377798
640400,2016,0.0,0.7056,0,14.690169,1.1040817,2.3357,11.1728,9.7564182,43.63334,8.6229935
640400,2017,0.0,0.8724504,0,14.809114,1.3309525,2.3377,11.26091,10.728926,46.60265,8.6255093
640400,2018,0.0,1.029271,0,14.924714,1.2757561,2.3397,11.37241,10.728926,52.10596,8.6255093
640400,2019,0.0,0.9426531,0,14.987992,1.2161944,2.4512,11.30251,10.728926,53.52381,8.4394474
640400,2020,0.0,0.9318089,0,15.073972,1.2690728,2.3947,11.60878,10.728926,67.74062,8.687273
640400,2021,0.0,1.032466,0,15.137266,1.2942792,2.4426,11.64166,10.728926,71.32877,8.5087576
640400,2022,0.0,0.8479452,0,15.226498,1.3277408,2.4151,11.6735,10.728926,73.13699,8.7314978
640400,2023,0.0,1.210479,0,15.290274,1.3985293,2.420411,11.70435,10.728926,69.44521,8.6899691
640400,2024,0.0,0.8285617,0,15.350224,1.4596226,2.399888,11.73428,10.728926,65.75343,8.725832
650100,2009,0.0,1.53974,0,16.208412,1.4863843,2.5567,10.50508,1.1791744,540.0887,10.32931
650100,2010,0.0,1.264618,0,16.409658,1.5500312,2.5216,10.61272,1.0784966,555.1496,10.094274
650100,2011,0.0,1.288693,0,16.642845,1.5112007,2.5247,10.76168,1.0387493,526.1508,10.144588
650100,2012,0.0,1.533708,0,16.813276,1.6193678,2.5616,10.84222,1.1729933,527.3623,10.149527
650100,2013,0.0,1.669913,0,16.90785,1.7878689,2.5789,10.94135,1.1699135,555.5953,10.173514
650100,2014,0.0,1.689172,0,17.018854,1.8291225,2.6097,11.0287,1.1884217,627.8756,10.226874
650100,2015,0.0,1.837912,0,17.085703,1.8837806,2.6768,11.12161,1.2115616,676.4008,10.147374
650100,2016,0.0,1.968172,0,17.017841,2.1501644,2.6906,11.20169,1.1295452,648.6829,10.193691
650100,2017,0.0,2.578789,0,17.122633,2.2836301,2.68415,11.26539,1.1442271,869.296,10.220632
650100,2018,0.0,2.837928,0,17.249422,2.2524273,2.6777,11.36199,1.4397149,960.8378,10.256641
650100,2019,0.0,3.019692,0,17.345688,2.2840302,2.6962,11.41563,1.312857,934.7401,10.28875
650100,2020,0.0,2.897619,0,17.323168,2.5987756,2.6962,11.50194,1.3673513,1028.381,10.321079
650100,2021,0.0,3.309915,0,17.424265,2.6548779,2.6962,11.61768,1.1102369,1052.315,10.280896
650100,2022,0.0,1.999707,0,17.477276,2.7236044,2.6929,11.72141,1.4477078,1051.142,10.295597
650100,2023,0.0,3.712716,0,17.545532,2.7983422,2.6962,11.81538,1.3630799,1016.527,10.369106
650100,2024,0.0,3.391862,0,17.622618,2.7442558,2.690755,11.90128,1.2537487,983.0324,10.430079
650200,2009,0.0,1.254384,0,15.384732,0.32658055,2.1203,10.53081,1.2836553,100.9657,7.8103528
650200,2010,0.0,1.206878,0,15.77751,0.32658055,2.0927,10.56039,1.2908487,99.49347,7.8103528
650200,2011,0.0,1.31746,0,15.897057,0.32658055,2.0965,10.98785,1.2420936,101.8783,7.8103528
650200,2012,0.0,1.215692,0,15.908245,0.32658055,2.109,11.18252,1.225549,111.6489,7.8103528
650200,2013,0.0,1.162533,0,15.959228,0.37956178,2.2197,11.3454,1.2124639,118.4169,7.8103528
650200,2014,0.0,1.306667,0,15.952835,0.49212214,2.2332,11.36626,1.2763048,125.5641,7.8103528
650200,2015,0.0,1.741742,0,15.655155,0.80983424,2.3314,11.3452,1.1956379,174.4411,7.8103528
650200,2016,0.0,2.06,0,15.641669,0.95732087,2.2873,11.37368,1.2580342,281.6,7.8103528
650200,2017,0.0,2.327419,0,15.823058,0.71560293,2.27355,11.48193,1.2726121,387.5807,7.8103528
650200,2018,0.0,2.067419,0,16.010668,0.6827023,2.2598,11.59073,1.3135233,410.7742,7.8103528
650200,2019,0.0,2.505806,0,16.090725,0.77543402,2.2963,11.74424,1.1355803,483.4839,7.8103528
650200,2020,0.0,2.039048,0,15.998185,0.94465172,2.2877,11.77178,1.4098979,523.6508,7.8103528
650200,2021,0.0,2.264062,0,16.187622,0.82231379,2.2549,11.82282,1.2997279,647.9063,7.8103528
650200,2022,0.0,1.51,0,16.290367,0.8330909,2.2473,11.87138,1.223686,652.5313,7.8115683
650200,2023,0.0,1.915938,0,16.35,0.88394845,2.269258,11.91768,1.1466082,707.8438,7.8644199
650200,2024,0.0,1.828125,0,16.401016,0.91908389,2.27506,11.94549,1.2644235,763.1563,7.8819375
