id,year,lon,lat,pgdp
110000,2009,116.405285,39.904989,70452
110000,2010,116.405285,39.904989,75943
110000,2011,116.405285,39.904989,81658
110000,2012,116.405285,39.904989,87475
110000,2013,116.405285,39.904989,93213
110000,2014,116.405285,39.904989,99995
110000,2015,116.405285,39.904989,106497
110000,2016,116.405285,39.904989,118198
110000,2017,116.405285,39.904989,128994
110000,2018,116.405285,39.904989,140211
110000,2019,116.405285,39.904989,164220
110000,2020,116.405285,39.904989,164889
110000,2021,116.405285,39.904989,183980
110000,2022,116.405285,39.904989,190313
110000,2023,116.405285,39.904989,200278
110000,2024,116.405285,39.904989,228167
120000,2009,117.190182,39.125596,62574
120000,2010,117.190182,39.125596,72994
120000,2011,117.190182,39.125596,85213
120000,2012,117.190182,39.125596,93173
120000,2013,117.190182,39.125596,99607
120000,2014,117.190182,39.125596,105231
120000,2015,117.190182,39.125596,107960
120000,2016,117.190182,39.125596,115053
120000,2017,117.190182,39.125596,119238
120000,2018,117.190182,39.125596,120711
120000,2019,117.190182,39.125596,90371
120000,2020,117.190182,39.125596,101614
120000,2021,117.190182,39.125596,113732
120000,2022,117.190182,39.125596,119235
120000,2023,117.190182,39.125596,122752
120000,2024,117.190182,39.125596,132143
130100,2009,114.502461,38.045474,30428
130100,2010,114.502461,38.045474,33915
130100,2011,114.502461,38.045474,39919
130100,2012,114.502461,38.045474,43552
130100,2013,114.502461,38.045474,48491
130100,2014,114.502461,38.045474,48970
130100,2015,114.502461,38.045474,51043
130100,2016,114.502461,38.045474,55177
130100,2017,114.502461,38.045474,57024
130100,2018,114.502461,38.045474,55723
130100,2019,114.502461,38.045474,52859
130100,2020,114.502461,38.045474,52961
130100,2021,114.502461,38.045474,57830
130100,2022,114.502461,38.045474,63319
130100,2023,114.502461,38.045474,67099
130100,2024,114.502461,38.045474,72984
130200,2009,118.175393,39.635113,51179
130200,2010,118.175393,39.635113,59389
130200,2011,118.175393,39.635113,71565
130200,2012,118.175393,39.635113,76643
130200,2013,118.175393,39.635113,82831
130200,2014,118.175393,39.635113,80450
130200,2015,118.175393,39.635113,78398
130200,2016,118.175393,39.635113,81239
130200,2017,118.175393,39.635113,82972
130200,2018,118.175393,39.635113,87855
130200,2019,118.175393,39.635113,86667
130200,2020,118.175393,39.635113,93470
130200,2021,118.175393,39.635113,106784
130200,2022,118.175393,39.635113,115571
130200,2023,118.175393,39.635113,118418
130200,2024,118.175393,39.635113,129565
130300,2009,119.586579,39.942531,27110
130300,2010,119.586579,39.942531,31182
130300,2011,119.586579,39.942531,35691
130300,2012,119.586579,39.942531,37804
130300,2013,119.586579,39.942531,39889
130300,2014,119.586579,39.942531,39282
130300,2015,119.586579,39.942531,40746
130300,2016,119.586579,39.942531,73755
130300,2017,119.586579,39.942531,48356
130300,2018,119.586579,39.942531,52380
130300,2019,119.586579,39.942531,51334
130300,2020,119.586579,39.942531,53821
130300,2021,119.586579,39.942531,58774
130300,2022,119.586579,39.942531,61277
130300,2023,119.586579,39.942531,64491
130300,2024,119.586579,39.942531,68456
130400,2009,114.490686,36.612273,22779
130400,2010,114.490686,36.612273,26143
130400,2011,114.490686,36.612273,30270
130400,2012,114.490686,36.612273,32650
130400,2013,114.490686,36.612273,30800
130400,2014,114.490686,36.612273,32943
130400,2015,114.490686,36.612273,33450
130400,2016,114.490686,36.612273,35265
130400,2017,114.490686,36.612273,35567
130400,2018,114.490686,36.612273,36289
130400,2019,114.490686,36.612273,36546
130400,2020,114.490686,36.612273,38623
130400,2021,114.490686,36.612273,43817
130400,2022,114.490686,36.612273,46615
130400,2023,114.490686,36.612273,47493
130400,2024,114.490686,36.612273,51258
130500,2009,114.508851,37.0682,15174
130500,2010,114.508851,37.0682,17189
130500,2011,114.508851,37.0682,20027
130500,2012,114.508851,37.0682,21361
130500,2013,114.508851,37.0682,21030
130500,2014,114.508851,37.0682,22758
130500,2015,114.508851,37.0682,24256
130500,2016,114.508851,37.0682,27038
130500,2017,114.508851,37.0682,28499
130500,2018,114.508851,37.0682,29210
130500,2019,114.508851,37.0682,28707
130500,2020,114.508851,37.0682,30909
130500,2021,114.508851,37.0682,34193
130500,2022,114.508851,37.0682,36091
130500,2023,114.508851,37.0682,36994
130500,2024,114.508851,37.0682,39989
130600,2009,115.482331,38.867657,15770
130600,2010,115.482331,38.867657,18451
130600,2011,115.482331,38.867657,21796
130600,2012,115.482331,38.867657,24053
130600,2013,115.482331,38.867657,24951
130600,2014,115.482331,38.867657,26501
130600,2015,115.482331,38.867657,29067
130600,2016,115.482331,38.867657,29992
130600,2017,115.482331,38.867657,29580
130600,2018,115.482331,38.867657,31057
130600,2019,115.482331,38.867657,31856
130600,2020,115.482331,38.867657,34269
130600,2021,115.482331,38.867657,38157
130600,2022,115.482331,38.867657,40038
130600,2023,115.482331,38.867657,41990
130600,2024,115.482331,38.867657,47830
130700,2009,114.884091,40.811901,18948
130700,2010,114.884091,40.811901,22517
130700,2011,114.884091,40.811901,25649
130700,2012,114.884091,40.811901,28139
130700,2013,114.884091,40.811901,28201
130700,2014,114.884091,40.811901,30540
130700,2015,114.884091,40.811901,30840
130700,2016,114.884091,40.811901,33142
130700,2017,114.884091,40.811901,32219
130700,2018,114.884091,40.811901,34661
130700,2019,114.884091,40.811901,35025
130700,2020,114.884091,40.811901,38637
130700,2021,114.884091,40.811901,42049
130700,2022,114.884091,40.811901,43435
130700,2023,114.884091,40.811901,45360
130700,2024,114.884091,40.811901,47344
130800,2009,117.939152,40.976204,22198
130800,2010,117.939152,40.976204,25699
130800,2011,117.939152,40.976204,31705
130800,2012,117.939152,40.976204,33791
130800,2013,117.939152,40.976204,33653
130800,2014,117.939152,40.976204,38128
130800,2015,117.939152,40.976204,38505
130800,2016,117.939152,40.976204,40741
130800,2017,117.939152,40.976204,41299
130800,2018,117.939152,40.976204,41476
130800,2019,117.939152,40.976204,41080
130800,2020,117.939152,40.976204,46119
130800,2021,117.939152,40.976204,50749
130800,2022,117.939152,40.976204,53482
130800,2023,117.939152,40.976204,55915
130800,2024,117.939152,40.976204,59583
130900,2009,116.857461,38.310582,25719
130900,2010,116.857461,38.310582,31091
130900,2011,116.857461,38.310582,36053
130900,2012,116.857461,38.310582,38949
130900,2013,116.857461,38.310582,39960
130900,2014,116.857461,38.310582,42676
130900,2015,116.857461,38.310582,44819
130900,2016,116.857461,38.310582,47425
130900,2017,116.857461,38.310582,48384
130900,2018,116.857461,38.310582,48562
130900,2019,116.857461,38.310582,47663
130900,2020,116.857461,38.310582,50713
130900,2021,116.857461,38.310582,57009
130900,2022,116.857461,38.310582,60035
130900,2023,116.857461,38.310582,60909
130900,2024,116.857461,38.310582,65177
131000,2009,116.713873,39.529244,27904
131000,2010,116.713873,39.529244,31844
131000,2011,116.713873,39.529244,36773
131000,2012,116.713873,39.529244,40598
131000,2013,116.713873,39.529244,46046
131000,2014,116.713873,39.529244,48407
131000,2015,116.713873,39.529244,54460
131000,2016,116.713873,39.529244,58972
131000,2017,116.713873,39.529244,61586
131000,2018,116.713873,39.529244,64906
131000,2019,116.713873,39.529244,65512
131000,2020,116.713873,39.529244,60989
131000,2021,116.713873,39.529244,64460
131000,2022,116.713873,39.529244,64626
131000,2023,116.713873,39.529244,65763
131000,2024,116.713873,39.529244,71333
131100,2009,115.665993,37.735097,15192
131100,2010,115.665993,37.735097,18076
131100,2011,115.665993,37.735097,21334
131100,2012,115.665993,37.735097,23101
131100,2013,115.665993,37.735097,23889
131100,2014,115.665993,37.735097,26022
131100,2015,115.665993,37.735097,27543
131100,2016,115.665993,37.735097,31955
131100,2017,115.665993,37.735097,34177
131100,2018,115.665993,37.735097,34898
131100,2019,115.665993,37.735097,33599
131100,2020,115.665993,37.735097,36938
131100,2021,115.665993,37.735097,40561
131100,2022,115.665993,37.735097,43108
131100,2023,115.665993,37.735097,45364
131100,2024,115.665993,37.735097,47584
140100,2009,112.549248,37.857014,44319
140100,2010,112.549248,37.857014,50225
140100,2011,112.549248,37.857014,49292
140100,2012,112.549248,37.857014,54440
140100,2013,112.549248,37.857014,65746
140100,2014,112.549248,37.857014,59023
140100,2015,112.549248,37.857014,63483
140100,2016,112.549248,37.857014,68234
140100,2017,112.549248,37.857014,77536
140100,2018,112.549248,37.857014,88272
140100,2019,112.549248,37.857014,90698
140100,2020,112.549248,37.857014,78734
140100,2021,112.549248,37.857014,95646
140100,2022,112.549248,37.857014,102922
140100,2023,112.549248,37.857014,102370
140100,2024,112.549248,37.857014,98803
140200,2009,113.295259,40.09031,18710
140200,2010,113.295259,40.09031,21369
140200,2011,113.295259,40.09031,25341
140200,2012,113.295259,40.09031,27815
140200,2013,113.295259,40.09031,28707
140200,2014,113.295259,40.09031,29607
140200,2015,113.295259,40.09031,30989
140200,2016,113.295259,40.09031,30046
140200,2017,113.295259,40.09031,32671
140200,2018,113.295259,40.09031,36877
140200,2019,113.295259,40.09031,38122
140200,2020,113.295259,40.09031,43982
140200,2021,113.295259,40.09031,54391
140200,2022,113.295259,40.09031,59447
140200,2023,113.295259,40.09031,60580
140200,2024,113.295259,40.09031,58813
140300,2009,113.583285,37.861188,26383
140300,2010,113.583285,37.861188,31898
140300,2011,113.583285,37.861188,38500
140300,2012,113.583285,37.861188,43702
140300,2013,113.583285,37.861188,46001
140300,2014,113.583285,37.861188,44382
140300,2015,113.583285,37.861188,42688
140300,2016,113.583285,37.861188,44461
140300,2017,113.583285,37.861188,47790
140300,2018,113.583285,37.861188,51976
140300,2019,113.583285,37.861188,50775
140300,2020,113.583285,37.861188,56245
140300,2021,113.583285,37.861188,69731
140300,2022,113.583285,37.861188,77263
140300,2023,113.583285,37.861188,76830
140300,2024,113.583285,37.861188,66274
140400,2009,113.113556,36.191112,23558
140400,2010,113.113556,36.191112,27642
140400,2011,113.113556,36.191112,36425
140400,2012,113.113556,36.191112,39523
140400,2013,113.113556,36.191112,39343
140400,2014,113.113556,36.191112,39196
140400,2015,113.113556,36.191112,35029
140400,2016,113.113556,36.191112,37063
140400,2017,113.113556,36.191112,42887
140400,2018,113.113556,36.191112,47540
140400,2019,113.113556,36.191112,47219
140400,2020,113.113556,36.191112,53778
140400,2021,113.113556,36.191112,73001
140400,2022,113.113556,36.191112,89137
140400,2023,113.113556,36.191112,89536
140400,2024,113.113556,36.191112,83333
140500,2009,112.851274,35.497553,27108
140500,2010,112.851274,35.497553,32337
140500,2011,112.851274,35.497553,39205
140500,2012,112.851274,35.497553,44257
140500,2013,112.851274,35.497553,47119
140500,2014,112.851274,35.497553,44943
140500,2015,112.851274,35.497553,44994
140500,2016,112.851274,35.497553,45271
140500,2017,112.851274,35.497553,49487
140500,2018,112.851274,35.497553,57819
140500,2019,112.851274,35.497553,57714
140500,2020,112.851274,35.497553,64966
140500,2021,112.851274,35.497553,87265
140500,2022,112.851274,35.497553,105322
140500,2023,112.851274,35.497553,107003
140500,2024,112.851274,35.497553,111320
140600,2009,112.433387,39.331261,36452
140600,2010,112.433387,39.331261,41107
140600,2011,112.433387,39.331261,49692
140600,2012,112.433387,39.331261,58205
140600,2013,112.433387,39.331261,58989
140600,2014,112.433387,39.331261,57368
140600,2015,112.433387,39.331261,51256
140600,2016,112.433387,39.331261,52010
140600,2017,112.433387,39.331261,55316
140600,2018,112.433387,39.331261,59914
140600,2019,112.433387,39.331261,59552
140600,2020,112.433387,39.331261,68889
140600,2021,112.433387,39.331261,89299
140600,2022,112.433387,39.331261,96585
140600,2023,112.433387,39.331261,97133
140600,2024,112.433387,39.331261,84439
140700,2009,112.736465,37.696495,20335
140700,2010,112.736465,37.696495,24275
140700,2011,112.736465,37.696495,27300
140700,2012,112.736465,37.696495,30093
140700,2013,112.736465,37.696495,30977
140700,2014,112.736465,37.696495,31434
140700,2015,112.736465,37.696495,31434
140700,2016,112.736465,37.696495,32646
140700,2017,112.736465,37.696495,38274
140700,2018,112.736465,37.696495,42910
140700,2019,112.736465,37.696495,43125
140700,2020,112.736465,37.696495,43546
140700,2021,112.736465,37.696495,54456
140700,2022,112.736465,37.696495,62269
140700,2023,112.736465,37.696495,61760
140700,2024,112.736465,37.696495,73232
140800,2009,111.003957,35.022778,14306
140800,2010,111.003957,35.022778,16175
140800,2011,111.003957,35.022778,19733
140800,2012,111.003957,35.022778,20628
140800,2013,111.003957,35.022778,21841
140800,2014,111.003957,35.022778,22940
140800,2015,111.003957,35.022778,22304
140800,2016,111.003957,35.022778,23106
140800,2017,111.003957,35.022778,25115
140800,2018,111.003957,35.022778,28229
140800,2019,111.003957,35.022778,29126
140800,2020,111.003957,35.022778,34383
140800,2021,111.003957,35.022778,43201
140800,2022,111.003957,35.022778,48693
140800,2023,111.003957,35.022778,49445
140800,2024,111.003957,35.022778,46721
140900,2009,112.733538,38.41769,11292
140900,2010,112.733538,38.41769,14193
140900,2011,112.733538,38.41769,18019
140900,2012,112.733538,38.41769,20081
140900,2013,112.733538,38.41769,21052
140900,2014,112.733538,38.41769,21796
140900,2015,112.733538,38.41769,21731
140900,2016,112.733538,38.41769,22747
140900,2017,112.733538,38.41769,27665
140900,2018,112.733538,38.41769,31209
140900,2019,112.733538,38.41769,31573
140900,2020,112.733538,38.41769,35294
140900,2021,112.733538,38.41769,50290
140900,2022,112.733538,38.41769,56426
140900,2023,112.733538,38.41769,54578
140900,2024,112.733538,38.41769,51281
141000,2009,111.517973,36.08415,18215
141000,2010,111.517973,36.08415,20851
141000,2011,111.517973,36.08415,26220
141000,2012,111.517973,36.08415,28031
141000,2013,111.517973,36.08415,28663
141000,2014,111.517973,36.08415,27557
141000,2015,111.517973,36.08415,26239
141000,2016,111.517973,36.08415,27102
141000,2017,111.517973,36.08415,29539
141000,2018,111.517973,36.08415,32066
141000,2019,111.517973,36.08415,32250
141000,2020,111.517973,36.08415,37762
141000,2021,111.517973,36.08415,48438
141000,2022,111.517973,36.08415,56986
141000,2023,111.517973,36.08415,59342
141000,2024,111.517973,36.08415,62994
141100,2009,111.134335,37.524366,16903
141100,2010,111.134335,37.524366,23267
141100,2011,111.134335,37.524366,30224
141100,2012,111.134335,37.524366,32709
141100,2013,111.134335,37.524366,31183
141100,2014,111.134335,37.524366,28960
141100,2015,111.134335,37.524366,25003
141100,2016,111.134335,37.524366,25896
141100,2017,111.134335,37.524366,33886
141100,2018,111.134335,37.524366,36585
141100,2019,111.134335,37.524366,38890
141100,2020,111.134335,37.524366,42200
141100,2021,111.134335,37.524366,61200
141100,2022,111.134335,37.524366,71722
141100,2023,111.134335,37.524366,70450
141100,2024,111.134335,37.524366,79348
150100,2009,111.670801,40.818311,61108
150100,2010,111.670801,40.818311,66929
150100,2011,111.670801,40.818311,75266
150100,2012,111.670801,40.818311,84534
150100,2013,111.670801,40.818311,115829
150100,2014,111.670801,40.818311,95961
150100,2015,111.670801,40.818311,101492
150100,2016,111.670801,40.818311,103235
150100,2017,111.670801,40.818311,98132
150100,2018,111.670801,40.818311,93029
150100,2019,111.670801,40.818311,89138
150100,2020,111.670801,40.818311,81656
150100,2021,111.670801,40.818311,89828
150100,2022,111.670801,40.818311,94443
150100,2023,111.670801,40.818311,106337
150100,2024,111.670801,40.818311,113455
150200,2009,109.840405,40.658168,84979
150200,2010,109.840405,40.658168,94269
150200,2011,109.840405,40.658168,112372
150200,2012,109.840405,40.658168,125709
150200,2013,109.840405,40.658168,155690
150200,2014,109.840405,40.658168,130676
150200,2015,109.840405,40.658168,132253
150200,2016,109.840405,40.658168,136021
150200,2017,109.840405,40.658168,119200
150200,2018,109.840405,40.658168,102379
150200,2019,109.840405,40.658168,93835
150200,2020,109.840405,40.658168,102949
150200,2021,109.840405,40.658168,121331
150200,2022,109.840405,40.658168,137360
150200,2023,109.840405,40.658168,155050
150200,2024,109.840405,40.658168,165463
150300,2009,106.825563,39.673734,64147
150300,2010,106.825563,39.673734,76653
150300,2011,106.825563,39.673734,89521
150300,2012,106.825563,39.673734,103242
150300,2013,106.825563,39.673734,103660
150300,2014,106.825563,39.673734,108556
150300,2015,106.825563,39.673734,100871
150300,2016,106.825563,39.673734,102725
150300,2017,106.825563,39.673734,95383
150300,2018,106.825563,39.673734,88041
150300,2019,106.825563,39.673734,97565
150300,2020,106.825563,39.673734,101238
150300,2021,106.825563,39.673734,128923
150300,2022,106.825563,39.673734,143450
150300,2023,106.825563,39.673734,127342
150300,2024,106.825563,39.673734,106352
150400,2009,118.956806,42.275317,21037
150400,2010,118.956806,42.275317,25059
150400,2011,118.956806,42.275317,31121
150400,2012,118.956806,42.275317,36360
150400,2013,118.956806,42.275317,36340
150400,2014,118.956806,42.275317,41309
150400,2015,118.956806,42.275317,43269
150400,2016,118.956806,42.275317,44936
150400,2017,118.956806,42.275317,40378
150400,2018,118.956806,42.275317,35819
150400,2019,118.956806,42.275317,39488
150400,2020,118.956806,42.275317,43595
150400,2021,118.956806,42.275317,49069
150400,2022,118.956806,42.275317,53577
150400,2023,118.956806,42.275317,55144
150400,2024,118.956806,42.275317,58787
150500,2009,122.263119,43.617429,31147
150500,2010,122.263119,43.617429,38157
150500,2011,122.263119,43.617429,46167
150500,2012,122.263119,43.617429,53976
150500,2013,122.263119,43.617429,55508
150500,2014,122.263119,43.617429,60380
150500,2015,122.263119,43.617429,60123
150500,2016,122.263119,43.617429,62424
150500,2017,122.263119,43.617429,51998
150500,2018,122.263119,43.617429,41573
150500,2019,122.263119,43.617429,40410
150500,2020,122.263119,43.617429,44521
150500,2021,122.263119,43.617429,49346
150500,2022,122.263119,43.617429,54992
150500,2023,122.263119,43.617429,57056
150500,2024,122.263119,43.617429,60329
150600,2009,109.99029,39.817179,134400
150600,2010,109.99029,39.817179,175125
150600,2011,109.99029,39.817179,163014
150600,2012,109.99029,39.817179,182680
150600,2013,109.99029,39.817179,256877
150600,2014,109.99029,39.817179,200152
150600,2015,109.99029,39.817179,207163
150600,2016,109.99029,39.817179,215488
150600,2017,109.99029,39.817179,198487
150600,2018,109.99029,39.817179,181486
150600,2019,109.99029,39.817179,173069
150600,2020,109.99029,39.817179,164387
150600,2021,109.99029,39.817179,218118
150600,2022,109.99029,39.817179,256908
150600,2023,109.99029,39.817179,264699
150600,2024,109.99029,39.817179,285338
150700,2009,119.758168,49.215333,28882
150700,2010,119.758168,49.215333,34452
150700,2011,119.758168,49.215333,45038
150700,2012,119.758168,49.215333,52649
150700,2013,119.758168,49.215333,56544
150700,2014,119.758168,49.215333,60152
150700,2015,119.758168,49.215333,63131
150700,2016,119.758168,49.215333,64140
150700,2017,119.758168,49.215333,56834
150700,2018,119.758168,49.215333,49529
150700,2019,119.758168,49.215333,47116
150700,2020,119.758168,49.215333,45923
150700,2021,119.758168,49.215333,60887
150700,2022,119.758168,49.215333,69819
150700,2023,119.758168,49.215333,73192
150700,2024,119.758168,49.215333,80310
150800,2009,107.416959,40.757402,29384
150800,2010,107.416959,40.757402,35463
150800,2011,107.416959,40.757402,43118
150800,2012,107.416959,40.757402,48812
150800,2013,107.416959,40.757402,45622
150800,2014,107.416959,40.757402,51872
150800,2015,107.416959,40.757402,53000
150800,2016,107.416959,40.757402,54480
150800,2017,107.416959,40.757402,51336
150800,2018,107.416959,40.757402,48193
150800,2019,107.416959,40.757402,51722
150800,2020,107.416959,40.757402,56614
150800,2021,107.416959,40.757402,64144
150800,2022,107.416959,40.757402,71118
150800,2023,107.416959,40.757402,76893
150800,2024,107.416959,40.757402,83099
150900,2009,113.114543,41.034126,23489
150900,2010,113.114543,41.034126,26604
150900,2011,113.114543,41.034126,32246
150900,2012,113.114543,41.034126,36721
150900,2013,113.114543,41.034126,29463
150900,2014,113.114543,41.034126,41138
150900,2015,113.114543,41.034126,43221
150900,2016,113.114543,41.034126,44517
150900,2017,113.114543,41.034126,40468
150900,2018,113.114543,41.034126,36418
150900,2019,113.114543,41.034126,38622
150900,2020,113.114543,41.034126,47837
150900,2021,113.114543,41.034126,53871
150900,2022,113.114543,41.034126,61876
150900,2023,113.114543,41.034126,67158
150900,2024,113.114543,41.034126,76364
210100,2009,123.429096,41.796767,54654
210100,2010,123.429096,41.796767,62357
210100,2011,123.429096,41.796767,72648
210100,2012,123.429096,41.796767,80480
210100,2013,123.429096,41.796767,98467
210100,2014,123.429096,41.796767,85816
210100,2015,123.429096,41.796767,87734
210100,2016,123.429096,41.796767,66893
210100,2017,123.429096,41.796767,69754
210100,2018,123.429096,41.796767,75766
210100,2019,123.429096,41.796767,77777
210100,2020,123.429096,41.796767,75570
210100,2021,123.429096,41.796767,79706
210100,2022,123.429096,41.796767,84268
210100,2023,123.429096,41.796767,88519
210100,2024,123.429096,41.796767,97871
210200,2009,121.618622,38.91459,70781
210200,2010,121.618622,38.91459,77704
210200,2011,121.618622,38.91459,91295
210200,2012,121.618622,38.91459,102922
210200,2013,121.618622,38.91459,129455
210200,2014,121.618622,38.91459,109939
210200,2015,121.618622,38.91459,110682
210200,2016,121.618622,38.91459,97470
210200,2017,121.618622,38.91459,100033
210200,2018,121.618622,38.91459,109550
210200,2019,121.618622,38.91459,99996
210200,2020,121.618622,38.91459,94685
210200,2021,121.618622,38.91459,104751
210200,2022,121.618622,38.91459,112270
210200,2023,121.618622,38.91459,116557
210200,2024,121.618622,38.91459,126185
210300,2009,122.995632,41.110626,49301
210300,2010,122.995632,41.110626,58426
210300,2011,122.995632,41.110626,68224
210300,2012,122.995632,41.110626,69211
210300,2013,122.995632,41.110626,74950
210300,2014,122.995632,41.110626,66860
210300,2015,122.995632,41.110626,64710
210300,2016,122.995632,41.110626,40532
210300,2017,122.995632,41.110626,44790
210300,2018,122.995632,41.110626,46956
210300,2019,122.995632,41.110626,49123
210300,2020,122.995632,41.110626,52020
210300,2021,122.995632,41.110626,57188
210300,2022,122.995632,41.110626,57102
210300,2023,122.995632,41.110626,61658
210300,2024,122.995632,41.110626,67238
210400,2009,123.921109,41.875956,31343
210400,2010,123.921109,41.875956,41810
210400,2011,123.921109,41.875956,52245
210400,2012,123.921109,41.875956,58512
210400,2013,123.921109,41.875956,61488
210400,2014,123.921109,41.875956,61183
210400,2015,123.921109,41.875956,58597
210400,2016,123.921109,41.875956,41741
210400,2017,123.921109,41.875956,45934
210400,2018,123.921109,41.875956,50951
210400,2019,123.921109,41.875956,41382
210400,2020,123.921109,41.875956,44137
210400,2021,123.921109,41.875956,47338
210400,2022,123.921109,41.875956,51467
210400,2023,123.921109,41.875956,52663
210400,2024,123.921109,41.875956,58468
210500,2009,123.770519,41.297909,44251
210500,2010,123.770519,41.297909,50612
210500,2011,123.770519,41.297909,60552
210500,2012,123.770519,41.297909,64459
210500,2013,123.770519,41.297909,78530
210500,2014,123.770519,41.297909,67879
210500,2015,123.770519,41.297909,67656
210500,2016,123.770519,41.297909,44745
210500,2017,123.770519,41.297909,46050
210500,2018,123.770519,41.297909,48920
210500,2019,123.770519,41.297909,46673
210500,2020,123.770519,41.297909,60210
210500,2021,123.770519,41.297909,68340
210500,2022,123.770519,41.297909,72634
210500,2023,123.770519,41.297909,77217
210500,2024,123.770519,41.297909,83108
210600,2009,124.383044,40.124296,25034
210600,2010,124.383044,40.124296,29893
210600,2011,124.383044,40.124296,36841
210600,2012,124.383044,40.124296,42171
210600,2013,124.383044,40.124296,46137
210600,2014,124.383044,40.124296,42291
210600,2015,124.383044,40.124296,40850
210600,2016,124.383044,40.124296,31223
210600,2017,124.383044,40.124296,32819
210600,2018,124.383044,40.124296,34193
210600,2019,124.383044,40.124296,32256
210600,2020,124.383044,40.124296,35389
210600,2021,124.383044,40.124296,39402
210600,2022,124.383044,40.124296,41730
210600,2023,124.383044,40.124296,44926
210600,2024,124.383044,40.124296,48439
210700,2009,121.135742,41.119269,23447
210700,2010,121.135742,41.119269,29264
210700,2011,121.135742,41.119269,35784
210700,2012,121.135742,41.119269,40002
210700,2013,121.135742,41.119269,43952
210700,2014,121.135742,41.119269,44264
210700,2015,121.135742,41.119269,43207
210700,2016,121.135742,41.119269,33692
210700,2017,121.135742,41.119269,35254
210700,2018,121.135742,41.119269,39211
210700,2019,121.135742,41.119269,35431
210700,2020,121.135742,41.119269,39332
210700,2021,121.135742,41.119269,42809
210700,2022,121.135742,41.119269,45294
210700,2023,121.135742,41.119269,47577
210700,2024,121.135742,41.119269,51811
210800,2009,122.235151,40.667432,34104
210800,2010,122.235151,40.667432,41452
210800,2011,122.235151,40.667432,50220
210800,2012,122.235151,40.667432,56583
210800,2013,122.235151,40.667432,64941
210800,2014,122.235151,40.667432,63234
210800,2015,122.235151,40.667432,61925
210800,2016,122.235151,40.667432,47358
210800,2017,122.235151,40.667432,52092
210800,2018,122.235151,40.667432,55295
210800,2019,122.235151,40.667432,54545
210800,2020,122.235151,40.667432,56777
210800,2021,122.235151,40.667432,60484
210800,2022,122.235151,40.667432,62269
210800,2023,122.235151,40.667432,64999
210800,2024,122.235151,40.667432,69254
210900,2009,121.648962,42.011796,14967
210900,2010,121.648962,42.011796,20819
210900,2011,121.648962,42.011796,26480
210900,2012,121.648962,42.011796,31049
210900,2013,121.648962,42.011796,32205
210900,2014,121.648962,42.011796,33882
210900,2015,121.648962,42.011796,29491
210900,2016,121.648962,42.011796,22956
210900,2017,121.648962,42.011796,23105
210900,2018,121.648962,42.011796,25340
210900,2019,121.648962,42.011796,27945
210900,2020,121.648962,42.011796,30541
210900,2021,121.648962,42.011796,33376
210900,2022,121.648962,42.011796,36153
210900,2023,121.648962,42.011796,38310
210900,2024,121.648962,42.011796,41861
211000,2009,123.18152,41.269402,33151
211000,2010,123.18152,41.269402,39686
211000,2011,123.18152,41.269402,48594
211000,2012,123.18152,41.269402,53877
211000,2013,123.18152,41.269402,59999
211000,2014,123.18152,41.269402,54800
211000,2015,123.18152,41.269402,55674
211000,2016,123.18152,41.269402,35476
211000,2017,123.18152,41.269402,41449
211000,2018,123.18152,41.269402,47422
211000,2019,123.18152,41.269402,45498
211000,2020,123.18152,41.269402,51792
211000,2021,123.18152,41.269402,54105
211000,2022,123.18152,41.269402,57170
211000,2023,123.18152,41.269402,57132
211000,2024,123.18152,41.269402,62658
211100,2009,122.06957,41.124484,50930
211100,2010,122.06957,41.124484,66976
211100,2011,122.06957,41.124484,79584
211100,2012,122.06957,41.124484,87153
211100,2013,122.06957,41.124484,104733
211100,2014,122.06957,41.124484,90615
211100,2015,122.06957,41.124484,87351
211100,2016,122.06957,41.124484,70110
211100,2017,122.06957,41.124484,75682
211100,2018,122.06957,41.124484,84602
211100,2019,122.06957,41.124484,88983
211100,2020,122.06957,41.124484,93802
211100,2021,122.06957,41.124484,99443
211100,2022,122.06957,41.124484,100347
211100,2023,122.06957,41.124484,99717
211100,2024,122.06957,41.124484,102468
211200,2009,123.844279,42.290585,19795
211200,2010,123.844279,42.290585,26556
211200,2011,123.844279,42.290585,28647
211200,2012,123.844279,42.290585,32130
211200,2013,123.844279,42.290585,34148
211200,2014,123.844279,42.290585,32562
211200,2015,123.844279,42.290585,27885
211200,2016,123.844279,42.290585,22178
211200,2017,123.844279,42.290585,22484
211200,2018,123.844279,42.290585,23517
211200,2019,123.844279,42.290585,24382
211200,2020,123.844279,42.290585,27577
211200,2021,123.844279,42.290585,30389
211200,2022,123.844279,42.290585,32671
211200,2023,123.844279,42.290585,33596
211200,2024,123.844279,42.290585,34674
211300,2009,120.451176,41.576758,15724
211300,2010,120.451176,41.576758,21536
211300,2011,120.451176,41.576758,26927
211300,2012,120.451176,41.576758,30765
211300,2013,120.451176,41.576758,29496
211300,2014,120.451176,41.576758,33379
211300,2015,120.451176,41.576758,28852
211300,2016,120.451176,41.576758,24285
211300,2017,120.451176,41.576758,25862
211300,2018,120.451176,41.576758,28266
211300,2019,120.451176,41.576758,28761
211300,2020,120.451176,41.576758,30371
211300,2021,120.451176,41.576758,33086
211300,2022,120.451176,41.576758,35296
211300,2023,120.451176,41.576758,37368
211300,2024,120.451176,41.576758,41842
211400,2009,120.856394,40.755572,15856
211400,2010,120.856394,40.755572,20302
211400,2011,120.856394,40.755572,24789
211400,2012,120.856394,40.755572,27709
211400,2013,120.856394,40.755572,27682
211400,2014,120.856394,40.755572,28021
211400,2015,120.856394,40.755572,28176
211400,2016,120.856394,40.755572,25347
211400,2017,120.856394,40.755572,28158
211400,2018,120.856394,40.755572,32012
211400,2019,120.856394,40.755572,31802
211400,2020,120.856394,40.755572,31514
211400,2021,120.856394,40.755572,34823
211400,2022,120.856394,40.755572,36558
211400,2023,120.856394,40.755572,38815
211400,2024,120.856394,40.755572,43154
220100,2009,125.3245,43.886841,37753
220100,2010,125.3245,43.886841,43936
220100,2011,125.3245,43.886841,52649
220100,2012,125.3245,43.886841,58691
220100,2013,125.3245,43.886841,66443
220100,2014,125.3245,43.886841,70891
220100,2015,125.3245,43.886841,73324
220100,2016,125.3245,43.886841,79434
220100,2017,125.3245,43.886841,86465
220100,2018,125.3245,43.886841,95663
220100,2019,125.3245,43.886841,78456
220100,2020,125.3245,43.886841,77634
220100,2021,125.3245,43.886841,78255
220100,2022,125.3245,43.886841,74310
220100,2023,125.3245,43.886841,77084
220100,2024,125.3245,43.886841,83930
220200,2009,126.55302,43.843577,34583
220200,2010,126.55302,43.843577,41479
220200,2011,126.55302,43.843577,50914
220200,2012,126.55302,43.843577,56244
220200,2013,126.55302,43.843577,61012
220200,2014,126.55302,43.843577,55548
220200,2015,126.55302,43.843577,56076
220200,2016,126.55302,43.843577,57818
220200,2017,126.55302,43.843577,52729
220200,2018,126.55302,43.843577,53452
220200,2019,126.55302,43.843577,34335
220200,2020,126.55302,43.843577,35588
220200,2021,126.55302,43.843577,43333
220200,2022,126.55302,43.843577,42947
220200,2023,126.55302,43.843577,44932
220200,2024,126.55302,43.843577,46511
220300,2009,124.370785,43.170344,19468
220300,2010,124.370785,43.170344,22942
220300,2011,124.370785,43.170344,28874
220300,2012,124.370785,43.170344,33150
220300,2013,124.370785,43.170344,36901
220300,2014,124.370785,43.170344,36900
220300,2015,124.370785,43.170344,37714
220300,2016,124.370785,43.170344,36732
220300,2017,124.370785,43.170344,29187
220300,2018,124.370785,43.170344,29556
220300,2019,124.370785,43.170344,24979
220300,2020,124.370785,43.170344,24586
220300,2021,124.370785,43.170344,31003
220300,2022,124.370785,43.170344,33549
220300,2023,124.370785,43.170344,34922
220300,2024,124.370785,43.170344,35040
220400,2009,125.145349,42.902692,27160
220400,2010,125.145349,42.902692,33137
220400,2011,125.145349,42.902692,40844
220400,2012,125.145349,42.902692,49479
220400,2013,125.145349,42.902692,57402
220400,2014,125.145349,42.902692,56467
220400,2015,125.145349,42.902692,59855
220400,2016,125.145349,42.902692,63480
220400,2017,125.145349,42.902692,55912
220400,2018,125.145349,42.902692,52861
220400,2019,125.145349,42.902692,35108
220400,2020,125.145349,42.902692,37171
220400,2021,125.145349,42.902692,47007
220400,2022,125.145349,42.902692,51714
220400,2023,125.145349,42.902692,54345
220400,2024,125.145349,42.902692,56735
220500,2009,125.936501,41.721177,22820
220500,2010,125.936501,41.721177,27690
220500,2011,125.936501,41.721177,34515
220500,2012,125.936501,41.721177,39111
220500,2013,125.936501,41.721177,45200
220500,2014,125.936501,41.721177,45378
220500,2015,125.936501,41.721177,45171
220500,2016,125.936501,41.721177,42979
220500,2017,125.936501,41.721177,38267
220500,2018,125.936501,41.721177,38297
220500,2019,125.936501,41.721177,33702
220500,2020,125.936501,41.721177,35113
220500,2021,125.936501,41.721177,44308
220500,2022,125.936501,41.721177,47405
220500,2023,125.936501,41.721177,50644
220500,2024,125.936501,41.721177,48672
220600,2009,126.427839,41.942505,27495
220600,2010,126.427839,41.942505,33524
220600,2011,126.427839,41.942505,41325
220600,2012,126.427839,41.942505,50158
220600,2013,126.427839,41.942505,53043
220600,2014,126.427839,41.942505,53300
220600,2015,126.427839,41.942505,53136
220600,2016,126.427839,41.942505,56411
220600,2017,126.427839,41.942505,54750
220600,2018,126.427839,41.942505,56031
220600,2019,126.427839,41.942505,43744
220600,2020,126.427839,41.942505,44021
220600,2021,126.427839,41.942505,57948
220600,2022,126.427839,41.942505,59228
220600,2023,126.427839,41.942505,61378
220600,2024,126.427839,41.942505,63632
220700,2009,124.823608,45.118243,31421
220700,2010,124.823608,45.118243,38136
220700,2011,124.823608,45.118243,46749
220700,2012,124.823608,45.118243,55177
220700,2013,124.823608,45.118243,58321
220700,2014,124.823608,45.118243,56868
220700,2015,124.823608,45.118243,58841
220700,2016,124.823608,45.118243,59413
220700,2017,124.823608,45.118243,49602
220700,2018,124.823608,45.118243,49912
220700,2019,124.823608,45.118243,26559
220700,2020,124.823608,45.118243,27487
220700,2021,124.823608,45.118243,36877
220700,2022,124.823608,45.118243,40075
220700,2023,124.823608,45.118243,41654
220700,2024,124.823608,45.118243,47544
220800,2009,122.841114,45.619026,17404
220800,2010,122.841114,45.619026,21973
220800,2011,122.841114,45.619026,27374
220800,2012,122.841114,45.619026,30576
220800,2013,122.841114,45.619026,34791
220800,2014,122.841114,45.619026,34586
220800,2015,122.841114,45.619026,35571
220800,2016,122.841114,45.619026,35892
220800,2017,122.841114,45.619026,32168
220800,2018,122.841114,45.619026,31849
220800,2019,122.841114,45.619026,25980
220800,2020,122.841114,45.619026,27230
220800,2021,122.841114,45.619026,35996
220800,2022,122.841114,45.619026,38470
220800,2023,122.841114,45.619026,40199
220800,2024,122.841114,45.619026,42097
230100,2009,126.642464,45.756967,32053
230100,2010,126.642464,45.756967,36951
230100,2011,126.642464,45.756967,42736
230100,2012,126.642464,45.756967,45810
230100,2013,126.642464,45.756967,50423
230100,2014,126.642464,45.756967,53872
230100,2015,126.642464,45.756967,59027
230100,2016,126.642464,45.756967,63445
230100,2017,126.642464,45.756967,57193
230100,2018,126.642464,45.756967,66094
230100,2019,126.642464,45.756967,55175
230100,2020,126.642464,45.756967,54570
230100,2021,126.642464,45.756967,53823
230100,2022,126.642464,45.756967,55712
230100,2023,126.642464,45.756967,56901
230100,2024,126.642464,45.756967,61266
230200,2009,123.953486,47.348079,12714
230200,2010,123.953486,47.348079,16309
230200,2011,123.953486,47.348079,19815
230200,2012,123.953486,47.348079,22139
230200,2013,123.953486,47.348079,22090
230200,2014,123.953486,47.348079,23099
230200,2015,123.953486,47.348079,24430
230200,2016,123.953486,47.348079,25690
230200,2017,123.953486,47.348079,26223
230200,2018,123.953486,47.348079,26271
230200,2019,123.953486,47.348079,22667
230200,2020,123.953486,47.348079,24273
230200,2021,123.953486,47.348079,30559
230200,2022,123.953486,47.348079,33301
230200,2023,123.953486,47.348079,34036
230200,2024,123.953486,47.348079,35656
230300,2009,130.975966,45.300046,18547
230300,2010,130.975966,45.300046,22083
230300,2011,130.975966,45.300046,26864
230300,2012,130.975966,45.300046,31076
230300,2013,130.975966,45.300046,30530
230300,2014,130.975966,45.300046,27881
230300,2015,130.975966,45.300046,28222
230300,2016,130.975966,45.300046,28647
230300,2017,130.975966,45.300046,29369
230300,2018,130.975966,45.300046,30784
230300,2019,130.975966,45.300046,32278
230300,2020,130.975966,45.300046,34031
230300,2021,130.975966,45.300046,40808
230300,2022,130.975966,45.300046,45618
230300,2023,130.975966,45.300046,45684
230300,2024,130.975966,45.300046,44157
230400,2009,130.277487,47.332085,18509
230400,2010,130.277487,47.332085,23044
230400,2011,130.277487,47.332085,28774
230400,2012,130.277487,47.332085,32968
230400,2013,130.277487,47.332085,29631
230400,2014,130.277487,47.332085,24154
230400,2015,130.277487,47.332085,24981
230400,2016,130.277487,47.332085,25244
230400,2017,130.277487,47.332085,27658
230400,2018,130.277487,47.332085,28891
230400,2019,130.277487,47.332085,33981
230400,2020,130.277487,47.332085,34809
230400,2021,130.277487,47.332085,40338
230400,2022,130.277487,47.332085,47303
230400,2023,130.277487,47.332085,44915
230400,2024,130.277487,47.332085,44800
230500,2009,131.157304,46.643442,19817
230500,2010,131.157304,46.643442,26215
230500,2011,131.157304,46.643442,33215
230500,2012,131.157304,46.643442,37490
230500,2013,131.157304,46.643442,37007
230500,2014,131.157304,46.643442,28964
230500,2015,131.157304,46.643442,29237
230500,2016,131.157304,46.643442,29959
230500,2017,131.157304,46.643442,32277
230500,2018,131.157304,46.643442,35527
230500,2019,131.157304,46.643442,33857
230500,2020,131.157304,46.643442,35391
230500,2021,131.157304,46.643442,43270
230500,2022,131.157304,46.643442,47377
230500,2023,131.157304,46.643442,46701
230500,2024,131.157304,46.643442,48898
230600,2009,125.11272,46.590734,76068
230600,2010,125.11272,46.590734,103576
230600,2011,125.11272,46.590734,133301
230600,2012,125.11272,46.590734,142067
230600,2013,125.11272,46.590734,147756
230600,2014,125.11272,46.590734,146518
230600,2015,125.11272,46.590734,110113
230600,2016,125.11272,46.590734,94690
230600,2017,125.11272,46.590734,97677
230600,2018,125.11272,46.590734,102639
230600,2019,125.11272,46.590734,94289
230600,2020,125.11272,46.590734,84784
230600,2021,125.11272,46.590734,94790
230600,2022,125.11272,46.590734,109192
230600,2023,125.11272,46.590734,105493
230600,2024,125.11272,46.590734,105008
230700,2009,128.899396,47.724775,13530
230700,2010,128.899396,47.724775,15924
230700,2011,128.899396,47.724775,18142
230700,2012,128.899396,47.724775,20686
230700,2013,128.899396,47.724775,23129
230700,2014,128.899396,47.724775,20885
230700,2015,128.899396,47.724775,20414
230700,2016,128.899396,47.724775,21043
230700,2017,128.899396,47.724775,22109
230700,2018,128.899396,47.724775,23837
230700,2019,128.899396,47.724775,26384
230700,2020,128.899396,47.724775,26506
230700,2021,128.899396,47.724775,36982
230700,2022,128.899396,47.724775,40664
230700,2023,128.899396,47.724775,43198
230700,2024,128.899396,47.724775,45512
230800,2009,130.361634,46.809606,17172
230800,2010,130.361634,46.809606,20254
230800,2011,130.361634,46.809606,24853
230800,2012,130.361634,46.809606,27774
230800,2013,130.361634,46.809606,32733
230800,2014,130.361634,46.809606,32864
230800,2015,130.361634,46.809606,35069
230800,2016,130.361634,46.809606,36878
230800,2017,130.361634,46.809606,41419
230800,2018,130.361634,46.809606,39344
230800,2019,130.361634,46.809606,32788
230800,2020,130.361634,46.809606,35124
230800,2021,130.361634,46.809606,38247
230800,2022,130.361634,46.809606,41182
230800,2023,130.361634,46.809606,43504
230800,2024,130.361634,46.809606,48565
230900,2009,131.015584,45.771266,25534
230900,2010,131.015584,45.771266,32890
230900,2011,131.015584,45.771266,33209
230900,2012,131.015584,45.771266,32308
230900,2013,131.015584,45.771266,26194
230900,2014,131.015584,45.771266,25123
230900,2015,131.015584,45.771266,24823
230900,2016,131.015584,45.771266,26500
230900,2017,131.015584,45.771266,28836
230900,2018,131.015584,45.771266,32028
230900,2019,131.015584,45.771266,29912
230900,2020,131.015584,45.771266,26979
230900,2021,131.015584,45.771266,34055
230900,2022,131.015584,45.771266,40102
230900,2023,131.015584,45.771266,39710
230900,2024,131.015584,45.771266,36119
231000,2009,129.618602,44.582962,22645
231000,2010,129.618602,44.582962,27545
231000,2011,129.618602,44.582962,33675
231000,2012,129.618602,44.582962,37001
231000,2013,129.618602,44.582962,46953
231000,2014,129.618602,44.582962,42792
231000,2015,129.618602,44.582962,47356
231000,2016,129.618602,44.582962,49618
231000,2017,129.618602,44.582962,49214
231000,2018,129.618602,44.582962,48201
231000,2019,129.618602,44.582962,32811
231000,2020,129.618602,44.582962,33428
231000,2021,129.618602,44.582962,38719
231000,2022,129.618602,44.582962,41489
231000,2023,129.618602,44.582962,43181
231000,2024,129.618602,44.582962,47789
231100,2009,127.499023,50.249585,12882
231100,2010,127.499023,50.249585,14994
231100,2011,127.499023,50.249585,18103
231100,2012,127.499023,50.249585,18892
231100,2013,127.499023,50.249585,22654
231100,2014,127.499023,50.249585,24731
231100,2015,127.499023,50.249585,26575
231100,2016,127.499023,50.249585,27889
231100,2017,127.499023,50.249585,30236
231100,2018,127.499023,50.249585,31592
231100,2019,127.499023,50.249585,36478
231100,2020,127.499023,50.249585,39184
231100,2021,127.499023,50.249585,50206
231100,2022,127.499023,50.249585,52573
231100,2023,127.499023,50.249585,53250
231100,2024,127.499023,50.249585,58312
231200,2009,126.99293,46.637393,10471
231200,2010,126.99293,46.637393,12576
231200,2011,126.99293,46.637393,15617
231200,2012,126.99293,46.637393,18474
231200,2013,126.99293,46.637393,21293
231200,2014,126.99293,46.637393,21467
231200,2015,126.99293,46.637393,23095
231200,2016,126.99293,46.637393,24109
231200,2017,126.99293,46.637393,24965
231200,2018,126.99293,46.637393,25841
231200,2019,126.99293,46.637393,21045
231200,2020,126.99293,46.637393,22122
231200,2021,126.99293,46.637393,31915
231200,2022,126.99293,46.637393,33953
231200,2023,126.99293,46.637393,34697
231200,2024,126.99293,46.637393,35441
310000,2009,121.472644,31.231706,78989
310000,2010,121.472644,31.231706,76074
310000,2011,121.472644,31.231706,82560
310000,2012,121.472644,31.231706,85373
310000,2013,121.472644,31.231706,90092
310000,2014,121.472644,31.231706,97370
310000,2015,121.472644,31.231706,103796
310000,2016,121.472644,31.231706,116562
310000,2017,121.472644,31.231706,126634
310000,2018,121.472644,31.231706,134982
310000,2019,121.472644,31.231706,157279
310000,2020,121.472644,31.231706,155800
310000,2021,121.472644,31.231706,173600
310000,2022,121.472644,31.231706,179900
310000,2023,121.472644,31.231706,190300
310000,2024,121.472644,31.231706,217100
320100,2009,118.767413,32.041544,67455
320100,2010,118.767413,32.041544,64037
320100,2011,118.767413,32.041544,76263
320100,2012,118.767413,32.041544,88525
320100,2013,118.767413,32.041544,100307
320100,2014,118.767413,32.041544,107545
320100,2015,118.767413,32.041544,118171
320100,2016,118.767413,32.041544,127264
320100,2017,118.767413,32.041544,143258
320100,2018,118.767413,32.041544,152886
320100,2019,118.767413,32.041544,165681
320100,2020,118.767413,32.041544,159322
320100,2021,118.767413,32.041544,174520
320100,2022,118.767413,32.041544,178781
320100,2023,118.767413,32.041544,183015
320100,2024,118.767413,32.041544,193483
320200,2009,120.301663,31.574729,107365
320200,2010,120.301663,31.574729,92166
320200,2011,120.301663,31.574729,107437
320200,2012,120.301663,31.574729,117357
320200,2013,120.301663,31.574729,122318
320200,2014,120.301663,31.574729,126389
320200,2015,120.301663,31.574729,130938
320200,2016,120.301663,31.574729,141258
320200,2017,120.301663,31.574729,157668
320200,2018,120.301663,31.574729,174270
320200,2019,120.301663,31.574729,180044
320200,2020,120.301663,31.574729,165851
320200,2021,120.301663,31.574729,187415
320200,2022,120.301663,31.574729,198404
320200,2023,120.301663,31.574729,206278
320200,2024,120.301663,31.574729,216844
320300,2009,117.184811,34.261792,25100
320300,2010,117.184811,34.261792,34084
320300,2011,117.184811,34.261792,41407
320300,2012,117.184811,34.261792,46877
320300,2013,117.184811,34.261792,53263
320300,2014,117.184811,34.261792,57655
320300,2015,117.184811,34.261792,61511
320300,2016,117.184811,34.261792,66845
320300,2017,117.184811,34.261792,72493
320300,2018,117.184811,34.261792,76915
320300,2019,117.184811,34.261792,81138
320300,2020,117.184811,34.261792,80673
320300,2021,117.184811,34.261792,89634
320300,2022,117.184811,34.261792,93731
320300,2023,117.184811,34.261792,98683
320300,2024,117.184811,34.261792,105792
320400,2009,119.946973,31.772752,70138
320400,2010,119.946973,31.772752,67327
320400,2011,119.946973,31.772752,77485
320400,2012,119.946973,31.772752,85039
320400,2013,119.946973,31.772752,96547
320400,2014,119.946973,31.772752,104423
320400,2015,119.946973,31.772752,112221
320400,2016,119.946973,31.772752,122721
320400,2017,119.946973,31.772752,137459
320400,2018,119.946973,31.772752,149277
320400,2019,119.946973,31.772752,156390
320400,2020,119.946973,31.772752,147939
320400,2021,119.946973,31.772752,165724
320400,2022,119.946973,31.772752,178243
320400,2023,119.946973,31.772752,188366
320400,2024,119.946973,31.772752,200977
320500,2009,120.619585,31.299379,122565
320500,2010,120.619585,31.299379,93043
320500,2011,120.619585,31.299379,102129
320500,2012,120.619585,31.299379,114029
320500,2013,120.619585,31.299379,124872
320500,2014,120.619585,31.299379,129925
320500,2015,120.619585,31.299379,136702
320500,2016,120.619585,31.299379,145556
320500,2017,120.619585,31.299379,159369
320500,2018,120.619585,31.299379,173765
320500,2019,120.619585,31.299379,179174
320500,2020,120.619585,31.299379,158466
320500,2021,120.619585,31.299379,177505
320500,2022,120.619585,31.299379,186024
320500,2023,120.619585,31.299379,190605
320500,2024,120.619585,31.299379,206028
320600,2009,120.864608,32.016212,37642
320600,2010,120.864608,32.016212,47419
320600,2011,120.864608,32.016212,56005
320600,2012,120.864608,32.016212,62506
320600,2013,120.864608,32.016212,65696
320600,2014,120.864608,32.016212,77457
320600,2015,120.864608,32.016212,84236
320600,2016,120.864608,32.016212,92702
320600,2017,120.864608,32.016212,110003
320600,2018,120.864608,32.016212,115320
320600,2019,120.864608,32.016212,128294
320600,2020,120.864608,32.016212,129900
320600,2021,120.864608,32.016212,142721
320600,2022,120.864608,32.016212,147057
320600,2023,120.864608,32.016212,152508
320600,2024,120.864608,32.016212,160298
320700,2009,119.178821,34.600018,19229
320700,2010,119.178821,34.600018,26987
320700,2011,119.178821,34.600018,32119
320700,2012,119.178821,34.600018,36470
320700,2013,119.178821,34.600018,34335
320700,2014,119.178821,34.600018,44277
320700,2015,119.178821,34.600018,48416
320700,2016,119.178821,34.600018,52987
320700,2017,119.178821,34.600018,61776
320700,2018,119.178821,34.600018,61332
320700,2019,119.178821,34.600018,69523
320700,2020,119.178821,34.600018,71303
320700,2021,119.178821,34.600018,81015
320700,2022,119.178821,34.600018,87042
320700,2023,119.178821,34.600018,94917
320700,2024,119.178821,34.600018,101641
320800,2009,119.021265,33.597506,20946
320800,2010,119.021265,33.597506,28861
320800,2011,119.021265,33.597506,35181
320800,2012,119.021265,33.597506,39992
320800,2013,119.021265,33.597506,38985
320800,2014,119.021265,33.597506,50736
320800,2015,119.021265,33.597506,56460
320800,2016,119.021265,33.597506,62446
320800,2017,119.021265,33.597506,68168
320800,2018,119.021265,33.597506,73204
320800,2019,119.021265,33.597506,78543
320800,2020,119.021265,33.597506,87507
320800,2021,119.021265,33.597506,99768
320800,2022,119.021265,33.597506,104054
320800,2023,119.021265,33.597506,110329
320800,2024,119.021265,33.597506,119473
320900,2009,120.139998,33.377631,23607
320900,2010,120.139998,33.377631,31640
320900,2011,120.139998,33.377631,38222
320900,2012,120.139998,33.377631,43172
320900,2013,120.139998,33.377631,42178
320900,2014,120.139998,33.377631,53115
320900,2015,120.139998,33.377631,58299
320900,2016,120.139998,33.377631,63278
320900,2017,120.139998,33.377631,68938
320900,2018,120.139998,33.377631,75987
320900,2019,120.139998,33.377631,79149
320900,2020,120.139998,33.377631,88731
320900,2021,120.139998,33.377631,98593
320900,2022,120.139998,33.377631,105647
320900,2023,120.139998,33.377631,110681
320900,2024,120.139998,33.377631,116455
321000,2009,119.421003,32.393159,40418
321000,2010,119.421003,32.393159,49786
321000,2011,119.421003,32.393159,58950
321000,2012,119.421003,32.393159,65692
321000,2013,119.421003,32.393159,70696
321000,2014,119.421003,32.393159,82654
321000,2015,119.421003,32.393159,89647
321000,2016,119.421003,32.393159,99151
321000,2017,119.421003,32.393159,112862
321000,2018,119.421003,32.393159,120944
321000,2019,119.421003,32.393159,128856
321000,2020,119.421003,32.393159,132784
321000,2021,119.421003,32.393159,146562
321000,2022,119.421003,32.393159,155132
321000,2023,119.421003,32.393159,161940
321000,2024,119.421003,32.393159,170297
321100,2009,119.452753,32.204402,62084
321100,2010,119.452753,32.204402,63280
321100,2011,119.452753,32.204402,73981
321100,2012,119.452753,32.204402,83650
321100,2013,119.452753,32.204402,107621
321100,2014,119.452753,32.204402,102652
321100,2015,119.452753,32.204402,110351
321100,2016,119.452753,32.204402,120603
321100,2017,119.452753,32.204402,116671
321100,2018,119.452753,32.204402,126906
321100,2019,119.452753,32.204402,128981
321100,2020,119.452753,32.204402,131580
321100,2021,119.452753,32.204402,148204
321100,2022,119.452753,32.204402,155823
321100,2023,119.452753,32.204402,163272
321100,2024,119.452753,32.204402,171677
321200,2009,119.915176,32.484882,33166
321200,2010,119.915176,32.484882,44118
321200,2011,119.915176,32.484882,52395
321200,2012,119.915176,32.484882,58378
321200,2013,119.915176,32.484882,59191
321200,2014,119.915176,32.484882,72706
321200,2015,119.915176,32.484882,79479
321200,2016,119.915176,32.484882,88330
321200,2017,119.915176,32.484882,95176
321200,2018,119.915176,32.484882,109988
321200,2019,119.915176,32.484882,110731
321200,2020,119.915176,32.484882,117542
321200,2021,119.915176,32.484882,133323
321200,2022,119.915176,32.484882,141830
321200,2023,119.915176,32.484882,149383
321200,2024,119.915176,32.484882,156351
321300,2009,118.293328,33.945154,15381
321300,2010,118.293328,33.945154,22525
321300,2011,118.293328,33.945154,27839
321300,2012,118.293328,33.945154,31722
321300,2013,118.293328,33.945154,29830
321300,2014,118.293328,33.945154,39963
321300,2015,118.293328,33.945154,43853
321300,2016,118.293328,33.945154,48311
321300,2017,118.293328,33.945154,55582
321300,2018,118.293328,33.945154,55906
321300,2019,118.293328,33.945154,62840
321300,2020,118.293328,33.945154,65503
321300,2021,118.293328,33.945154,74476
321300,2022,118.293328,33.945154,82452
321300,2023,118.293328,33.945154,88379
321300,2024,118.293328,33.945154,96447
330100,2009,120.153576,30.287459,63333
330100,2010,120.153576,30.287459,69828
330100,2011,120.153576,30.287459,80478
330100,2012,120.153576,30.287459,88962
330100,2013,120.153576,30.287459,118013
330100,2014,120.153576,30.287459,103813
330100,2015,120.153576,30.287459,112230
330100,2016,120.153576,30.287459,124286
330100,2017,120.153576,30.287459,135113
330100,2018,120.153576,30.287459,140180
330100,2019,120.153576,30.287459,152465
330100,2020,120.153576,30.287459,136617
330100,2021,120.153576,30.287459,149857
330100,2022,120.153576,30.287459,152588
330100,2023,120.153576,30.287459,161129
330100,2024,120.153576,30.287459,173867
330200,2009,121.549792,29.868388,60720
330200,2010,121.549792,29.868388,69368
330200,2011,121.549792,29.868388,79524
330200,2012,121.549792,29.868388,86228
330200,2013,121.549792,29.868388,122912
330200,2014,121.549792,29.868388,98362
330200,2015,121.549792,29.868388,102374
330200,2016,121.549792,29.868388,110656
330200,2017,121.549792,29.868388,123955
330200,2018,121.549792,29.868388,132603
330200,2019,121.549792,29.868388,143157
330200,2020,121.549792,29.868388,132614
330200,2021,121.549792,29.868388,153922
330200,2022,121.549792,29.868388,163911
330200,2023,121.549792,29.868388,170363
330200,2024,121.549792,29.868388,186379
330300,2009,120.672111,28.000575,32588
330300,2010,120.672111,28.000575,37359
330300,2011,120.672111,28.000575,43132
330300,2012,120.672111,28.000575,40103
330300,2013,120.672111,28.000575,49614
330300,2014,120.672111,28.000575,47118
330300,2015,120.672111,28.000575,50790
330300,2016,120.672111,28.000575,55779
330300,2017,120.672111,28.000575,58854
330300,2018,120.672111,28.000575,65055
330300,2019,120.672111,28.000575,71225
330300,2020,120.672111,28.000575,71766
330300,2021,120.672111,28.000575,78879
330300,2022,120.672111,28.000575,83107
330300,2023,120.672111,28.000575,89821
330300,2024,120.672111,28.000575,99106
330400,2009,120.750865,30.762653,44898
330400,2010,120.750865,30.762653,52143
330400,2011,120.750865,30.762653,59256
330400,2012,120.750865,30.762653,63704
330400,2013,120.750865,30.762653,90973
330400,2014,120.750865,30.762653,73458
330400,2015,120.750865,30.762653,76850
330400,2016,120.750865,30.762653,83968
330400,2017,120.750865,30.762653,94510
330400,2018,120.750865,30.762653,103858
330400,2019,120.750865,30.762653,112751
330400,2020,120.750865,30.762653,102541
330400,2021,120.750865,30.762653,116323
330400,2022,120.750865,30.762653,121794
330400,2023,120.750865,30.762653,126851
330400,2024,120.750865,30.762653,135267
330500,2009,120.102398,30.867198,38865
330500,2010,120.102398,30.867198,45323
330500,2011,120.102398,30.867198,52477
330500,2012,120.102398,30.867198,57350
330500,2013,120.102398,30.867198,68823
330500,2014,120.102398,30.867198,66917
330500,2015,120.102398,30.867198,70894
330500,2016,120.102398,30.867198,77110
330500,2017,120.102398,30.867198,82952
330500,2018,120.102398,30.867198,90304
330500,2019,120.102398,30.867198,102593
330500,2020,120.102398,30.867198,95579
330500,2021,120.102398,30.867198,107534
330500,2022,120.102398,30.867198,112902
330500,2023,120.102398,30.867198,117195
330500,2024,120.102398,30.867198,122057
330600,2009,120.582112,29.997117,54316
330600,2010,120.582112,29.997117,63770
330600,2011,120.582112,29.997117,75820
330600,2012,120.582112,29.997117,82966
330600,2013,120.582112,29.997117,89758
330600,2014,120.582112,29.997117,86136
330600,2015,120.582112,29.997117,90003
330600,2016,120.582112,29.997117,96204
330600,2017,120.582112,29.997117,101588
330600,2018,120.582112,29.997117,107853
330600,2019,120.582112,29.997117,114561
330600,2020,120.582112,29.997117,113746
330600,2021,120.582112,29.997117,127875
330600,2022,120.582112,29.997117,137522
330600,2023,120.582112,29.997117,144992
330600,2024,120.582112,29.997117,154645
330700,2009,119.649506,29.089524,34294
330700,2010,119.649506,29.089524,39897
330700,2011,119.649506,29.089524,45721
330700,2012,119.649506,29.089524,50269
330700,2013,119.649506,29.089524,62553
330700,2014,119.649506,29.089524,59056
330700,2015,119.649506,29.089524,62480
330700,2016,119.649506,29.089524,67158
330700,2017,119.649506,29.089524,69445
330700,2018,119.649506,29.089524,73428
330700,2019,119.649506,29.089524,81224
330700,2020,119.649506,29.089524,67329
330700,2021,119.649506,29.089524,75524
330700,2022,119.649506,29.089524,78086
330700,2023,119.649506,29.089524,84133
330700,2024,119.649506,29.089524,96375
330800,2009,118.87263,28.941708,25127
330800,2010,118.87263,28.941708,30153
330800,2011,118.87263,28.941708,36508
330800,2012,118.87263,28.941708,38476
330800,2013,118.87263,28.941708,41597
330800,2014,118.87263,28.941708,43740
330800,2015,118.87263,28.941708,53847
330800,2016,118.87263,28.941708,58281
330800,2017,118.87263,28.941708,61250
330800,2018,118.87263,28.941708,66936
330800,2019,118.87263,28.941708,71087
330800,2020,118.87263,28.941708,72192
330800,2021,118.87263,28.941708,82174
330800,2022,118.87263,28.941708,87544
330800,2023,118.87263,28.941708,92662
330800,2024,118.87263,28.941708,98470
330900,2009,122.106863,30.016028,55311
330900,2010,122.106863,30.016028,66581
330900,2011,122.106863,30.016028,79765
330900,2012,122.106863,30.016028,87883
330900,2013,122.106863,30.016028,95964
330900,2014,122.106863,30.016028,88746
330900,2015,122.106863,30.016028,95113
330900,2016,122.106863,30.016028,107463
330900,2017,122.106863,30.016028,104882
330900,2018,122.106863,30.016028,112490
330900,2019,122.106863,30.016028,116781
330900,2020,122.106863,30.016028,130130
330900,2021,122.106863,30.016028,146611
330900,2022,122.106863,30.016028,167134
330900,2023,122.106863,30.016028,179322
330900,2024,122.106863,30.016028,189548
331000,2009,121.428599,28.661378,35489
331000,2010,121.428599,28.661378,41172
331000,2011,121.428599,28.661378,46011
331000,2012,121.428599,28.661378,48505
331000,2013,121.428599,28.661378,53086
331000,2014,121.428599,28.661378,56208
331000,2015,121.428599,28.661378,58917
331000,2016,121.428599,28.661378,64287
331000,2017,121.428599,28.661378,71950
331000,2018,121.428599,28.661378,79541
331000,2019,121.428599,28.661378,83555
331000,2020,121.428599,28.661378,79889
331000,2021,121.428599,28.661378,87089
331000,2022,121.428599,28.661378,90572
331000,2023,121.428599,28.661378,93214
331000,2024,121.428599,28.661378,99046
331100,2009,119.921786,28.451993,23717
331100,2010,119.921786,28.451993,31296
331100,2011,119.921786,28.451993,37706
331100,2012,119.921786,28.451993,42244
331100,2013,119.921786,28.451993,37238
331100,2014,119.921786,28.451993,49459
331100,2015,119.921786,28.451993,51676
331100,2016,119.921786,28.451993,56238
331100,2017,119.921786,28.451993,57500
331100,2018,119.921786,28.451993,63611
331100,2019,119.921786,28.451993,66936
331100,2020,119.921786,28.451993,61811
331100,2021,119.921786,28.451993,68101
331100,2022,119.921786,28.451993,72812
331100,2023,119.921786,28.451993,77908
331100,2024,119.921786,28.451993,86213
340100,2009,117.283042,31.86119,41543
340100,2010,117.283042,31.86119,54796
340100,2011,117.283042,31.86119,48563
340100,2012,117.283042,31.86119,55186
340100,2013,117.283042,31.86119,65631
340100,2014,117.283042,31.86119,67689
340100,2015,117.283042,31.86119,73102
340100,2016,117.283042,31.86119,80138
340100,2017,117.283042,31.86119,88456
340100,2018,117.283042,31.86119,97470
340100,2019,117.283042,31.86119,115623
340100,2020,117.283042,31.86119,108427
340100,2021,117.283042,31.86119,121187
340100,2022,117.283042,31.86119,125798
340100,2023,117.283042,31.86119,130074
340100,2024,117.283042,31.86119,136063
340200,2009,118.376451,31.326319,39142
340200,2010,118.376451,31.326319,48306
340200,2011,118.376451,31.326319,43095
340200,2012,118.376451,31.326319,48742
340200,2013,118.376451,31.326319,54533
340200,2014,118.376451,31.326319,64039
340200,2015,118.376451,31.326319,67592
340200,2016,118.376451,31.326319,73715
340200,2017,118.376451,31.326319,80458
340200,2018,118.376451,31.326319,88085
340200,2019,118.376451,31.326319,96154
340200,2020,118.376451,31.326319,102964
340200,2021,118.376451,31.326319,117526
340200,2022,118.376451,31.326319,121630
340200,2023,118.376451,31.326319,126648
340200,2024,118.376451,31.326319,135588
340300,2009,117.36237,32.934037,14803
340300,2010,117.36237,32.934037,17621
340300,2011,117.36237,32.934037,24574
340300,2012,117.36237,32.934037,27999
340300,2013,117.36237,32.934037,27462
340300,2014,117.36237,32.934037,35542
340300,2015,117.36237,32.934037,38267
340300,2016,117.36237,32.934037,41855
340300,2017,117.36237,32.934037,46233
340300,2018,117.36237,32.934037,50662
340300,2019,117.36237,32.934037,60469
340300,2020,117.36237,32.934037,63209
340300,2021,117.36237,32.934037,60117
340300,2022,117.36237,32.934037,60739
340300,2023,117.36237,32.934037,64402
340300,2024,117.36237,32.934037,70908
340400,2009,117.025449,32.645947,22169
340400,2010,117.025449,32.645947,26049
340400,2011,117.025449,32.645947,30400
340400,2012,117.025449,32.645947,33489
340400,2013,117.025449,32.645947,33720
340400,2014,117.025449,32.645947,33361
340400,2015,117.025449,32.645947,26398
340400,2016,117.025449,32.645947,27990
340400,2017,117.025449,32.645947,30540
340400,2018,117.025449,32.645947,32487
340400,2019,117.025449,32.645947,37140
340400,2020,117.025449,32.645947,43557
340400,2021,117.025449,32.645947,48008
340400,2022,117.025449,32.645947,50802
340400,2023,117.025449,32.645947,53005
340400,2024,117.025449,32.645947,56869
340500,2009,118.507906,31.689362,51879
340500,2010,118.507906,31.689362,62942
340500,2011,118.507906,31.689362,52000
340500,2012,118.507906,31.689362,56217
340500,2013,118.507906,31.689362,56702
340500,2014,118.507906,31.689362,60091
340500,2015,118.507906,31.689362,60802
340500,2016,118.507906,31.689362,65833
340500,2017,118.507906,31.689362,74709
340500,2018,118.507906,31.689362,82695
340500,2019,118.507906,31.689362,89867
340500,2020,118.507906,31.689362,101011
340500,2021,118.507906,31.689362,113010
340500,2022,118.507906,31.689362,116093
340500,2023,118.507906,31.689362,118371
340500,2024,118.507906,31.689362,126806
340600,2009,116.794664,33.971707,18096
340600,2010,116.794664,33.971707,22309
340600,2011,116.794664,33.971707,26239
340600,2012,116.794664,33.971707,29278
340600,2013,116.794664,33.971707,32729
340600,2014,116.794664,33.971707,35324
340600,2015,116.794664,33.971707,35057
340600,2016,116.794664,33.971707,36427
340600,2017,116.794664,33.971707,41660
340600,2018,116.794664,33.971707,43962
340600,2019,116.794664,33.971707,47654
340600,2020,116.794664,33.971707,56661
340600,2021,116.794664,33.971707,62019
340600,2022,116.794664,33.971707,66401
340600,2023,116.794664,33.971707,70135
340600,2024,116.794664,33.971707,72543
340700,2009,117.816576,30.929935,46765
340700,2010,117.816576,30.929935,64496
340700,2011,117.816576,30.929935,79704
340700,2012,117.816576,30.929935,84819
340700,2013,117.816576,30.929935,91973
340700,2014,117.816576,30.929935,97193
340700,2015,117.816576,30.929935,57387
340700,2016,117.816576,30.929935,59960
340700,2017,117.816576,30.929935,69935
340700,2018,117.816576,30.929935,75524
340700,2019,117.816576,30.929935,58726
340700,2020,117.816576,30.929935,75748
340700,2021,117.816576,30.929935,89112
340700,2022,117.816576,30.929935,92823
340700,2023,117.816576,30.929935,94530
340700,2024,117.816576,30.929935,101841
340800,2009,117.053571,30.524816,13811
340800,2010,117.053571,30.524816,18604
340800,2011,117.053571,30.524816,22893
340800,2012,117.053571,30.524816,25592
340800,2013,117.053571,30.524816,22801
340800,2014,117.053571,30.524816,28808
340800,2015,117.053571,30.524816,31101
340800,2016,117.053571,30.524816,33294
340800,2017,117.053571,30.524816,36928
340800,2018,117.053571,30.524816,41088
340800,2019,117.053571,30.524816,50574
340800,2020,117.053571,30.524816,58684
340800,2021,117.053571,30.524816,63707
340800,2022,117.053571,30.524816,66470
340800,2023,117.053571,30.524816,69583
340800,2024,117.053571,30.524816,76836
341000,2009,118.317325,29.709239,17977
341000,2010,118.317325,29.709239,20846
341000,2011,118.317325,29.709239,25582
341000,2012,118.317325,29.709239,28773
341000,2013,118.317325,29.709239,31993
341000,2014,118.317325,29.709239,37306
341000,2015,118.317325,29.709239,38794
341000,2016,118.317325,29.709239,41905
341000,2017,118.317325,29.709239,44251
341000,2018,118.317325,29.709239,48579
341000,2019,118.317325,29.709239,57853
341000,2020,118.317325,29.709239,63940
341000,2021,118.317325,29.709239,71928
341000,2022,118.317325,29.709239,75505
341000,2023,118.317325,29.709239,79295
341000,2024,118.317325,29.709239,86140
341100,2009,118.316264,32.303627,14002
341100,2010,118.316264,32.303627,17400
341100,2011,118.316264,32.303627,21634
341100,2012,118.316264,32.303627,24651
341100,2013,118.316264,32.303627,24190
341100,2014,118.316264,32.303627,30562
341100,2015,118.316264,32.303627,32634
341100,2016,118.316264,32.303627,35301
341100,2017,118.316264,32.303627,39517
341100,2018,118.316264,32.303627,43999
341100,2019,118.316264,32.303627,70429
341100,2020,118.316264,32.303627,76087
341100,2021,118.316264,32.303627,84263
341100,2022,118.316264,32.303627,89800
341100,2023,118.316264,32.303627,93325
341100,2024,118.316264,32.303627,99479
341200,2009,115.819729,32.896969,7288
341200,2010,115.819729,32.896969,9068
341200,2011,115.819729,32.896969,11202
341200,2012,115.819729,32.896969,12616
341200,2013,115.819729,32.896969,10090
341200,2014,115.819729,32.896969,15303
341200,2015,115.819729,32.896969,16121
341200,2016,115.819729,32.896969,17642
341200,2017,115.819729,32.896969,19536
341200,2018,115.819729,32.896969,21589
341200,2019,115.819729,32.896969,32855
341200,2020,115.819729,32.896969,34399
341200,2021,115.819729,32.896969,37524
341200,2022,115.819729,32.896969,39643
341200,2023,115.819729,32.896969,40970
341200,2024,115.819729,32.896969,44773
341300,2009,116.984084,33.633891,8526
341300,2010,116.984084,33.633891,9945
341300,2011,116.984084,33.633891,14971
341300,2012,116.984084,33.633891,17308
341300,2013,116.984084,33.633891,15800
341300,2014,116.984084,33.633891,20895
341300,2015,116.984084,33.633891,22415
341300,2016,116.984084,33.633891,24270
341300,2017,116.984084,33.633891,26056
341300,2018,116.984084,33.633891,28757
341300,2019,116.984084,33.633891,34773
341300,2020,116.984084,33.633891,38368
341300,2021,116.984084,33.633891,40688
341300,2022,116.984084,33.633891,41875
341300,2023,116.984084,33.633891,43387
341300,2024,116.984084,33.633891,46859
341500,2009,116.507676,31.752889,9637
341500,2010,116.507676,31.752889,12047
341500,2011,116.507676,31.752889,14586
341500,2012,116.507676,31.752889,16248
341500,2013,116.507676,31.752889,14089
341500,2014,116.507676,31.752889,19211
341500,2015,116.507676,31.752889,21524
341500,2016,116.507676,31.752889,23298
341500,2017,116.507676,31.752889,24406
341500,2018,116.507676,31.752889,26731
341500,2019,116.507676,31.752889,33370
341500,2020,116.507676,31.752889,37899
341500,2021,116.507676,31.752889,43690
341500,2022,116.507676,31.752889,45643
341500,2023,116.507676,31.752889,48462
341500,2024,116.507676,31.752889,53371
341600,2009,115.782939,33.869338,8477
341600,2010,115.782939,33.869338,10318
341600,2011,115.782939,33.869338,12868
341600,2012,115.782939,33.869338,14642
341600,2013,115.782939,33.869338,12498
341600,2014,115.782939,33.869338,17769
341600,2015,115.782939,33.869338,18771
341600,2016,115.782939,33.869338,20611
341600,2017,115.782939,33.869338,22385
341600,2018,115.782939,33.869338,24547
341600,2019,115.782939,33.869338,33314
341600,2020,115.782939,33.869338,36156
341600,2021,115.782939,33.869338,39509
341600,2022,115.782939,33.869338,42258
341600,2023,115.782939,33.869338,44941
341600,2024,115.782939,33.869338,51662
341700,2009,117.489157,30.656037,17295
341700,2010,117.489157,30.656037,21437
341700,2011,117.489157,30.656037,26345
341700,2012,117.489157,30.656037,29471
341700,2013,117.489157,30.656037,28534
341700,2014,117.489157,30.656037,36267
341700,2015,117.489157,30.656037,38014
341700,2016,117.489157,30.656037,40919
341700,2017,117.489157,30.656037,43178
341700,2018,117.489157,30.656037,46865
341700,2019,117.489157,30.656037,56217
341700,2020,117.489157,30.656037,64843
341700,2021,117.489157,30.656037,75191
341700,2022,117.489157,30.656037,81124
341700,2023,117.489157,30.656037,83906
341700,2024,117.489157,30.656037,88992
341800,2009,118.757995,30.945667,16774
341800,2010,118.757995,30.945667,20754
341800,2011,118.757995,30.945667,26360
341800,2012,118.757995,30.945667,29636
341800,2013,118.757995,30.945667,30100
341800,2014,118.757995,30.945667,35726
341800,2015,118.757995,30.945667,37610
341800,2016,118.757995,30.945667,40740
341800,2017,118.757995,30.945667,45467
341800,2018,118.757995,30.945667,50065
341800,2019,118.757995,30.945667,58819
341800,2020,118.757995,30.945667,64301
341800,2021,118.757995,30.945667,73548
341800,2022,118.757995,30.945667,76853
341800,2023,118.757995,30.945667,78358
341800,2024,118.757995,30.945667,82520
350100,2009,119.306239,26.075302,38015
350100,2010,119.306239,26.075302,44667
350100,2011,119.306239,26.075302,52152
350100,2012,119.306239,26.075302,58304
350100,2013,119.306239,26.075302,71427
350100,2014,119.306239,26.075302,69995
350100,2015,119.306239,26.075302,75259
350100,2016,119.306239,26.075302,82251
350100,2017,119.306239,26.075302,93290
350100,2018,119.306239,26.075302,102037
350100,2019,119.306239,26.075302,120879
350100,2020,119.306239,26.075302,121015
350100,2021,119.306239,26.075302,135298
350100,2022,119.306239,26.075302,145936
350100,2023,119.306239,26.075302,152846
350100,2024,119.306239,26.075302,167787
350200,2009,118.11022,24.490474,68938
350200,2010,118.11022,24.490474,58337
350200,2011,118.11022,24.490474,70832
350200,2012,118.11022,24.490474,77392
350200,2013,118.11022,24.490474,81572
350200,2014,118.11022,24.490474,86832
350200,2015,118.11022,24.490474,90379
350200,2016,118.11022,24.490474,97282
350200,2017,118.11022,24.490474,109740
350200,2018,118.11022,24.490474,118015
350200,2019,118.11022,24.490474,142739
350200,2020,118.11022,24.490474,123962
350200,2021,118.11022,24.490474,134491
350200,2022,118.11022,24.490474,147387
350200,2023,118.11022,24.490474,151697
350200,2024,118.11022,24.490474,160888
350300,2009,119.007558,25.431011,24260
350300,2010,119.007558,25.431011,30161
350300,2011,119.007558,25.431011,37724
350300,2012,119.007558,25.431011,42957
350300,2013,119.007558,25.431011,40205
350300,2014,119.007558,25.431011,52890
350300,2015,119.007558,25.431011,57873
350300,2016,119.007558,25.431011,63313
350300,2017,119.007558,25.431011,70646
350300,2018,119.007558,25.431011,77325
350300,2019,119.007558,25.431011,89342
350300,2020,119.007558,25.431011,82753
350300,2021,119.007558,25.431011,89672
350300,2022,119.007558,25.431011,97095
350300,2023,119.007558,25.431011,96291
350300,2024,119.007558,25.431011,108075
350400,2009,117.635001,26.265444,30370
350400,2010,117.635001,26.265444,37917
350400,2011,117.635001,26.265444,48376
350400,2012,117.635001,26.265444,53422
350400,2013,117.635001,26.265444,53151
350400,2014,117.635001,26.265444,64590
350400,2015,117.635001,26.265444,67978
350400,2016,117.635001,26.265444,73261
350400,2017,117.635001,26.265444,83440
350400,2018,117.635001,26.265444,91406
350400,2019,117.635001,26.265444,100641
350400,2020,117.635001,26.265444,108304
350400,2021,117.635001,26.265444,118852
350400,2022,117.635001,26.265444,126044
350400,2023,117.635001,26.265444,123141
350400,2024,117.635001,26.265444,120583
350500,2009,118.589421,24.908853,39227
350500,2010,118.589421,24.908853,44563
350500,2011,118.589421,24.908853,52245
350500,2012,118.589421,24.908853,57291
350500,2013,118.589421,24.908853,74119
350500,2014,118.589421,24.908853,68254
350500,2015,118.589421,24.908853,72421
350500,2016,118.589421,24.908853,77784
350500,2017,118.589421,24.908853,87615
350500,2018,118.589421,24.908853,97614
350500,2019,118.589421,24.908853,114067
350500,2020,118.589421,24.908853,115768
350500,2021,118.589421,24.908853,128165
350500,2022,118.589421,24.908853,136533
350500,2023,118.589421,24.908853,137060
350500,2024,118.589421,24.908853,147158
350600,2009,117.661801,24.510897,24619
350600,2010,117.661801,24.510897,29769
350600,2011,117.661801,24.510897,36641
350600,2012,117.661801,24.510897,41433
350600,2013,117.661801,24.510897,45726
350600,2014,117.661801,24.510897,50685
350600,2015,117.661801,24.510897,55570
350600,2016,117.661801,24.510897,62196
350600,2017,117.661801,24.510897,70216
350600,2018,117.661801,24.510897,77102
350600,2019,117.661801,24.510897,92075
350600,2020,117.661801,24.510897,89005
350600,2021,117.661801,24.510897,99218
350600,2022,117.661801,24.510897,112578
350600,2023,117.661801,24.510897,113087
350600,2024,117.661801,24.510897,119611
350700,2009,118.178459,26.635627,21473
350700,2010,118.178459,26.635627,26279
350700,2011,118.178459,26.635627,33775
350700,2012,118.178459,26.635627,37756
350700,2013,118.178459,26.635627,34994
350700,2014,118.178459,26.635627,47044
350700,2015,118.178459,26.635627,50932
350700,2016,118.178459,26.635627,55009
350700,2017,118.178459,26.635627,60903
350700,2018,118.178459,26.635627,66760
350700,2019,118.178459,26.635627,74036
350700,2020,118.178459,26.635627,74903
350700,2021,118.178459,26.635627,79162
350700,2022,118.178459,26.635627,83136
350700,2023,118.178459,26.635627,85969
350700,2024,118.178459,26.635627,79585
350800,2009,117.02978,25.091603,29725
350800,2010,117.02978,25.091603,38698
350800,2011,117.02978,25.091603,48554
350800,2012,117.02978,25.091603,53590
350800,2013,117.02978,25.091603,48842
350800,2014,117.02978,25.091603,62716
350800,2015,117.02978,25.091603,66863
350800,2016,117.02978,25.091603,72354
350800,2017,117.02978,25.091603,82258
350800,2018,117.02978,25.091603,90655
350800,2019,117.02978,25.091603,101476
350800,2020,117.02978,25.091603,105548
350800,2021,117.02978,25.091603,112886
350800,2022,117.02978,25.091603,121721
350800,2023,117.02978,25.091603,122683
350800,2024,117.02978,25.091603,127065
350900,2009,119.527082,26.65924,20174
350900,2010,119.527082,26.65924,25200
350900,2011,119.527082,26.65924,32936
350900,2012,119.527082,26.65924,38015
350900,2013,119.527082,26.65924,35698
350900,2014,119.527082,26.65924,48369
350900,2015,119.527082,26.65924,52006
350900,2016,119.527082,26.65924,56358
350900,2017,119.527082,26.65924,61964
350900,2018,119.527082,26.65924,66878
350900,2019,119.527082,26.65924,84251
350900,2020,119.527082,26.65924,83541
350900,2021,119.527082,26.65924,100034
350900,2022,119.527082,26.65924,112738
350900,2023,119.527082,26.65924,120619
350900,2024,119.527082,26.65924,123403
360100,2009,115.892151,28.676493,39669
360100,2010,115.892151,28.676493,43769
360100,2011,115.892151,28.676493,53023
360100,2012,115.892151,28.676493,58715
360100,2013,115.892151,28.676493,65412
360100,2014,115.892151,28.676493,70373
360100,2015,115.892151,28.676493,75879
360100,2016,115.892151,28.676493,81598
360100,2017,115.892151,28.676493,83943
360100,2018,115.892151,28.676493,95825
360100,2019,115.892151,28.676493,100415
360100,2020,115.892151,28.676493,92697
360100,2021,115.892151,28.676493,104788
360100,2022,115.892151,28.676493,111031
360100,2023,115.892151,28.676493,110067
360100,2024,115.892151,28.676493,117843
360200,2009,117.214664,29.29256,23174
360200,2010,117.214664,29.29256,29155
360200,2011,117.214664,29.29256,35421
360200,2012,117.214664,29.29256,39151
360200,2013,117.214664,29.29256,40981
360200,2014,117.214664,29.29256,45438
360200,2015,117.214664,29.29256,47216
360200,2016,117.214664,29.29256,50989
360200,2017,117.214664,29.29256,47406
360200,2018,117.214664,29.29256,50723
360200,2019,117.214664,29.29256,55228
360200,2020,117.214664,29.29256,59134
360200,2021,117.214664,29.29256,59041
360200,2022,117.214664,29.29256,73535
360200,2023,117.214664,29.29256,74146
360200,2024,117.214664,29.29256,72916
360300,2009,113.852186,27.622946,22685
360300,2010,113.852186,27.622946,28106
360300,2011,113.852186,27.622946,35350
360300,2012,113.852186,27.622946,39186
360300,2013,113.852186,27.622946,41151
360300,2014,113.852186,27.622946,45867
360300,2015,113.852186,27.622946,48133
360300,2016,113.852186,27.622946,52330
360300,2017,113.852186,27.622946,39386
360300,2018,113.852186,27.622946,52307
360300,2019,113.852186,27.622946,48007
360300,2020,113.852186,27.622946,53302
360300,2021,113.852186,27.622946,61386
360300,2022,113.852186,27.622946,64201
360300,2023,113.852186,27.622946,63796
360300,2024,113.852186,27.622946,67327
360400,2009,115.992811,29.712034,17420
360400,2010,115.992811,29.712034,21862
360400,2011,115.992811,29.712034,26464
360400,2012,115.992811,29.712034,29785
360400,2013,115.992811,29.712034,31530
360400,2014,115.992811,29.712034,37097
360400,2015,115.992811,29.712034,39505
360400,2016,115.992811,29.712034,43338
360400,2017,115.992811,29.712034,54843
360400,2018,115.992811,29.712034,55274
360400,2019,115.992811,29.712034,63584
360400,2020,115.992811,29.712034,70340
360400,2021,115.992811,29.712034,81551
360400,2022,115.992811,29.712034,88318
360400,2023,115.992811,29.712034,84566
360400,2024,115.992811,29.712034,89025
360500,2009,114.930835,27.810834,42606
360500,2010,114.930835,27.810834,55492
360500,2011,114.930835,27.810834,68155
360500,2012,114.930835,27.810834,72266
360500,2013,114.930835,27.810834,69840
360500,2014,114.930835,27.810834,77730
360500,2015,114.930835,27.810834,81354
360500,2016,114.930835,27.810834,88548
360500,2017,114.930835,27.810834,82603
360500,2018,114.930835,27.810834,86789
360500,2019,114.930835,27.810834,81641
360500,2020,114.930835,27.810834,83583
360500,2021,114.930835,27.810834,96025
360500,2022,114.930835,27.810834,104133
360500,2023,114.930835,27.810834,105098
360500,2024,114.930835,27.810834,95508
360600,2009,117.033838,28.238638,23106
360600,2010,117.033838,28.238638,30769
360600,2011,117.033838,28.238638,37834
360600,2012,117.033838,28.238638,42449
360600,2013,117.033838,28.238638,44278
360600,2014,117.033838,28.238638,53011
360600,2015,117.033838,28.238638,55568
360600,2016,117.033838,28.238638,60136
360600,2017,117.033838,28.238638,64712
360600,2018,117.033838,28.238638,69923
360600,2019,117.033838,28.238638,79883
360600,2020,117.033838,28.238638,84139
360600,2021,117.033838,28.238638,99069
360600,2022,117.033838,28.238638,107111
360600,2023,117.033838,28.238638,110975
360600,2024,117.033838,28.238638,120553
360700,2009,114.940278,25.85097,11201
360700,2010,114.940278,25.85097,13322
360700,2011,114.940278,25.85097,15895
360700,2012,114.940278,25.85097,17873
360700,2013,114.940278,25.85097,18012
360700,2014,114.940278,25.85097,21708
360700,2015,114.940278,25.85097,23148
360700,2016,114.940278,25.85097,25761
360700,2017,114.940278,25.85097,29041
360700,2018,114.940278,25.85097,32429
360700,2019,114.940278,25.85097,39968
360700,2020,114.940278,25.85097,40754
360700,2021,114.940278,25.85097,46452
360700,2022,114.940278,25.85097,50352
360700,2023,114.940278,25.85097,51245
360700,2024,114.940278,25.85097,55048
360800,2009,114.986373,27.111699,12137
360800,2010,114.986373,27.111699,14969
360800,2011,114.986373,27.111699,16830
360800,2012,114.986373,27.111699,18660
360800,2013,114.986373,27.111699,22081
360800,2014,114.986373,27.111699,25486
360800,2015,114.986373,27.111699,27168
360800,2016,114.986373,27.111699,29772
360800,2017,114.986373,27.111699,32478
360800,2018,114.986373,27.111699,35202
360800,2019,114.986373,27.111699,42060
360800,2020,114.986373,27.111699,48307
360800,2021,114.986373,27.111699,56789
360800,2022,114.986373,27.111699,62170
360800,2023,114.986373,27.111699,62099
360800,2024,114.986373,27.111699,66781
360900,2009,114.391136,27.8043,12769
360900,2010,114.391136,27.8043,16075
360900,2011,114.391136,27.8043,19823
360900,2012,114.391136,27.8043,22855
360900,2013,114.391136,27.8043,23998
360900,2014,114.391136,27.8043,27764
360900,2015,114.391136,27.8043,29457
360900,2016,114.391136,27.8043,32269
360900,2017,114.391136,27.8043,36141
360900,2018,114.391136,27.8043,39199
360900,2019,114.391136,27.8043,48182
360900,2020,114.391136,27.8043,55452
360900,2021,114.391136,27.8043,63957
360900,2022,114.391136,27.8043,69876
360900,2023,114.391136,27.8043,69951
360900,2024,114.391136,27.8043,75404
361000,2009,116.358351,27.98385,12923
361000,2010,116.358351,27.98385,16083
361000,2011,116.358351,27.98385,18907
361000,2012,116.358351,27.98385,20922
361000,2013,116.358351,27.98385,22396
361000,2014,116.358351,27.98385,26119
361000,2015,116.358351,27.98385,27735
361000,2016,116.358351,27.98385,30259
361000,2017,116.358351,27.98385,33688
361000,2018,116.358351,27.98385,34226
361000,2019,116.358351,27.98385,37272
361000,2020,116.358351,27.98385,43305
361000,2021,116.358351,27.98385,49885
361000,2022,116.358351,27.98385,54360
361000,2023,116.358351,27.98385,56854
361000,2024,116.358351,27.98385,61236
361100,2009,117.971185,28.44442,11184
361100,2010,117.971185,28.44442,13741
361100,2011,117.971185,28.44442,16813
361100,2012,117.971185,28.44442,19077
361100,2013,117.971185,28.44442,18438
361100,2014,117.971185,28.44442,23221
361100,2015,117.971185,28.44442,24633
361100,2016,117.971185,28.44442,26996
361100,2017,117.971185,28.44442,29902
361100,2018,117.971185,28.44442,32555
361100,2019,117.971185,28.44442,36839
361100,2020,117.971185,28.44442,40430
361100,2021,117.971185,28.44442,47081
361100,2022,117.971185,28.44442,51425
361100,2023,117.971185,28.44442,53020
361100,2024,117.971185,28.44442,58381
370100,2009,117.000923,36.675807,50376
370100,2010,117.000923,36.675807,57966
370100,2011,117.000923,36.675807,64311
370100,2012,117.000923,36.675807,69444
370100,2013,117.000923,36.675807,85321
370100,2014,117.000923,36.675807,82052
370100,2015,117.000923,36.675807,85919
370100,2016,117.000923,36.675807,90999
370100,2017,117.000923,36.675807,98275
370100,2018,117.000923,36.675807,106302
370100,2019,117.000923,36.675807,106416
370100,2020,117.000923,36.675807,110199
370100,2021,117.000923,36.675807,123075
370100,2022,117.000923,36.675807,128287
370100,2023,117.000923,36.675807,135347
370100,2024,117.000923,36.675807,142760
370200,2009,120.369557,36.094406,57251
370200,2010,120.369557,36.094406,65827
370200,2011,120.369557,36.094406,75563
370200,2012,120.369557,36.094406,82680
370200,2013,120.369557,36.094406,103444
370200,2014,120.369557,36.094406,96524
370200,2015,120.369557,36.094406,102519
370200,2016,120.369557,36.094406,109407
370200,2017,120.369557,36.094406,119215
370200,2018,120.369557,36.094406,128459
370200,2019,120.369557,36.094406,124282
370200,2020,120.369557,36.094406,123828
370200,2021,120.369557,36.094406,138849
370200,2022,120.369557,36.094406,144870
370200,2023,120.369557,36.094406,152174
370200,2024,120.369557,36.094406,160656
370300,2009,118.047648,36.814939,54229
370300,2010,118.047648,36.814939,63397
370300,2011,118.047648,36.814939,72176
370300,2012,118.047648,36.814939,77876
370300,2013,118.047648,36.814939,89441
370300,2014,118.047648,36.814939,87531
370300,2015,118.047648,36.814939,89235
370300,2016,118.047648,36.814939,94587
370300,2017,118.047648,36.814939,101569
370300,2018,118.047648,36.814939,107720
370300,2019,118.047648,36.814939,77510
370300,2020,118.047648,36.814939,78092
370300,2021,118.047648,36.814939,89238
370300,2022,118.047648,36.814939,93526
370300,2023,118.047648,36.814939,97267
370300,2024,118.047648,36.814939,104913
370400,2009,117.557964,34.856424,32698
370400,2010,117.557964,34.856424,36839
370400,2011,117.557964,34.856424,41746
370400,2012,117.557964,34.856424,45262
370400,2013,117.557964,34.856424,46228
370400,2014,117.557964,34.856424,51890
370400,2015,117.557964,34.856424,52692
370400,2016,117.557964,34.856424,54984
370400,2017,117.557964,34.856424,58798
370400,2018,117.557964,34.856424,61226
370400,2019,117.557964,34.856424,43100
370400,2020,117.557964,34.856424,44954
370400,2021,117.557964,34.856424,50613
370400,2022,117.557964,34.856424,53081
370400,2023,117.557964,34.856424,56463
370400,2024,117.557964,34.856424,62678
370500,2009,118.4963,37.461266,102370
370500,2010,118.4963,37.461266,116448
370500,2011,118.4963,37.461266,130811
370500,2012,118.4963,37.461266,145395
370500,2013,118.4963,37.461266,173807
370500,2014,118.4963,37.461266,163982
370500,2015,118.4963,37.461266,163938
370500,2016,118.4963,37.461266,164024
370500,2017,118.4963,37.461266,177962
370500,2018,118.4963,37.461266,191942
370500,2019,118.4963,37.461266,134022
370500,2020,118.4963,37.461266,135910
370500,2021,118.4963,37.461266,156852
370500,2022,118.4963,37.461266,164430
370500,2023,118.4963,37.461266,176628
370500,2024,118.4963,37.461266,195170
370600,2009,121.391382,37.539297,52683
370600,2010,121.391382,37.539297,62254
370600,2011,121.391382,37.539297,70380
370600,2012,121.391382,37.539297,75672
370600,2013,121.391382,37.539297,86235
370600,2014,121.391382,37.539297,85795
370600,2015,121.391382,37.539297,91979
370600,2016,121.391382,37.539297,98388
370600,2017,121.391382,37.539297,103771
370600,2018,121.391382,37.539297,110231
370600,2019,121.391382,37.539297,107343
370600,2020,121.391382,37.539297,110058
370600,2021,121.391382,37.539297,122818
370600,2022,121.391382,37.539297,134581
370600,2023,121.391382,37.539297,144241
370600,2024,121.391382,37.539297,153302
370700,2009,119.107078,36.70925,30338
370700,2010,119.107078,36.70925,34273
370700,2011,119.107078,36.70925,38833
370700,2012,119.107078,36.70925,43681
370700,2013,119.107078,36.70925,50065
370700,2014,119.107078,36.70925,51826
370700,2015,119.107078,36.70925,55824
370700,2016,119.107078,36.70925,59275
370700,2017,119.107078,36.70925,62553
370700,2018,119.107078,36.70925,65721
370700,2019,119.107078,36.70925,60760
370700,2020,119.107078,36.70925,62524
370700,2021,119.107078,36.70925,74606
370700,2022,119.107078,36.70925,77655
370700,2023,119.107078,36.70925,80970
370700,2024,119.107078,36.70925,87784
370800,2009,116.587245,35.415393,27979
370800,2010,116.587245,35.415393,31561
370800,2011,116.587245,35.415393,35729
370800,2012,116.587245,35.415393,39165
370800,2013,116.587245,35.415393,41292
370800,2014,116.587245,35.415393,46213
370800,2015,116.587245,35.415393,48529
370800,2016,116.587245,35.415393,51662
370800,2017,116.587245,35.415393,55430
370800,2018,116.587245,35.415393,58972
370800,2019,116.587245,35.415393,52331
370800,2020,116.587245,35.415393,53773
370800,2021,116.587245,35.415393,60728
370800,2022,116.587245,35.415393,63954
370800,2023,116.587245,35.415393,66741
370800,2024,116.587245,35.415393,71434
370900,2009,117.129063,36.194968,31375
370900,2010,117.129063,36.194968,37390
370900,2011,117.129063,36.194968,41850
370900,2012,117.129063,36.194968,41850
370900,2013,117.129063,36.194968,49923
370900,2014,117.129063,36.194968,53853
370900,2015,117.129063,36.194968,56490
370900,2016,117.129063,36.194968,59027
370900,2017,117.129063,36.194968,63433
370900,2018,117.129063,36.194968,64714
370900,2019,117.129063,36.194968,47248
370900,2020,117.129063,36.194968,50555
370900,2021,117.129063,36.194968,54917
370900,2022,117.129063,36.194968,59028
370900,2023,117.129063,36.194968,61841
370900,2024,117.129063,36.194968,68083
371000,2009,122.116394,37.509691,63519
371000,2010,122.116394,37.509691,76778
371000,2011,122.116394,37.509691,75316
371000,2012,122.116394,37.509691,92148
371000,2013,122.116394,37.509691,100381
371000,2014,122.116394,37.509691,99392
371000,2015,122.116394,37.509691,106922
371000,2016,122.116394,37.509691,114220
371000,2017,122.116394,37.509691,124463
371000,2018,122.116394,37.509691,128774
371000,2019,122.116394,37.509691,104615
371000,2020,122.116394,37.509691,103829
371000,2021,122.116394,37.509691,118925
371000,2022,122.116394,37.509691,116871
371000,2023,122.116394,37.509691,120504
371000,2024,122.116394,37.509691,127951
371100,2009,119.461208,35.428588,31451
371100,2010,119.461208,35.428588,36883
371100,2011,119.461208,35.428588,43205
371100,2012,119.461208,35.428588,47851
371100,2013,119.461208,35.428588,51730
371100,2014,119.461208,35.428588,56349
371100,2015,119.461208,35.428588,58110
371100,2016,119.461208,35.428588,62357
371100,2017,119.461208,35.428588,69062
371100,2018,119.461208,35.428588,75329
371100,2019,119.461208,35.428588,66313
371100,2020,119.461208,35.428588,67593
371100,2021,119.461208,35.428588,74434
371100,2022,119.461208,35.428588,77669
371100,2023,119.461208,35.428588,80820
371100,2024,119.461208,35.428588,87013
371300,2009,118.326443,35.065282,20983
371300,2010,118.326443,35.065282,23886
371300,2011,118.326443,35.065282,27503
371300,2012,118.326443,35.065282,29808
371300,2013,118.326443,35.065282,30613
371300,2014,118.326443,35.065282,35032
371300,2015,118.326443,35.065282,36656
371300,2016,118.326443,35.065282,38803
371300,2017,118.326443,35.065282,41227
371300,2018,118.326443,35.065282,44534
371300,2019,118.326443,35.065282,43213
371300,2020,118.326443,35.065282,43582
371300,2021,118.326443,35.065282,49585
371300,2022,118.326443,35.065282,52502
371300,2023,118.326443,35.065282,55661
371300,2024,118.326443,35.065282,60166
371400,2009,116.307428,37.453968,28046
371400,2010,116.307428,37.453968,29772
371400,2011,116.307428,37.453968,34905
371400,2012,116.307428,37.453968,39710
371400,2013,116.307428,37.453968,42497
371400,2014,116.307428,37.453968,45641
371400,2015,116.307428,37.453968,48062
371400,2016,116.307428,37.453968,50856
371400,2017,116.307428,37.453968,54222
371400,2018,116.307428,37.453968,58252
371400,2019,116.307428,37.453968,52295
371400,2020,116.307428,37.453968,54872
371400,2021,116.307428,37.453968,62223
371400,2022,116.307428,37.453968,65022
371400,2023,116.307428,37.453968,68494
371400,2024,116.307428,37.453968,73468
371500,2009,115.980367,36.456013,24657
371500,2010,115.980367,36.456013,28464
371500,2011,115.980367,36.456013,32968
371500,2012,115.980367,36.456013,36573
371500,2013,115.980367,36.456013,39563
371500,2014,115.980367,36.456013,42482
371500,2015,115.980367,36.456013,44743
371500,2016,115.980367,36.456013,47624
371500,2017,115.980367,36.456013,49806
371500,2018,115.980367,36.456013,51935
371500,2019,115.980367,36.456013,37129
371500,2020,115.980367,36.456013,38925
371500,2021,115.980367,36.456013,44485
371500,2022,115.980367,36.456013,46995
371500,2023,115.980367,36.456013,49760
371500,2024,115.980367,36.456013,54326
371600,2009,118.016974,37.383542,36679
371600,2010,118.016974,37.383542,41661
371600,2011,118.016974,37.383542,48326
371600,2012,118.016974,37.383542,52591
371600,2013,118.016974,37.383542,56433
371600,2014,118.016974,37.383542,59557
371600,2015,118.016974,37.383542,61189
371600,2016,118.016974,37.383542,63745
371600,2017,118.016974,37.383542,66668
371600,2018,118.016974,37.383542,67405
371600,2019,118.016974,37.383542,62639
371600,2020,118.016974,37.383542,63915
371600,2021,118.016974,37.383542,73078
371600,2022,118.016974,37.383542,75813
371600,2023,118.016974,37.383542,79738
371600,2024,118.016974,37.383542,87542
371700,2009,115.469381,35.246531,11649
371700,2010,115.469381,35.246531,14841
371700,2011,115.469381,35.246531,18746
371700,2012,115.469381,35.246531,21461
371700,2013,115.469381,35.246531,21421
371700,2014,115.469381,35.246531,26446
371700,2015,115.469381,35.246531,28350
371700,2016,115.469381,35.246531,29904
371700,2017,115.469381,35.246531,32558
371700,2018,115.469381,35.246531,35184
371700,2019,115.469381,35.246531,38867
371700,2020,115.469381,35.246531,39599
371700,2021,115.469381,35.246531,45366
371700,2022,115.469381,35.246531,48294
371700,2023,115.469381,35.246531,51557
371700,2024,115.469381,35.246531,56027
410100,2009,113.665412,34.757975,44231
410100,2010,113.665412,34.757975,49947
410100,2011,113.665412,34.757975,56855
410100,2012,113.665412,34.757975,62054
410100,2013,113.665412,34.757975,67485
410100,2014,113.665412,34.757975,72991
410100,2015,113.665412,34.757975,77179
410100,2016,113.665412,34.757975,84114
410100,2017,113.665412,34.757975,93792
410100,2018,113.665412,34.757975,101349
410100,2019,113.665412,34.757975,113139
410100,2020,113.665412,34.757975,96134
410100,2021,113.665412,34.757975,100092
410100,2022,113.665412,34.757975,101169
410100,2023,113.665412,34.757975,105416
410100,2024,113.665412,34.757975,111382
410200,2009,114.341447,34.797049,16571
410200,2010,114.341447,34.797049,19750
410200,2011,114.341447,34.797049,22972
410200,2012,114.341447,34.797049,25922
410200,2013,114.341447,34.797049,24657
410200,2014,114.341447,34.797049,32454
410200,2015,114.341447,34.797049,35326
410200,2016,114.341447,34.797049,38619
410200,2017,114.341447,34.797049,41503
410200,2018,114.341447,34.797049,43936
410200,2019,114.341447,34.797049,51733
410200,2020,114.341447,34.797049,49166
410200,2021,114.341447,34.797049,53173
410200,2022,114.341447,34.797049,56075
410200,2023,114.341447,34.797049,53873
410200,2024,114.341447,34.797049,58672
410300,2009,112.434468,34.663041,31170
410300,2010,112.434468,34.663041,35762
410300,2011,112.434468,34.663041,41198
410300,2012,112.434468,34.663041,45316
410300,2013,112.434468,34.663041,45387
410300,2014,112.434468,34.663041,49417
410300,2015,112.434468,34.663041,51692
410300,2016,112.434468,34.663041,56410
410300,2017,112.434468,34.663041,62982
410300,2018,112.434468,34.663041,67707
410300,2019,112.434468,34.663041,72912
410300,2020,112.434468,34.663041,72872
410300,2021,112.434468,34.663041,77110
410300,2022,112.434468,34.663041,80226
410300,2023,112.434468,34.663041,77434
410300,2024,112.434468,34.663041,82184
410400,2009,113.307718,33.735241,23018
410400,2010,113.307718,33.735241,26730
410400,2011,113.307718,33.735241,30227
410400,2012,113.307718,33.735241,30380
410400,2013,113.307718,33.735241,28938
410400,2014,113.307718,33.735241,33014
410400,2015,113.307718,33.735241,33984
410400,2016,113.307718,33.735241,36708
410400,2017,113.307718,33.735241,39961
410400,2018,113.307718,33.735241,42587
410400,2019,113.307718,33.735241,47201
410400,2020,113.307718,33.735241,49379
410400,2021,113.307718,33.735241,54122
410400,2022,113.307718,33.735241,57193
410400,2023,113.307718,33.735241,55057
410400,2024,113.307718,33.735241,57819
410500,2009,114.352482,36.103442,21578
410500,2010,114.352482,36.103442,25330
410500,2011,114.352482,36.103442,28806
410500,2012,114.352482,36.103442,30624
410500,2013,114.352482,36.103442,27968
410500,2014,114.352482,36.103442,35210
410500,2015,114.352482,36.103442,36828
410500,2016,114.352482,36.103442,39603
410500,2017,114.352482,36.103442,43846
410500,2018,114.352482,36.103442,46450
410500,2019,114.352482,36.103442,43003
410500,2020,114.352482,36.103442,42185
410500,2021,114.352482,36.103442,44690
410500,2022,114.352482,36.103442,46350
410500,2023,114.352482,36.103442,46070
410500,2024,114.352482,36.103442,49620
410600,2009,114.295444,35.748236,25370
410600,2010,114.295444,35.748236,28531
410600,2011,114.295444,35.748236,31763
410600,2012,114.295444,35.748236,34456
410600,2013,114.295444,35.748236,37477
410600,2014,114.295444,35.748236,42550
410600,2015,114.295444,35.748236,44778
410600,2016,114.295444,35.748236,47940
410600,2017,114.295444,35.748236,51168
410600,2018,114.295444,35.748236,53063
410600,2019,114.295444,35.748236,60672
410600,2020,114.295444,35.748236,62736
410600,2021,114.295444,35.748236,67803
410600,2022,114.295444,35.748236,70422
410600,2023,114.295444,35.748236,65807
410600,2024,114.295444,35.748236,69996
410700,2009,113.883991,35.302616,17992
410700,2010,113.883991,35.302616,21196
410700,2011,113.883991,35.302616,26198
410700,2012,113.883991,35.302616,28598
410700,2013,113.883991,35.302616,28258
410700,2014,113.883991,35.302616,33699
410700,2015,113.883991,35.302616,34340
410700,2016,113.883991,35.302616,37805
410700,2017,113.883991,35.302616,40962
410700,2018,113.883991,35.302616,43700
410700,2019,113.883991,35.302616,50277
410700,2020,113.883991,35.302616,48229
410700,2021,113.883991,35.302616,52028
410700,2022,113.883991,35.302616,56156
410700,2023,113.883991,35.302616,54473
410700,2024,113.883991,35.302616,58338
410800,2009,113.238266,35.23904,31356
410800,2010,113.238266,35.23904,35767
410800,2011,113.238266,35.23904,40809
410800,2012,113.238266,35.23904,44029
410800,2013,113.238266,35.23904,46396
410800,2014,113.238266,35.23904,52421
410800,2015,113.238266,35.23904,54590
410800,2016,113.238266,35.23904,59183
410800,2017,113.238266,35.23904,64173
410800,2018,113.238266,35.23904,66328
410800,2019,113.238266,35.23904,76827
410800,2020,113.238266,35.23904,60384
410800,2021,113.238266,35.23904,60643
410800,2022,113.238266,35.23904,63434
410800,2023,113.238266,35.23904,63437
410800,2024,113.238266,35.23904,67538
410900,2009,115.041299,35.768234,18855
410900,2010,115.041299,35.768234,21787
410900,2011,115.041299,35.768234,25066
410900,2012,115.041299,35.768234,27654
410900,2013,115.041299,35.768234,27110
410900,2014,115.041299,35.768234,34895
410900,2015,115.041299,35.768234,36842
410900,2016,115.041299,35.768234,40059
410900,2017,115.041299,35.768234,43638
410900,2018,115.041299,35.768234,45644
410900,2019,115.041299,35.768234,43810
410900,2020,115.041299,35.768234,43908
410900,2021,115.041299,35.768234,47131
410900,2022,115.041299,35.768234,50475
410900,2023,115.041299,35.768234,49722
410900,2024,115.041299,35.768234,54615
411000,2009,113.826063,34.022956,26227
411000,2010,113.826063,34.022956,30536
411000,2011,113.826063,34.022956,36924
411000,2012,113.826063,34.022956,39947
411000,2013,113.826063,34.022956,37626
411000,2014,113.826063,34.022956,48471
411000,2015,113.826063,34.022956,50162
411000,2016,113.826063,34.022956,54522
411000,2017,113.826063,34.022956,59911
411000,2018,113.826063,34.022956,63996
411000,2019,113.826063,34.022956,63996
411000,2020,113.826063,34.022956,78875
411000,2021,113.826063,34.022956,83415
411000,2022,113.826063,34.022956,85515
411000,2023,113.826063,34.022956,73897
411000,2024,113.826063,34.022956,78744
411100,2009,114.026405,33.575855,23777
411100,2010,114.026405,33.575855,26974
411100,2011,114.026405,33.575855,29487
411100,2012,114.026405,33.575855,31211
411100,2013,114.026405,33.575855,31443
411100,2014,114.026405,33.575855,36671
411100,2015,114.026405,33.575855,37987
411100,2016,114.026405,33.575855,41138
411100,2017,114.026405,33.575855,44086
411100,2018,114.026405,33.575855,46530
411100,2019,114.026405,33.575855,59190
411100,2020,114.026405,33.575855,66239
411100,2021,114.026405,33.575855,72560
411100,2022,114.026405,33.575855,76493
411100,2023,114.026405,33.575855,74491
411100,2024,114.026405,33.575855,79383
411200,2009,111.194099,34.777338,31587
411200,2010,111.194099,34.777338,39176
411200,2011,111.194099,34.777338,46049
411200,2012,111.194099,34.777338,50408
411200,2013,111.194099,34.777338,52515
411200,2014,111.194099,34.777338,55259
411200,2015,111.194099,34.777338,55681
411200,2016,111.194099,34.777338,58894
411200,2017,111.194099,34.777338,63977
411200,2018,111.194099,34.777338,67294
411200,2019,111.194099,34.777338,63473
411200,2020,111.194099,34.777338,71541
411200,2021,111.194099,34.777338,77701
411200,2022,111.194099,34.777338,82276
411200,2023,111.194099,34.777338,79875
411200,2024,111.194099,34.777338,80392
411300,2009,112.540918,32.999082,16997
411300,2010,112.540918,32.999082,19145
411300,2011,112.540918,32.999082,21590
411300,2012,112.540918,32.999082,23086
411300,2013,112.540918,32.999082,21343
411300,2014,112.540918,32.999082,26651
411300,2015,112.540918,32.999082,28653
411300,2016,112.540918,32.999082,31010
411300,2017,112.540918,32.999082,33255
411300,2018,112.540918,32.999082,35519
411300,2019,112.540918,32.999082,38064
411300,2020,112.540918,32.999082,40315
411300,2021,112.540918,32.999082,44894
411300,2022,112.540918,32.999082,47344
411300,2023,112.540918,32.999082,47846
411300,2024,112.540918,32.999082,51492
411400,2009,115.650497,34.437054,12779
411400,2010,115.650497,34.437054,15085
411400,2011,115.650497,34.437054,17779
411400,2012,115.650497,34.437054,19029
411400,2013,115.650497,34.437054,16312
411400,2014,115.650497,34.437054,23359
411400,2015,115.650497,34.437054,24940
411400,2016,115.650497,34.437054,27332
411400,2017,115.650497,34.437054,30117
411400,2018,115.650497,34.437054,32673
411400,2019,115.650497,34.437054,39719
411400,2020,115.650497,34.437054,37443
411400,2021,115.650497,34.437054,39678
411400,2022,115.650497,34.437054,42227
411400,2023,115.650497,34.437054,40403
411400,2024,115.650497,34.437054,42808
411500,2009,114.075031,32.123274,13780
411500,2010,114.075031,32.123274,16936
411500,2011,114.075031,32.123274,20603
411500,2012,114.075031,32.123274,22347
411500,2013,114.075031,32.123274,18386
411500,2014,114.075031,32.123274,27490
411500,2015,114.075031,32.123274,30157
411500,2016,114.075031,32.123274,31733
411500,2017,114.075031,32.123274,34025
411500,2018,114.075031,32.123274,36941
411500,2019,114.075031,32.123274,42641
411500,2020,114.075031,32.123274,44922
411500,2021,114.075031,32.123274,49345
411500,2022,114.075031,32.123274,51752
411500,2023,114.075031,32.123274,48459
411500,2024,114.075031,32.123274,51010
411600,2009,114.649653,33.620357,10649
411600,2010,114.649653,33.620357,12944
411600,2011,114.649653,33.620357,15734
411600,2012,114.649653,33.620357,17734
411600,2013,114.649653,33.620357,15832
411600,2014,114.649653,33.620357,22651
411600,2015,114.649653,33.620357,23728
411600,2016,114.649653,33.620357,25682
411600,2017,114.649653,33.620357,27978
411600,2018,114.649653,33.620357,30817
411600,2019,114.649653,33.620357,36891
411600,2020,114.649653,33.620357,36214
411600,2021,114.649653,33.620357,39126
411600,2022,114.649653,33.620357,40951
411600,2023,114.649653,33.620357,38134
411600,2024,114.649653,33.620357,42038
411700,2009,114.024736,32.980169,11708
411700,2010,114.024736,32.980169,14117
411700,2011,114.024736,32.980169,17396
411700,2012,114.024736,32.980169,19592
411700,2013,114.024736,32.980169,17210
411700,2014,114.024736,32.980169,24461
411700,2015,114.024736,32.980169,27001
411700,2016,114.024736,32.980169,28305
411700,2017,114.024736,32.980169,31102
411700,2018,114.024736,32.980169,33770
411700,2019,114.024736,32.980169,38943
411700,2020,114.024736,32.980169,40710
411700,2021,114.024736,32.980169,44266
411700,2022,114.024736,32.980169,47136
411700,2023,114.024736,32.980169,45333
411700,2024,114.024736,32.980169,49610
420100,2009,114.298572,30.584355,51144
420100,2010,114.298572,30.584355,58961
420100,2011,114.298572,30.584355,68315
420100,2012,114.298572,30.584355,79482
420100,2013,114.298572,30.584355,110113
420100,2014,114.298572,30.584355,98000
420100,2015,114.298572,30.584355,104132
420100,2016,114.298572,30.584355,111469
420100,2017,114.298572,30.584355,123831
420100,2018,114.298572,30.584355,135136
420100,2019,114.298572,30.584355,145545
420100,2020,114.298572,30.584355,131441
420100,2021,114.298572,30.584355,135251
420100,2022,114.298572,30.584355,137772
420100,2023,114.298572,30.584355,145471
420100,2024,114.298572,30.584355,153037
420200,2009,115.077048,30.220074,23560
420200,2010,115.077048,30.220074,28427
420200,2011,115.077048,30.220074,38074
420200,2012,115.077048,30.220074,42703
420200,2013,115.077048,30.220074,43589
420200,2014,115.077048,30.220074,49796
420200,2015,115.077048,30.220074,50053
420200,2016,115.077048,30.220074,53033
420200,2017,115.077048,30.220074,59943
420200,2018,115.077048,30.220074,64249
420200,2019,115.077048,30.220074,71511
420200,2020,115.077048,30.220074,66446
420200,2021,115.077048,30.220074,75943
420200,2022,115.077048,30.220074,83526
420200,2023,115.077048,30.220074,86371
420200,2024,115.077048,30.220074,94601
420300,2009,110.785239,32.647017,17015
420300,2010,110.785239,32.647017,21267
420300,2011,110.785239,32.647017,25427
420300,2012,110.785239,32.647017,28471
420300,2013,110.785239,32.647017,31141
420300,2014,110.785239,32.647017,35604
420300,2015,110.785239,32.647017,38431
420300,2016,110.785239,32.647017,42083
420300,2017,110.785239,32.647017,47820
420300,2018,110.785239,32.647017,51226
420300,2019,110.785239,32.647017,59163
420300,2020,110.785239,32.647017,58304
420300,2021,110.785239,32.647017,67973
420300,2022,110.785239,32.647017,72882
420300,2023,110.785239,32.647017,74660
420300,2024,110.785239,32.647017,81515
420500,2009,111.290843,30.702636,31476
420500,2010,111.290843,30.702636,38181
420500,2011,111.290843,30.702636,52673
420500,2012,111.290843,30.702636,61517
420500,2013,111.290843,30.702636,70452
420500,2014,111.290843,30.702636,76369
420500,2015,111.290843,30.702636,82360
420500,2016,111.290843,30.702636,89978
420500,2017,111.290843,30.702636,93331
420500,2018,111.290843,30.702636,98269
420500,2019,111.290843,30.702636,107830
420500,2020,111.290843,30.702636,104807
420500,2021,111.290843,30.702636,127091
420500,2022,111.290843,30.702636,140552
420500,2023,111.290843,30.702636,146771
420500,2024,111.290843,30.702636,157725
420600,2009,112.144146,32.042426,22071
420600,2010,112.144146,32.042426,27969
420600,2011,112.144146,32.042426,38671
420600,2012,112.144146,32.042426,45167
420600,2013,112.144146,32.042426,47294
420600,2014,112.144146,32.042426,55924
420600,2015,112.144146,32.042426,60319
420600,2016,112.144146,32.042426,65663
420600,2017,112.144146,32.042426,71990
420600,2018,112.144146,32.042426,76125
420600,2019,112.144146,32.042426,84815
420600,2020,112.144146,32.042426,84773
420600,2021,112.144146,32.042426,100824
420600,2022,112.144146,32.042426,110510
420600,2023,112.144146,32.042426,110719
420600,2024,112.144146,32.042426,115596
420700,2009,114.890593,30.396536,31310
420700,2010,114.890593,30.396536,37943
420700,2011,114.890593,30.396536,46756
420700,2012,114.890593,30.396536,53192
420700,2013,114.890593,30.396536,57358
420700,2014,114.890593,30.396536,64851
420700,2015,114.890593,30.396536,68921
420700,2016,114.890593,30.396536,74983
420700,2017,114.890593,30.396536,84452
420700,2018,114.890593,30.396536,93317
420700,2019,114.890593,30.396536,106678
420700,2020,114.890593,30.396536,93986
420700,2021,114.890593,30.396536,107968
420700,2022,114.890593,30.396536,118133
420700,2023,114.890593,30.396536,118133
420700,2024,114.890593,30.396536,125063
420800,2009,112.204251,31.03542,21074
420800,2010,112.204251,31.03542,25509
420800,2011,112.204251,31.03542,32765
420800,2012,112.204251,31.03542,37649
420800,2013,112.204251,31.03542,39954
420800,2014,112.204251,31.03542,45378
420800,2015,112.204251,31.03542,48000
420800,2016,112.204251,31.03542,52470
420800,2017,112.204251,31.03542,57357
420800,2018,112.204251,31.03542,63742
420800,2019,112.204251,31.03542,70203
420800,2020,112.204251,31.03542,70162
420800,2021,112.204251,31.03542,83441
420800,2022,112.204251,31.03542,86407
420800,2023,112.204251,31.03542,89150
420800,2024,112.204251,31.03542,96445
420900,2009,113.926655,30.926423,14366
420900,2010,113.926655,30.926423,16630
420900,2011,113.926655,30.926423,19880
420900,2012,113.926655,30.926423,20934
420900,2013,113.926655,30.926423,23509
420900,2014,113.926655,30.926423,27891
420900,2015,113.926655,30.926423,29924
420900,2016,113.926655,30.926423,32236
420900,2017,113.926655,30.926423,35486
420900,2018,113.926655,30.926423,38900
420900,2019,113.926655,30.926423,46772
420900,2020,113.926655,30.926423,51367
420900,2021,113.926655,30.926423,60556
420900,2022,113.926655,30.926423,66299
420900,2023,113.926655,30.926423,69873
420900,2024,113.926655,30.926423,78108
421000,2009,112.23813,30.326857,10962
421000,2010,112.23813,30.326857,14707
421000,2011,112.23813,30.326857,18288
421000,2012,112.23813,30.326857,20912
421000,2013,112.23813,30.326857,20196
421000,2014,112.23813,30.326857,25774
421000,2015,112.23813,30.326857,27875
421000,2016,112.23813,30.326857,30305
421000,2017,112.23813,30.326857,33902
421000,2018,112.23813,30.326857,37247
421000,2019,112.23813,30.326857,45097
421000,2020,112.23813,30.326857,44143
421000,2021,112.23813,30.326857,52735
421000,2022,112.23813,30.326857,58577
421000,2023,112.23813,30.326857,61369
421000,2024,112.23813,30.326857,68350
421100,2009,114.879365,30.447711,10928
421100,2010,114.879365,30.447711,13421
421100,2011,114.879365,30.447711,16908
421100,2012,114.879365,30.447711,19220
421100,2013,114.879365,30.447711,17767
421100,2014,114.879365,30.447711,23128
421100,2015,114.879365,30.447711,25262
421100,2016,114.879365,30.447711,27373
421100,2017,114.879365,30.447711,30356
421100,2018,114.879365,30.447711,32124
421100,2019,114.879365,30.447711,36685
421100,2020,114.879365,30.447711,35784
421100,2021,114.879365,30.447711,43550
421100,2022,114.879365,30.447711,47466
421100,2023,114.879365,30.447711,49812
421100,2024,114.879365,30.447711,55533
421200,2009,114.328963,29.832798,16101
421200,2010,114.328963,29.832798,21129
421200,2011,114.328963,29.832798,26448
421200,2012,114.328963,29.832798,30791
421200,2013,114.328963,29.832798,28974
421200,2014,114.328963,29.832798,38770
421200,2015,114.328963,29.832798,41234
421200,2016,114.328963,29.832798,44027
421200,2017,114.328963,29.832798,48798
421200,2018,114.328963,29.832798,53655
421200,2019,114.328963,29.832798,62650
421200,2020,114.328963,29.832798,58319
421200,2021,114.328963,29.832798,66194
421200,2022,114.328963,29.832798,71732
421200,2023,114.328963,29.832798,69634
421200,2024,114.328963,29.832798,74665
421300,2009,113.37377,31.717497,15531
421300,2010,113.37377,31.717497,18381
421300,2011,113.37377,31.717497,23914
421300,2012,113.37377,31.717497,27163
421300,2013,113.37377,31.717497,25657
421300,2014,113.37377,31.717497,33156
421300,2015,113.37377,31.717497,35900
421300,2016,113.37377,31.717497,38801
421300,2017,113.37377,31.717497,42414
421300,2018,113.37377,31.717497,45681
421300,2019,113.37377,31.717497,52380
421300,2020,113.37377,31.717497,54474
421300,2021,113.37377,31.717497,61102
421300,2022,113.37377,31.717497,65956
421300,2023,113.37377,31.717497,66254
421300,2024,113.37377,31.717497,71981
430100,2009,112.982279,28.19409,56620
430100,2010,112.982279,28.19409,66443
430100,2011,112.982279,28.19409,79530
430100,2012,112.982279,28.19409,89903
430100,2013,112.982279,28.19409,107890
430100,2014,112.982279,28.19409,107683
430100,2015,112.982279,28.19409,115443
430100,2016,112.982279,28.19409,124122
430100,2017,112.982279,28.19409,131207
430100,2018,112.982279,28.19409,136920
430100,2019,112.982279,28.19409,139877
430100,2020,112.982279,28.19409,123297
430100,2021,112.982279,28.19409,130745
430100,2022,112.982279,28.19409,135200
430100,2023,112.982279,28.19409,136927
430100,2024,112.982279,28.19409,144525
430200,2009,113.151737,27.835806,27536
430200,2010,113.151737,27.835806,33604
430200,2011,113.151737,27.835806,40431
430200,2012,113.151737,27.835806,45235
430200,2013,113.151737,27.835806,48736
430200,2014,113.151737,27.835806,54741
430200,2015,113.151737,27.835806,58661
430200,2016,113.151737,27.835806,62081
430200,2017,113.151737,27.835806,62953
430200,2018,113.151737,27.835806,65442
430200,2019,113.151737,27.835806,74618
430200,2020,113.151737,27.835806,79581
430200,2021,113.151737,27.835806,87852
430200,2022,113.151737,27.835806,93284
430200,2023,113.151737,27.835806,94983
430200,2024,113.151737,27.835806,101497
430300,2009,112.925083,27.846725,26608
430300,2010,112.925083,27.846725,32321
430300,2011,112.925083,27.846725,40753
430300,2012,112.925083,27.846725,46249
430300,2013,112.925083,27.846725,49761
430300,2014,112.925083,27.846725,55968
430300,2015,112.925083,27.846725,60430
430300,2016,112.925083,27.846725,65946
430300,2017,112.925083,27.846725,70481
430300,2018,112.925083,27.846725,75609
430300,2019,112.925083,27.846725,78575
430300,2020,112.925083,27.846725,85911
430300,2021,112.925083,27.846725,93793
430300,2022,112.925083,27.846725,99702
430300,2023,112.925083,27.846725,101474
430300,2024,112.925083,27.846725,109663
430400,2009,112.607693,26.900358,17299
430400,2010,112.607693,26.900358,20419
430400,2011,112.607693,26.900358,24231
430400,2012,112.607693,26.900358,27258
430400,2013,112.607693,26.900358,27601
430400,2014,112.607693,26.900358,32934
430400,2015,112.607693,26.900358,35538
430400,2016,112.607693,26.900358,39020
430400,2017,112.607693,26.900358,40321
430400,2018,112.607693,26.900358,42163
430400,2019,112.607693,26.900358,46379
430400,2020,112.607693,26.900358,52550
430400,2021,112.607693,26.900358,57909
430400,2022,112.607693,26.900358,61973
430400,2023,112.607693,26.900358,64108
430400,2024,112.607693,26.900358,69470
430500,2009,111.46923,27.237842,8857
430500,2010,111.46923,27.237842,10468
430500,2011,111.46923,27.237842,12797
430500,2012,111.46923,27.237842,14406
430500,2013,111.46923,27.237842,13986
430500,2014,111.46923,27.237842,17498
430500,2015,111.46923,27.237842,19156
430500,2016,111.46923,27.237842,20987
430500,2017,111.46923,27.237842,22148
430500,2018,111.46923,27.237842,24178
430500,2019,111.46923,27.237842,29339
430500,2020,111.46923,27.237842,34293
430500,2021,111.46923,27.237842,37783
430500,2022,111.46923,27.237842,40341
430500,2023,111.46923,27.237842,42757
430500,2024,111.46923,27.237842,46234
430600,2009,113.132855,29.37029,24542
430600,2010,113.132855,29.37029,28110
430600,2011,113.132855,29.37029,34629
430600,2012,113.132855,29.37029,39968
430600,2013,113.132855,29.37029,43491
430600,2014,113.132855,29.37029,47862
430600,2015,113.132855,29.37029,51429
430600,2016,113.132855,29.37029,54832
430600,2017,113.132855,29.37029,54663
430600,2018,113.132855,29.37029,59165
430600,2019,113.132855,29.37029,65357
430600,2020,113.132855,29.37029,78868
430600,2021,113.132855,29.37029,87268
430600,2022,113.132855,29.37029,93654
430600,2023,113.132855,29.37029,96749
430600,2024,113.132855,29.37029,102770
430700,2009,111.691347,29.040225,22496
430700,2010,111.691347,29.040225,26551
430700,2011,111.691347,29.040225,31644
430700,2012,111.691347,29.040225,35475
430700,2013,111.691347,29.040225,37314
430700,2014,111.691347,29.040225,43215
430700,2015,111.691347,29.040225,46408
430700,2016,111.691347,29.040225,50543
430700,2017,111.691347,29.040225,53038
430700,2018,111.691347,29.040225,58160
430700,2019,111.691347,29.040225,62493
430700,2020,111.691347,29.040225,70496
430700,2021,111.691347,29.040225,77118
430700,2022,111.691347,29.040225,81798
430700,2023,111.691347,29.040225,84342
430700,2024,111.691347,29.040225,87542
430800,2009,110.479921,29.127401,13517
430800,2010,110.479921,29.127401,16238
430800,2011,110.479921,29.127401,20082
430800,2012,110.479921,29.127401,22658
430800,2013,110.479921,29.127401,21383
430800,2014,110.479921,29.127401,27051
430800,2015,110.479921,29.127401,29425
430800,2016,110.479921,29.127401,32300
430800,2017,110.479921,29.127401,35170
430800,2018,110.479921,29.127401,37719
430800,2019,110.479921,29.127401,35767
430800,2020,110.479921,29.127401,36708
430800,2021,110.479921,29.127401,38333
430800,2022,110.479921,29.127401,39306
430800,2023,110.479921,29.127401,40920
430800,2024,110.479921,29.127401,43864
430900,2009,112.355042,28.570066,14071
430900,2010,112.355042,28.570066,16839
430900,2011,112.355042,28.570066,20496
430900,2012,112.355042,28.570066,23572
430900,2013,112.355042,28.570066,23399
430900,2014,112.355042,28.570066,28596
430900,2015,112.355042,28.570066,30776
430900,2016,112.355042,28.570066,33772
430900,2017,112.355042,28.570066,36494
430900,2018,112.355042,28.570066,39937
430900,2019,112.355042,28.570066,40578
430900,2020,112.355042,28.570066,47784
430900,2021,112.355042,28.570066,52597
430900,2022,112.355042,28.570066,55318
430900,2023,112.355042,28.570066,56567
430900,2024,112.355042,28.570066,60530
431000,2009,113.032067,25.793589,19059
431000,2010,113.032067,25.793589,24015
431000,2011,113.032067,25.793589,29305
431000,2012,113.032067,25.793589,32848
431000,2013,113.032067,25.793589,32920
431000,2014,113.032067,25.793589,39999
431000,2015,113.032067,25.793589,42682
431000,2016,113.032067,25.793589,46691
431000,2017,113.032067,25.793589,46134
431000,2018,113.032067,25.793589,50482
431000,2019,113.032067,25.793589,50760
431000,2020,113.032067,25.793589,53581
431000,2021,113.032067,25.793589,59342
431000,2022,113.032067,25.793589,64132
431000,2023,113.032067,25.793589,67347
431000,2024,113.032067,25.793589,72514
431100,2009,111.608019,26.434516,12471
431100,2010,111.608019,26.434516,14874
431100,2011,111.608019,26.434516,18168
431100,2012,111.608019,26.434516,20239
431100,2013,111.608019,26.434516,18868
431100,2014,111.608019,26.434516,24295
431100,2015,111.608019,26.434516,26222
431100,2016,111.608019,26.434516,28744
431100,2017,111.608019,26.434516,30199
431100,2018,111.608019,26.434516,33035
431100,2019,111.608019,26.434516,37013
431100,2020,111.608019,26.434516,38013
431100,2021,111.608019,26.434516,43122
431100,2022,111.608019,26.434516,46647
431100,2023,111.608019,26.434516,48842
431100,2024,111.608019,26.434516,53346
431200,2009,109.97824,27.550082,12041
431200,2010,109.97824,27.550082,14371
431200,2011,109.97824,27.550082,17816
431200,2012,109.97824,27.550082,21018
431200,2013,109.97824,27.550082,21702
431200,2014,109.97824,27.550082,24368
431200,2015,109.97824,27.550082,26060
431200,2016,109.97824,27.550082,28515
431200,2017,109.97824,27.550082,28366
431200,2018,109.97824,27.550082,30449
431200,2019,109.97824,27.550082,32453
431200,2020,109.97824,27.550082,36365
431200,2021,109.97824,27.550082,39767
431200,2022,109.97824,27.550082,41357
431200,2023,109.97824,27.550082,43335
431200,2024,109.97824,27.550082,47116
431300,2009,112.008497,27.728136,14454
431300,2010,112.008497,27.728136,17569
431300,2011,112.008497,27.728136,22362
431300,2012,112.008497,27.728136,26367
431300,2013,112.008497,27.728136,25471
431300,2014,112.008497,27.728136,31509
431300,2015,112.008497,27.728136,33444
431300,2016,112.008497,27.728136,36058
431300,2017,112.008497,27.728136,36145
431300,2018,112.008497,27.728136,39249
431300,2019,112.008497,27.728136,41675
431300,2020,112.008497,27.728136,43913
431300,2021,112.008497,27.728136,47893
431300,2022,112.008497,27.728136,51065
431300,2023,112.008497,27.728136,53056
431300,2024,112.008497,27.728136,57064
440100,2009,113.280637,23.125178,89082
440100,2010,113.280637,23.125178,103625
440100,2011,113.280637,23.125178,97588
440100,2012,113.280637,23.125178,105909
440100,2013,113.280637,23.125178,185338
440100,2014,113.280637,23.125178,128478
440100,2015,113.280637,23.125178,136188
440100,2016,113.280637,23.125178,141933
440100,2017,113.280637,23.125178,150678
440100,2018,113.280637,23.125178,155491
440100,2019,113.280637,23.125178,156427
440100,2020,113.280637,23.125178,135047
440100,2021,113.280637,23.125178,150366
440100,2022,113.280637,23.125178,153625
440100,2023,113.280637,23.125178,161634
440100,2024,113.280637,23.125178,164171
440200,2009,113.591544,24.801322,19549
440200,2010,113.591544,24.801322,22995
440200,2011,113.591544,24.801322,28760
440200,2012,113.591544,24.801322,31702
440200,2013,113.591544,24.801322,30795
440200,2014,113.591544,24.801322,38386
440200,2015,113.591544,24.801322,39380
440200,2016,113.591544,24.801322,41388
440200,2017,113.591544,24.801322,41961
440200,2018,113.591544,24.801322,44971
440200,2019,113.591544,24.801322,43743
440200,2020,113.591544,24.801322,47441
440200,2021,113.591544,24.801322,54377
440200,2022,113.591544,24.801322,54664
440200,2023,113.591544,24.801322,56677
440200,2024,113.591544,24.801322,57682
440300,2009,114.085947,22.547,92772
440300,2010,114.085947,22.547,106880
440300,2011,114.085947,22.547,110421
440300,2012,114.085947,22.547,123247
440300,2013,114.085947,22.547,124208
440300,2014,114.085947,22.547,149495
440300,2015,114.085947,22.547,157985
440300,2016,114.085947,22.547,167411
440300,2017,114.085947,22.547,183544
440300,2018,114.085947,22.547,189568
440300,2019,114.085947,22.547,203489
440300,2020,114.085947,22.547,159309
440300,2021,114.085947,22.547,173663
440300,2022,114.085947,22.547,183274
440300,2023,114.085947,22.547,195230
440300,2024,114.085947,22.547,205714
440400,2009,113.552724,22.255899,69890
440400,2010,113.552724,22.255899,80697
440400,2011,113.552724,22.255899,89794
440400,2012,113.552724,22.255899,95471
440400,2013,113.552724,22.255899,152512
440400,2014,113.552724,22.255899,116537
440400,2015,113.552724,22.255899,124706
440400,2016,113.552724,22.255899,134546
440400,2017,113.552724,22.255899,155502
440400,2018,113.552724,22.255899,159428
440400,2019,113.552724,22.255899,175533
440400,2020,113.552724,22.255899,145645
440400,2021,113.552724,22.255899,157914
440400,2022,113.552724,22.255899,163654
440400,2023,113.552724,22.255899,170306
440400,2024,113.552724,22.255899,178712
440500,2009,116.708463,23.37102,20385
440500,2010,116.708463,23.37102,23600
440500,2011,116.708463,23.37102,23596
440500,2012,116.708463,23.37102,26231
440500,2013,116.708463,23.37102,28998
440500,2014,116.708463,23.37102,31201
440500,2015,116.708463,23.37102,33732
440500,2016,116.708463,23.37102,37390
440500,2017,116.708463,23.37102,42029
440500,2018,116.708463,23.37102,44672
440500,2019,116.708463,23.37102,47669
440500,2020,116.708463,23.37102,49661
440500,2021,116.708463,23.37102,53106
440500,2022,116.708463,23.37102,54504
440500,2023,116.708463,23.37102,56910
440500,2024,116.708463,23.37102,56911
440600,2009,113.122717,23.028762,80686
440600,2010,113.122717,23.028762,93983
440600,2011,113.122717,23.028762,91202
440600,2012,113.122717,23.028762,91259
440600,2013,113.122717,23.028762,87194
440600,2014,113.122717,23.028762,101617
440600,2015,113.122717,23.028762,108299
440600,2016,113.122717,23.028762,115891
440600,2017,113.122717,23.028762,124324
440600,2018,113.122717,23.028762,127691
440600,2019,113.122717,23.028762,133850
440600,2020,113.122717,23.028762,114157
440600,2021,113.122717,23.028762,127085
440600,2022,113.122717,23.028762,132517
440600,2023,113.122717,23.028762,138526
440600,2024,113.122717,23.028762,138363
440700,2009,113.094942,22.590431,32139
440700,2010,113.094942,22.590431,37313
440700,2011,113.094942,22.590431,41063
440700,2012,113.094942,22.590431,42028
440700,2013,113.094942,22.590431,50895
440700,2014,113.094942,22.590431,46237
440700,2015,113.094942,22.590431,49608
440700,2016,113.094942,22.590431,53374
440700,2017,113.094942,22.590431,59089
440700,2018,113.094942,22.590431,63328
440700,2019,113.094942,22.590431,68194
440700,2020,113.094942,22.590431,66984
440700,2021,113.094942,22.590431,74722
440700,2022,113.094942,22.590431,78146
440700,2023,113.094942,22.590431,83409
440700,2024,113.094942,22.590431,87303
440800,2009,110.405529,21.195338,16647
440800,2010,110.405529,21.195338,20081
440800,2011,110.405529,21.195338,24163
440800,2012,110.405529,21.195338,24531
440800,2013,110.405529,21.195338,25622
440800,2014,110.405529,21.195338,31420
440800,2015,110.405529,21.195338,32933
440800,2016,110.405529,21.195338,35612
440800,2017,110.405529,21.195338,38508
440800,2018,110.405529,21.195338,41107
440800,2019,110.405529,21.195338,41720
440800,2020,110.405529,21.195338,44408
440800,2021,110.405529,21.195338,50814
440800,2022,110.405529,21.195338,52787
440800,2023,110.405529,21.195338,53757
440800,2024,110.405529,21.195338,54087
440900,2009,110.919229,21.659751,19979
440900,2010,110.919229,21.659751,23961
440900,2011,110.919229,21.659751,29811
440900,2012,110.919229,21.659751,32678
440900,2013,110.919229,21.659751,28498
440900,2014,110.919229,21.659751,38951
440900,2015,110.919229,21.659751,40324
440900,2016,110.919229,21.659751,43211
440900,2017,110.919229,21.659751,47116
440900,2018,110.919229,21.659751,49406
440900,2019,110.919229,21.659751,51119
440900,2020,110.919229,21.659751,53311
440900,2021,110.919229,21.659751,59648
440900,2022,110.919229,21.659751,62685
440900,2023,110.919229,21.659751,63844
440900,2024,110.919229,21.659751,65020
441200,2009,112.472529,23.051546,22415
441200,2010,112.472529,23.051546,27836
441200,2011,112.472529,23.051546,33642
441200,2012,112.472529,23.051546,36864
441200,2013,112.472529,23.051546,38606
441200,2014,112.472529,23.051546,45795
441200,2015,112.472529,23.051546,48670
441200,2016,112.472529,23.051546,51178
441200,2017,112.472529,23.051546,51464
441200,2018,112.472529,23.051546,53267
441200,2019,112.472529,23.051546,53936
441200,2020,112.472529,23.051546,56318
441200,2021,112.472529,23.051546,64269
441200,2022,112.472529,23.051546,65513
441200,2023,112.472529,23.051546,67614
441200,2024,112.472529,23.051546,70603
441300,2009,114.412599,23.079404,35819
441300,2010,114.412599,23.079404,43397
441300,2011,114.412599,23.079404,45331
441300,2012,114.412599,23.079404,50873
441300,2013,114.412599,23.079404,78086
441300,2014,114.412599,23.079404,63657
441300,2015,114.412599,23.079404,66231
441300,2016,114.412599,23.079404,71605
441300,2017,114.412599,23.079404,80205
441300,2018,114.412599,23.079404,85418
441300,2019,114.412599,23.079404,86043
441300,2020,114.412599,23.079404,70191
441300,2021,114.412599,23.079404,82113
441300,2022,114.412599,23.079404,89157
441300,2023,114.412599,23.079404,93036
441300,2024,114.412599,23.079404,100677
441400,2009,116.117582,24.299112,12558
441400,2010,116.117582,24.299112,14736
441400,2011,116.117582,24.299112,16623
441400,2012,116.117582,24.299112,17425
441400,2013,116.117582,24.299112,15238
441400,2014,116.117582,24.299112,20529
441400,2015,116.117582,24.299112,22155
441400,2016,116.117582,24.299112,24032
441400,2017,116.117582,24.299112,24623
441400,2018,116.117582,24.299112,25367
441400,2019,116.117582,24.299112,27096
441400,2020,116.117582,24.299112,31011
441400,2021,116.117582,24.299112,33764
441400,2022,116.117582,24.299112,34085
441400,2023,116.117582,24.299112,36549
441400,2024,116.117582,24.299112,39221
441500,2009,115.364238,22.774485,13363
441500,2010,115.364238,22.774485,15787
441500,2011,115.364238,22.774485,18682
441500,2012,115.364238,22.774485,20608
441500,2013,115.364238,22.774485,19030
441500,2014,115.364238,22.774485,23928
441500,2015,115.364238,22.774485,25283
441500,2016,115.364238,22.774485,27351
441500,2017,115.364238,22.774485,28628
441500,2018,115.364238,22.774485,30825
441500,2019,115.364238,22.774485,35958
441500,2020,115.364238,22.774485,41950
441500,2021,115.364238,22.774485,48095
441500,2022,115.364238,22.774485,49242
441500,2023,115.364238,22.774485,53252
441500,2024,115.364238,22.774485,55667
441600,2009,114.697802,23.746266,13928
441600,2010,114.697802,23.746266,16301
441600,2011,114.697802,23.746266,19505
441600,2012,114.697802,23.746266,20536
441600,2013,114.697802,23.746266,18846
441600,2014,114.697802,23.746266,25208
441600,2015,114.697802,23.746266,26401
441600,2016,114.697802,23.746266,29205
441600,2017,114.697802,23.746266,30659
441600,2018,114.697802,23.746266,32530
441600,2019,114.697802,23.746266,34842
441600,2020,114.697802,23.746266,38802
441600,2021,114.697802,23.746266,44886
441600,2022,114.697802,23.746266,45563
441600,2023,114.697802,23.746266,47472
441600,2024,114.697802,23.746266,49609
441700,2009,111.975107,21.859222,22130
441700,2010,111.975107,21.859222,26694
441700,2011,111.975107,21.859222,31490
441700,2012,111.975107,21.859222,36096
441700,2013,111.975107,21.859222,36485
441700,2014,111.975107,21.859222,46938
441700,2015,111.975107,21.859222,49894
441700,2016,111.975107,21.859222,50431
441700,2017,111.975107,21.859222,51720
441700,2018,111.975107,21.859222,52969
441700,2019,111.975107,21.859222,50412
441700,2020,111.975107,21.859222,52357
441700,2021,111.975107,21.859222,58005
441700,2022,111.975107,21.859222,58556
441700,2023,111.975107,21.859222,60294
441700,2024,111.975107,21.859222,62064
441800,2009,113.036779,23.704188,22797
441800,2010,113.036779,23.704188,28326
441800,2011,113.036779,23.704188,26957
441800,2012,113.036779,23.704188,27320
441800,2013,113.036779,23.704188,26660
441800,2014,113.036779,23.704188,31477
441800,2015,113.036779,23.704188,33392
441800,2016,113.036779,23.704188,36136
441800,2017,113.036779,23.704188,38135
441800,2018,113.036779,23.704188,40476
441800,2019,113.036779,23.704188,43770
441800,2020,113.036779,23.704188,44828
441800,2021,113.036779,23.704188,50459
441800,2022,113.036779,23.704188,51001
441800,2023,113.036779,23.704188,53188
441800,2024,113.036779,23.704188,56498
441900,2009,113.760234,23.048884,56601
441900,2010,113.760234,23.048884,66351
441900,2011,113.760234,23.048884,57470
441900,2012,113.760234,23.048884,58804
441900,2013,113.760234,23.048884,60843
441900,2014,113.760234,23.048884,70605
441900,2015,113.760234,23.048884,75616
441900,2016,113.760234,23.048884,82682
441900,2017,113.760234,23.048884,91329
441900,2018,113.760234,23.048884,98939
441900,2019,113.760234,23.048884,112507
441900,2020,113.760234,23.048884,92176
441900,2021,113.760234,23.048884,103284
441900,2022,113.760234,23.048884,106803
441900,2023,113.760234,23.048884,109339
441900,2024,113.760234,23.048884,116661
442000,2009,113.382391,22.521113,62304
442000,2010,113.382391,22.521113,73348
442000,2011,113.382391,22.521113,70014
442000,2012,113.382391,22.521113,77527
442000,2013,113.382391,22.521113,67973
442000,2014,113.382391,22.521113,88682
442000,2015,113.382391,22.521113,94030
442000,2016,113.382391,22.521113,99471
442000,2017,113.382391,22.521113,105711
442000,2018,113.382391,22.521113,110585
442000,2019,113.382391,22.521113,92709
442000,2020,113.382391,22.521113,71478
442000,2021,113.382391,22.521113,80157
442000,2022,113.382391,22.521113,81950
442000,2023,113.382391,22.521113,86636
442000,2024,113.382391,22.521113,92558
445100,2009,116.632301,23.661701,18681
445100,2010,116.632301,23.661701,21663
445100,2011,116.632301,23.661701,24169
445100,2012,116.632301,23.661701,26252
445100,2013,116.632301,23.661701,29226
445100,2014,116.632301,23.661701,31302
445100,2015,116.632301,23.661701,33954
445100,2016,116.632301,23.661701,36956
445100,2017,116.632301,23.661701,38241
445100,2018,116.632301,23.661701,40219
445100,2019,116.632301,23.661701,40664
445100,2020,116.632301,23.661701,42605
445100,2021,116.632301,23.661701,48427
445100,2022,116.632301,23.661701,50988
445100,2023,116.632301,23.661701,52665
445100,2024,116.632301,23.661701,57455
445200,2009,116.355733,23.543778,14159
445200,2010,116.355733,23.543778,17373
445200,2011,116.355733,23.543778,20780
445200,2012,116.355733,23.543778,23532
445200,2013,116.355733,23.543778,23504
445200,2014,116.355733,23.543778,29600
445200,2015,116.355733,23.543778,31255
445200,2016,116.355733,23.543778,33027
445200,2017,116.355733,23.543778,32642
445200,2018,116.355733,23.543778,35358
445200,2019,116.355733,23.543778,34471
445200,2020,116.355733,23.543778,37495
445200,2021,116.355733,23.543778,40470
445200,2022,116.355733,23.543778,40192
445200,2023,116.355733,23.543778,43322
445200,2024,116.355733,23.543778,44632
445300,2009,112.044439,22.929801,14276
445300,2010,112.044439,22.929801,16391
445300,2011,112.044439,22.929801,20302
445300,2012,112.044439,22.929801,22539
445300,2013,112.044439,22.929801,20769
445300,2014,112.044439,22.929801,27252
445300,2015,112.044439,22.929801,29078
445300,2016,112.044439,22.929801,31502
445300,2017,112.044439,22.929801,32232
445300,2018,112.044439,22.929801,33747
445300,2019,112.044439,22.929801,36354
445300,2020,112.044439,22.929801,42047
445300,2021,112.044439,22.929801,47685
445300,2022,112.044439,22.929801,48538
445300,2023,112.044439,22.929801,50382
445300,2024,112.044439,22.929801,54619
450100,2009,108.320004,22.82402,21945
450100,2010,108.320004,22.82402,25622
450100,2011,108.320004,22.82402,31172
450100,2012,108.320004,22.82402,35133
450100,2013,108.320004,22.82402,38723
450100,2014,108.320004,22.82402,43303
450100,2015,108.320004,22.82402,49066
450100,2016,108.320004,22.82402,52723
450100,2017,108.320004,22.82402,57948
450100,2018,108.320004,22.82402,55901
450100,2019,108.320004,22.82402,61738
450100,2020,108.320004,22.82402,54669
450100,2021,108.320004,22.82402,58241
450100,2022,108.320004,22.82402,58883
450100,2023,108.320004,22.82402,61338
450100,2024,108.320004,22.82402,66940
450200,2009,109.411703,24.314617,28291
450200,2010,109.411703,24.314617,35230
450200,2011,109.411703,24.314617,41832
450200,2012,109.411703,24.314617,47795
450200,2013,109.411703,24.314617,54034
450200,2014,109.411703,24.314617,57049
450200,2015,109.411703,24.314617,58869
450200,2016,109.411703,24.314617,62855
450200,2017,109.411703,24.314617,69249
450200,2018,109.411703,24.314617,75945
450200,2019,109.411703,24.314617,77056
450200,2020,109.411703,24.314617,77148
450200,2021,109.411703,24.314617,73328
450200,2022,109.411703,24.314617,74322
450200,2023,109.411703,24.314617,74679
450200,2024,109.411703,24.314617,71104
450300,2009,110.299121,25.274215,18443
450300,2010,110.299121,25.274215,22842
450300,2011,110.299121,25.274215,23786
450300,2012,110.299121,25.274215,30849
450300,2013,110.299121,25.274215,31761
450300,2014,110.299121,25.274215,37288
450300,2015,110.299121,25.274215,39329
450300,2016,110.299121,25.274215,41216
450300,2017,110.299121,25.274215,40632
450300,2018,110.299121,25.274215,39507
450300,2019,110.299121,25.274215,41294
450300,2020,110.299121,25.274215,42424
450300,2021,110.299121,25.274215,46767
450300,2022,110.299121,25.274215,49196
450300,2023,110.299121,25.274215,50943
450300,2024,110.299121,25.274215,50912
450400,2009,111.316229,23.472309,14776
450400,2010,111.316229,23.472309,18567
450400,2011,111.316229,23.472309,25394
450400,2012,111.316229,23.472309,28523
450400,2013,111.316229,23.472309,29515
450400,2014,111.316229,23.472309,31293
450400,2015,111.316229,23.472309,36104
450400,2016,111.316229,23.472309,39072
450400,2017,111.316229,23.472309,44193
450400,2018,111.316229,23.472309,33774
450400,2019,111.316229,23.472309,32303
450400,2020,111.316229,23.472309,38214
450400,2021,111.316229,23.472309,48463
450400,2022,111.316229,23.472309,50185
450400,2023,111.316229,23.472309,52640
450400,2024,111.316229,23.472309,57325
450500,2009,109.119254,21.473343,20093
450500,2010,109.119254,21.473343,25412
450500,2011,109.119254,21.473343,32103
450500,2012,109.119254,21.473343,40418
450500,2013,109.119254,21.473343,43491
450500,2014,109.119254,21.473343,53603
450500,2015,109.119254,21.473343,55248
450500,2016,109.119254,21.473343,61580
450500,2017,109.119254,21.473343,74378
450500,2018,109.119254,21.473343,72581
450500,2019,109.119254,21.473343,76955
450500,2020,109.119254,21.473343,69373
450500,2021,109.119254,21.473343,80710
450500,2022,109.119254,21.473343,89211
450500,2023,109.119254,21.473343,92901
450500,2024,109.119254,21.473343,99629
450600,2009,108.345478,21.614631,29602
450600,2010,108.345478,21.614631,37264
450600,2011,108.345478,21.614631,47416
450600,2012,108.345478,21.614631,50302
450600,2013,108.345478,21.614631,56467
450600,2014,108.345478,21.614631,65184
450600,2015,108.345478,21.614631,67972
450600,2016,108.345478,21.614631,73188
450600,2017,108.345478,21.614631,79351
450600,2018,108.345478,21.614631,73601
450600,2019,108.345478,21.614631,73163
450600,2020,108.345478,21.614631,70697
450600,2021,108.345478,21.614631,77548
450600,2022,108.345478,21.614631,91505
450600,2023,108.345478,21.614631,97327
450600,2024,108.345478,21.614631,108670
450700,2009,108.624175,21.967127,12212
450700,2010,108.624175,21.967127,16421
450700,2011,108.624175,21.967127,22926
450700,2012,108.624175,21.967127,22147
450700,2013,108.624175,21.967127,18986
450700,2014,108.624175,21.967127,26971
450700,2015,108.624175,21.967127,29560
450700,2016,108.624175,21.967127,34160
450700,2017,108.624175,21.967127,40160
450700,2018,108.624175,21.967127,39243
450700,2019,108.624175,21.967127,40922
450700,2020,108.624175,21.967127,42054
450700,2021,108.624175,21.967127,49804
450700,2022,108.624175,21.967127,57838
450700,2023,108.624175,21.967127,59125
450700,2024,108.624175,21.967127,56522
450800,2009,109.602146,23.0936,10215
450800,2010,109.602146,23.0936,12531
450800,2011,109.602146,23.0936,15245
450800,2012,109.602146,23.0936,16281
450800,2013,109.602146,23.0936,13792
450800,2014,109.602146,23.0936,19004
450800,2015,109.602146,23.0936,20240
450800,2016,109.602146,23.0936,22230
450800,2017,109.602146,23.0936,24857
450800,2018,109.602146,23.0936,26635
450800,2019,109.602146,23.0936,28451
450800,2020,109.602146,23.0936,31363
450800,2021,109.602146,23.0936,34632
450800,2022,109.602146,23.0936,36116
450800,2023,109.602146,23.0936,36321
450800,2024,109.602146,23.0936,36397
450900,2009,110.154393,22.63136,12032
450900,2010,110.154393,22.63136,15011
450900,2011,110.154393,22.63136,18501
450900,2012,110.154393,22.63136,19822
450900,2013,110.154393,22.63136,17096
450900,2014,110.154393,22.63136,23784
450900,2015,110.154393,22.63136,25444
450900,2016,110.154393,22.63136,27111
450900,2017,110.154393,22.63136,29387
450900,2018,110.154393,22.63136,27708
450900,2019,110.154393,22.63136,28647
450900,2020,110.154393,22.63136,30397
450900,2021,110.154393,22.63136,35639
450900,2022,110.154393,22.63136,37245
450900,2023,110.154393,22.63136,37682
450900,2024,110.154393,22.63136,40363
451000,2009,106.616285,23.897742,12423
451000,2010,106.616285,23.897742,15812
451000,2011,106.616285,23.897742,18867
451000,2012,106.616285,23.897742,21539
451000,2013,106.616285,23.897742,19511
451000,2014,106.616285,23.897742,25806
451000,2015,106.616285,23.897742,27363
451000,2016,106.616285,23.897742,30881
451000,2017,106.616285,23.897742,37479
451000,2018,106.616285,23.897742,32170
451000,2019,106.616285,23.897742,34194
451000,2020,106.616285,23.897742,37332
451000,2021,106.616285,23.897742,43892
451000,2022,106.616285,23.897742,48475
451000,2023,106.616285,23.897742,52321
451000,2024,106.616285,23.897742,57494
451100,2009,111.552056,24.414141,11573
451100,2010,111.552056,24.414141,14580
451100,2011,111.552056,24.414141,18163
451100,2012,111.552056,24.414141,19904
451100,2013,111.552056,24.414141,18113
451100,2014,111.552056,24.414141,22345
451100,2015,111.552056,24.414141,23178
451100,2016,111.552056,24.414141,25499
451100,2017,111.552056,24.414141,26802
451100,2018,111.552056,24.414141,29188
451100,2019,111.552056,24.414141,33676
451100,2020,111.552056,24.414141,37539
451100,2021,111.552056,24.414141,45044
451100,2022,111.552056,24.414141,47918
451100,2023,111.552056,24.414141,48257
451100,2024,111.552056,24.414141,48224
451200,2009,108.062105,24.695899,9949
451200,2010,108.062105,24.695899,13912
451200,2011,108.062105,24.695899,15141
451200,2012,108.062105,24.695899,14472
451200,2013,108.062105,24.695899,12769
451200,2014,108.062105,24.695899,17474
451200,2015,108.062105,24.695899,17841
451200,2016,108.062105,24.695899,18842
451200,2017,108.062105,24.695899,20921
451200,2018,108.062105,24.695899,22302
451200,2019,108.062105,24.695899,24703
451200,2020,108.062105,24.695899,27119
451200,2021,108.062105,24.695899,30461
451200,2022,108.062105,24.695899,33258
451200,2023,108.062105,24.695899,34405
451200,2024,108.062105,24.695899,42122
451300,2009,109.229772,23.733766,12967
451300,2010,109.229772,23.733766,18369
451300,2011,109.229772,23.733766,23055
451300,2012,109.229772,23.733766,24183
451300,2013,109.229772,23.733766,20139
451300,2014,109.229772,23.733766,25563
451300,2015,109.229772,23.733766,25667
451300,2016,109.229772,23.733766,26885
451300,2017,109.229772,23.733766,30037
451300,2018,109.229772,23.733766,31102
451300,2019,109.229772,23.733766,29215
451300,2020,109.229772,23.733766,33939
451300,2021,109.229772,23.733766,40091
451300,2022,109.229772,23.733766,43374
451300,2023,109.229772,23.733766,47538
451300,2024,109.229772,23.733766,50617
451400,2009,107.353926,22.404108,13921
451400,2010,107.353926,22.404108,18583
451400,2011,107.353926,22.404108,24557
451400,2012,107.353926,22.404108,26288
451400,2013,107.353926,22.404108,23669
451400,2014,107.353926,22.404108,31944
451400,2015,107.353926,22.404108,33355
451400,2016,107.353926,22.404108,37161
451400,2017,107.353926,22.404108,43678
451400,2018,107.353926,22.404108,48564
451400,2019,107.353926,22.404108,36129
451400,2020,107.353926,22.404108,38732
451400,2021,107.353926,22.404108,47336
451400,2022,107.353926,22.404108,51843
451400,2023,107.353926,22.404108,53939
451400,2024,107.353926,22.404108,63928
460100,2009,110.33119,20.031971,26366
460100,2010,110.33119,20.031971,30329
460100,2011,110.33119,20.031971,35669
460100,2012,110.33119,20.031971,38634
460100,2013,110.33119,20.031971,55499
460100,2014,110.33119,20.031971,49943
460100,2015,110.33119,20.031971,52534
460100,2016,110.33119,20.031971,56315
460100,2017,110.33119,20.031971,61589
460100,2018,110.33119,20.031971,66042
460100,2019,110.33119,20.031971,72218
460100,2020,110.33119,20.031971,63309
460100,2021,110.33119,20.031971,70999
460100,2022,110.33119,20.031971,73139
460100,2023,110.33119,20.031971,79390
460100,2024,110.33119,20.031971,81453
460200,2009,109.508268,18.247872,35750
460200,2010,109.508268,18.247872,46596
460200,2011,109.508268,18.247872,45421
460200,2012,109.508268,18.247872,46366
460200,2013,109.508268,18.247872,64395
460200,2014,109.508268,18.247872,54584
460200,2015,109.508268,18.247872,58486
460200,2016,109.508268,18.247872,63273
460200,2017,109.508268,18.247872,69780
460200,2018,109.508268,18.247872,77429
460200,2019,109.508268,18.247872,87105
460200,2020,109.508268,18.247872,68656
460200,2021,109.508268,18.247872,79809
460200,2022,109.508268,18.247872,79840
460200,2023,109.508268,18.247872,89446
460200,2024,109.508268,18.247872,77300
500000,2009,106.504962,29.533155,22920
500000,2010,106.504962,29.533155,27596
500000,2011,106.504962,29.533155,34500
500000,2012,106.504962,29.533155,38914
500000,2013,106.504962,29.533155,37691
500000,2014,106.504962,29.533155,47850
500000,2015,106.504962,29.533155,52321
500000,2016,106.504962,29.533155,57902
500000,2017,106.504962,29.533155,63442
500000,2018,106.504962,29.533155,65933
500000,2019,106.504962,29.533155,75828
500000,2020,106.504962,29.533155,78173
500000,2021,106.504962,29.533155,86879
500000,2022,106.504962,29.533155,90663
500000,2023,106.504962,29.533155,94135
500000,2024,106.504962,29.533155,100889
510100,2009,104.065735,30.659462,35215
510100,2010,104.065735,30.659462,48510
510100,2011,104.065735,30.659462,48755
510100,2012,104.065735,30.659462,57624
510100,2013,104.065735,30.659462,76674
510100,2014,104.065735,30.659462,70019
510100,2015,104.065735,30.659462,74273
510100,2016,104.065735,30.659462,76960
510100,2017,104.065735,30.659462,86911
510100,2018,104.065735,30.659462,94782
510100,2019,104.065735,30.659462,103386
510100,2020,104.065735,30.659462,85679
510100,2021,104.065735,30.659462,94622
510100,2022,104.065735,30.659462,98149
510100,2023,104.065735,30.659462,103465
510100,2024,104.065735,30.659462,109669
510300,2009,104.773447,29.352765,19256
510300,2010,104.773447,29.352765,23053
510300,2011,104.773447,29.352765,29101
510300,2012,104.773447,29.352765,32787
510300,2013,104.773447,29.352765,30352
510300,2014,104.773447,29.352765,39145
510300,2015,104.773447,29.352765,41447
510300,2016,104.773447,29.352765,44481
510300,2017,104.773447,29.352765,46182
510300,2018,104.773447,29.352765,48329
510300,2019,104.773447,29.352765,48904
510300,2020,104.773447,29.352765,58059
510300,2021,104.773447,29.352765,64595
510300,2022,104.773447,29.352765,66602
510300,2023,104.773447,29.352765,71726
510300,2024,104.773447,29.352765,77531
510400,2009,101.716007,26.580446,36562
510400,2010,101.716007,26.580446,42499
510400,2011,101.716007,26.580446,53032
510400,2012,101.716007,26.580446,60391
510400,2013,101.716007,26.580446,71507
510400,2014,101.716007,26.580446,70646
510400,2015,101.716007,26.580446,75078
510400,2016,101.716007,26.580446,82221
510400,2017,101.716007,26.580446,92584
510400,2018,101.716007,26.580446,94941
510400,2019,101.716007,26.580446,82460
510400,2020,101.716007,26.580446,85806
510400,2021,101.716007,26.580446,93406
510400,2022,101.716007,26.580446,100454
510400,2023,101.716007,26.580446,107133
510400,2024,101.716007,26.580446,114317
510500,2009,105.443348,28.889138,13591
510500,2010,105.443348,28.889138,16698
510500,2011,105.443348,28.889138,21339
510500,2012,105.443348,28.889138,24317
510500,2013,105.443348,28.889138,22450
510500,2014,105.443348,28.889138,29655
510500,2015,105.443348,28.889138,31714
510500,2016,105.443348,28.889138,34497
510500,2017,105.443348,28.889138,37020
510500,2018,105.443348,28.889138,39230
510500,2019,105.443348,28.889138,48105
510500,2020,105.443348,28.889138,50758
510500,2021,105.443348,28.889138,56507
510500,2022,105.443348,28.889138,61054
510500,2023,105.443348,28.889138,63913
510500,2024,105.443348,28.889138,66445
510600,2009,104.398651,31.127991,21352
510600,2010,104.398651,31.127991,25335
510600,2011,104.398651,31.127991,31562
510600,2012,104.398651,31.127991,35945
510600,2013,104.398651,31.127991,35611
510600,2014,104.398651,31.127991,43091
510600,2015,104.398651,31.127991,45701
510600,2016,104.398651,31.127991,49835
510600,2017,104.398651,31.127991,55607
510600,2018,104.398651,31.127991,62569
510600,2019,104.398651,31.127991,65745
510600,2020,104.398651,31.127991,69443
510600,2021,104.398651,31.127991,76824
510600,2022,104.398651,31.127991,81412
510600,2023,104.398651,31.127991,87197
510600,2024,104.398651,31.127991,94540
510700,2009,104.741722,31.46402,16537
510700,2010,104.741722,31.46402,20053
510700,2011,104.741722,31.46402,25755
510700,2012,104.741722,31.46402,27056
510700,2013,104.741722,31.46402,26602
510700,2014,104.741722,31.46402,33558
510700,2015,104.741722,31.46402,35754
510700,2016,104.741722,31.46402,38202
510700,2017,104.741722,31.46402,43015
510700,2018,104.741722,31.46402,47538
510700,2019,104.741722,31.46402,58685
510700,2020,104.741722,31.46402,61936
510700,2021,104.741722,31.46402,68696
510700,2022,104.741722,31.46402,74171
510700,2023,104.741722,31.46402,82347
510700,2024,104.741722,31.46402,88356
510800,2009,105.829757,32.433668,9874
510800,2010,105.829757,32.433668,11750
510800,2011,105.829757,32.433668,16225
510800,2012,105.829757,32.433668,18627
510800,2013,105.829757,32.433668,16734
510800,2014,105.829757,32.433668,22117
510800,2015,105.829757,32.433668,23263
510800,2016,105.829757,32.433668,25072
510800,2017,105.829757,32.433668,27653
510800,2018,105.829757,32.433668,30105
510800,2019,105.829757,32.433668,35262
510800,2020,105.829757,32.433668,43337
510800,2021,105.829757,32.433668,48638
510800,2022,105.829757,32.433668,50056
510800,2023,105.829757,32.433668,52204
510800,2024,105.829757,32.433668,57190
510900,2009,105.571331,30.513311,11536
510900,2010,105.571331,30.513311,14498
510900,2011,105.571331,30.513311,18528
510900,2012,105.571331,30.513311,20908
510900,2013,105.571331,30.513311,19436
510900,2014,105.571331,30.513311,24691
510900,2015,105.571331,30.513311,27868
510900,2016,105.571331,30.513311,30615
510900,2017,105.571331,30.513311,34835
510900,2018,105.571331,30.513311,37493
510900,2019,105.571331,30.513311,42113
510900,2020,105.571331,30.513311,49495
510900,2021,105.571331,30.513311,54300
510900,2022,105.571331,30.513311,58137
510900,2023,105.571331,30.513311,62137
510900,2024,105.571331,30.513311,68059
511000,2009,105.066138,29.58708,14175
511000,2010,105.066138,29.58708,18022
511000,2011,105.066138,29.58708,23062
511000,2012,105.066138,29.58708,26341
511000,2013,105.066138,29.58708,25043
511000,2014,105.066138,29.58708,31024
511000,2015,105.066138,29.58708,32080
511000,2016,105.066138,29.58708,34667
511000,2017,105.066138,29.58708,35521
511000,2018,105.066138,29.58708,37885
511000,2019,105.066138,29.58708,38743
511000,2020,105.066138,29.58708,46228
511000,2021,105.066138,29.58708,51377
511000,2022,105.066138,29.58708,53485
511000,2023,105.066138,29.58708,58758
511000,2024,105.066138,29.58708,63410
511100,2009,103.761263,29.582024,18379
511100,2010,103.761263,29.582024,22990
511100,2011,103.761263,29.582024,28339
511100,2012,103.761263,29.582024,30386
511100,2013,103.761263,29.582024,31876
511100,2014,103.761263,29.582024,37125
511100,2015,103.761263,29.582024,39973
511100,2016,103.761263,29.582024,43110
511100,2017,103.761263,29.582024,46130
511100,2018,103.761263,29.582024,49397
511100,2019,103.761263,29.582024,56999
511100,2020,103.761263,29.582024,63259
511100,2021,103.761263,29.582024,69850
511100,2022,103.761263,29.582024,73226
511100,2023,103.761263,29.582024,77699
511100,2024,103.761263,29.582024,80423
511300,2009,106.082974,30.795281,10982
511300,2010,106.082974,30.795281,13212
511300,2011,106.082974,30.795281,16386
511300,2012,106.082974,30.795281,18757
511300,2013,106.082974,30.795281,17504
511300,2014,106.082974,30.795281,22639
511300,2015,106.082974,30.795281,23881
511300,2016,106.082974,30.795281,25871
511300,2017,106.082974,30.795281,28516
511300,2018,106.082974,30.795281,31203
511300,2019,106.082974,30.795281,36073
511300,2020,106.082974,30.795281,42482
511300,2021,106.082974,30.795281,46589
511300,2022,106.082974,30.795281,48343
511300,2023,106.082974,30.795281,49453
511300,2024,106.082974,30.795281,52030
511400,2009,103.831788,30.048318,15509
511400,2010,103.831788,30.048318,18586
511400,2011,103.831788,30.048318,22793
511400,2012,103.831788,30.048318,26168
511400,2013,103.831788,30.048318,24433
511400,2014,103.831788,30.048318,31664
511400,2015,103.831788,30.048318,34379
511400,2016,103.831788,30.048318,37227
511400,2017,103.831788,30.048318,39605
511400,2018,103.831788,30.048318,42155
511400,2019,103.831788,30.048318,46168
511400,2020,103.831788,30.048318,48132
511400,2021,103.831788,30.048318,52337
511400,2022,103.831788,30.048318,55273
511400,2023,103.831788,30.048318,58722
511400,2024,103.831788,30.048318,63950
511500,2009,104.630825,28.760189,16163
511500,2010,104.630825,28.760189,19499
511500,2011,104.630825,28.760189,24424
511500,2012,104.630825,28.760189,27865
511500,2013,104.630825,28.760189,24416
511500,2014,104.630825,28.760189,32318
511500,2015,104.630825,28.760189,34060
511500,2016,104.630825,28.760189,36735
511500,2017,104.630825,28.760189,40868
511500,2018,104.630825,28.760189,44604
511500,2019,104.630825,28.760189,57003
511500,2020,104.630825,28.760189,61182
511500,2021,104.630825,28.760189,68481
511500,2022,104.630825,28.760189,74341
511500,2023,104.630825,28.760189,82341
511500,2024,104.630825,28.760189,86705
511600,2009,106.633369,30.456398,12140
511600,2010,106.633369,30.456398,15588
511600,2011,106.633369,30.456398,20572
511600,2012,106.633369,30.456398,23410
511600,2013,106.633369,30.456398,17769
511600,2014,106.633369,30.456398,28489
511600,2015,106.633369,30.456398,31046
511600,2016,106.633369,30.456398,33130
511600,2017,106.633369,30.456398,36034
511600,2018,106.633369,30.456398,38520
511600,2019,106.633369,30.456398,38522
511600,2020,106.633369,30.456398,40073
511600,2021,106.633369,30.456398,43558
511600,2022,106.633369,30.456398,43901
511600,2023,106.633369,30.456398,46798
511600,2024,106.633369,30.456398,50070
511700,2009,107.502262,31.209484,11915
511700,2010,107.502262,31.209484,14623
511700,2011,107.502262,31.209484,18474
511700,2012,107.502262,31.209484,20685
511700,2013,107.502262,31.209484,18102
511700,2014,107.502262,31.209484,24411
511700,2015,107.502262,31.209484,24342
511700,2016,107.502262,31.209484,25921
511700,2017,107.502262,31.209484,28066
511700,2018,107.502262,31.209484,29627
511700,2019,107.502262,31.209484,35625
511700,2020,107.502262,31.209484,38068
511700,2021,107.502262,31.209484,43646
511700,2022,107.502262,31.209484,46588
511700,2023,107.502262,31.209484,49755
511700,2024,107.502262,31.209484,52740
511800,2009,103.001033,29.987722,15710
511800,2010,103.001033,29.987722,18787
511800,2011,103.001033,29.987722,23147
511800,2012,103.001033,29.987722,26157
511800,2013,103.001033,29.987722,26622
511800,2014,103.001033,29.987722,30052
511800,2015,103.001033,29.987722,32523
511800,2016,103.001033,29.987722,35335
511800,2017,103.001033,29.987722,39172
511800,2018,103.001033,29.987722,41985
511800,2019,103.001033,29.987722,46984
511800,2020,103.001033,29.987722,52366
511800,2021,103.001033,29.987722,58617
511800,2022,103.001033,29.987722,62981
511800,2023,103.001033,29.987722,70582
511800,2024,103.001033,29.987722,75680
511900,2009,106.753669,31.858809,7548
511900,2010,106.753669,31.858809,8618
511900,2011,106.753669,31.858809,10433
511900,2012,106.753669,31.858809,11823
511900,2013,106.753669,31.858809,10665
511900,2014,106.753669,31.858809,13756
511900,2015,106.753669,31.858809,15076
511900,2016,106.753669,31.858809,16415
511900,2017,106.753669,31.858809,18148
511900,2018,106.753669,31.858809,19458
511900,2019,106.753669,31.858809,22716
511900,2020,106.753669,31.858809,27951
511900,2021,106.753669,31.858809,27510
511900,2022,106.753669,31.858809,28641
511900,2023,106.753669,31.858809,29517
511900,2024,106.753669,31.858809,33213
512000,2009,104.641917,30.122211,12616
512000,2010,104.641917,30.122211,16644
512000,2011,104.641917,30.122211,22931
512000,2012,104.641917,30.122211,27283
512000,2013,104.641917,30.122211,21546
512000,2014,104.641917,30.122211,33592
512000,2015,104.641917,30.122211,35702
512000,2016,104.641917,30.122211,37308
512000,2017,104.641917,30.122211,40137
512000,2018,104.641917,30.122211,42117
512000,2019,104.641917,30.122211,31019
512000,2020,104.641917,30.122211,34806
512000,2021,104.641917,30.122211,38717
512000,2022,104.641917,30.122211,41586
512000,2023,104.641917,30.122211,45078
512000,2024,104.641917,30.122211,48758
520100,2009,106.713478,26.578343,24585
520100,2010,106.713478,26.578343,26057
520100,2011,106.713478,26.578343,31712
520100,2012,106.713478,26.578343,38447
520100,2013,106.713478,26.578343,55024
520100,2014,106.713478,26.578343,55018
520100,2015,106.713478,26.578343,63003
520100,2016,106.713478,26.578343,67772
520100,2017,106.713478,26.578343,74493
520100,2018,106.713478,26.578343,78449
520100,2019,106.713478,26.578343,81995
520100,2020,106.713478,26.578343,72246
520100,2021,106.713478,26.578343,77919
520100,2022,106.713478,26.578343,79872
520100,2023,106.713478,26.578343,81670
520100,2024,106.713478,26.578343,88846
520200,2009,104.846743,26.584643,14422
520200,2010,104.846743,26.584643,17462
520200,2011,104.846743,26.584643,21522
520200,2012,104.846743,26.584643,25877
520200,2013,104.846743,26.584643,27142
520200,2014,104.846743,26.584643,36228
520200,2015,104.846743,26.584643,41618
520200,2016,104.846743,26.584643,45325
520200,2017,104.846743,26.584643,50136
520200,2018,104.846743,26.584643,52059
520200,2019,104.846743,26.584643,43003
520200,2020,104.846743,26.584643,44224
520200,2021,104.846743,26.584643,48715
520200,2022,104.846743,26.584643,49839
520200,2023,104.846743,26.584643,51533
520200,2024,104.846743,26.584643,56404
520300,2009,106.937265,27.706626,11322
520300,2010,106.937265,27.706626,14799
520300,2011,106.937265,27.706626,18330
520300,2012,106.937265,27.706626,22001
520300,2013,106.937265,27.706626,20369
520300,2014,106.937265,27.706626,30484
520300,2015,106.937265,27.706626,35123
520300,2016,106.937265,27.706626,38709
520300,2017,106.937265,27.706626,44060
520300,2018,106.937265,27.706626,47931
520300,2019,106.937265,27.706626,55411
520300,2020,106.937265,27.706626,56334
520300,2021,106.937265,27.706626,63170
520300,2022,106.937265,27.706626,66742
520300,2023,106.937265,27.706626,69842
520300,2024,106.937265,27.706626,76897
520400,2009,105.932188,26.245544,7630
520400,2010,105.932188,26.245544,10014
520400,2011,105.932188,26.245544,12468
520400,2012,105.932188,26.245544,15454
520400,2013,105.932188,26.245544,15006
520400,2014,105.932188,26.245544,22569
520400,2015,105.932188,26.245544,27065
520400,2016,105.932188,26.245544,30216
520400,2017,105.932188,26.245544,34345
520400,2018,105.932188,26.245544,36164
520400,2019,105.932188,26.245544,39177
520400,2020,105.932188,26.245544,39161
520400,2021,105.932188,26.245544,43763
520400,2022,105.932188,26.245544,43991
520400,2023,105.932188,26.245544,44777
520400,2024,105.932188,26.245544,48170
530100,2009,102.712251,25.040609,25826
530100,2010,102.712251,25.040609,33550
530100,2011,102.712251,25.040609,38831
530100,2012,102.712251,25.040609,46256
530100,2013,102.712251,25.040609,62437
530100,2014,102.712251,25.040609,56236
530100,2015,102.712251,25.040609,59656
530100,2016,102.712251,25.040609,64156
530100,2017,102.712251,25.040609,71906
530100,2018,102.712251,25.040609,76387
530100,2019,102.712251,25.040609,93853
530100,2020,102.712251,25.040609,80584
530100,2021,102.712251,25.040609,85146
530100,2022,102.712251,25.040609,88193
530100,2023,102.712251,25.040609,90821
530100,2024,102.712251,25.040609,95060
530300,2009,103.797851,25.501557,14970
530300,2010,103.797851,25.501557,17236
530300,2011,103.797851,25.501557,20588
530300,2012,103.797851,25.501557,23661
530300,2013,103.797851,25.501557,24672
530300,2014,103.797851,25.501557,27529
530300,2015,103.797851,25.501557,27045
530300,2016,103.797851,25.501557,29266
530300,2017,103.797851,25.501557,31806
530300,2018,103.797851,25.501557,32799
530300,2019,103.797851,25.501557,42774
530300,2020,103.797851,25.501557,51245
530300,2021,103.797851,25.501557,59194
530300,2022,103.797851,25.501557,66373
530300,2023,103.797851,25.501557,70760
530300,2024,103.797851,25.501557,64957
530400,2009,102.543907,24.350461,28245
530400,2010,102.543907,24.350461,32068
530400,2011,102.543907,24.350461,37913
530400,2012,102.543907,24.350461,43037
530400,2013,102.543907,24.350461,51278
530400,2014,102.543907,24.350461,50511
530400,2015,102.543907,24.350461,52812
530400,2016,102.543907,24.350461,55389
530400,2017,102.543907,24.350461,59510
530400,2018,102.543907,24.350461,62641
530400,2019,102.543907,24.350461,81667
530400,2020,102.543907,24.350461,91290
530400,2021,102.543907,24.350461,104780
530400,2022,102.543907,24.350461,111579
530400,2023,102.543907,24.350461,112910
530400,2024,102.543907,24.350461,113973
530500,2009,99.167133,25.111802,8972
530500,2010,99.167133,25.111802,10469
530500,2011,99.167133,25.111802,12705
530500,2012,99.167133,25.111802,15397
530500,2013,99.167133,25.111802,17500
530500,2014,99.167133,25.111802,19566
530500,2015,99.167133,25.111802,21444
530500,2016,99.167133,25.111802,23692
530500,2017,99.167133,25.111802,26058
530500,2018,99.167133,25.111802,28168
530500,2019,99.167133,25.111802,36548
530500,2020,99.167133,25.111802,43200
530500,2021,99.167133,25.111802,48074
530500,2022,99.167133,25.111802,52438
530500,2023,99.167133,25.111802,52215
530500,2024,99.167133,25.111802,53346
530600,2009,103.717216,27.336999,6025
530600,2010,103.717216,27.336999,7193
530600,2011,103.717216,27.336999,8877
530600,2012,103.717216,27.336999,10528
530600,2013,103.717216,27.336999,10813
530600,2014,103.717216,27.336999,12480
530600,2015,103.717216,27.336999,13097
530600,2016,103.717216,27.336999,14040
530600,2017,103.717216,27.336999,15119
530600,2018,103.717216,27.336999,15987
530600,2019,103.717216,27.336999,21255
530600,2020,103.717216,27.336999,25255
530600,2021,103.717216,27.336999,28932
530600,2022,103.717216,27.336999,30935
530600,2023,103.717216,27.336999,33543
530600,2024,103.717216,27.336999,41767
530700,2009,100.233026,26.872108,9863
530700,2010,100.233026,26.872108,11680
530700,2011,100.233026,26.872108,14279
530700,2012,100.233026,26.872108,16870
530700,2013,100.233026,26.872108,20734
530700,2014,100.233026,26.872108,20663
530700,2015,100.233026,26.872108,20724
530700,2016,100.233026,26.872108,24116
530700,2017,100.233026,26.872108,26368
530700,2018,100.233026,26.872108,27128
530700,2019,100.233026,26.872108,36369
530700,2020,100.233026,26.872108,40857
530700,2021,100.233026,26.872108,45475
530700,2022,100.233026,26.872108,49768
530700,2023,100.233026,26.872108,53998
530700,2024,100.233026,26.872108,56802
530800,2009,100.972344,22.777321,8193
530800,2010,100.972344,22.777321,9584
530800,2011,100.972344,22.777321,9773
530800,2012,100.972344,22.777321,14286
530800,2013,100.972344,22.777321,16488
530800,2014,100.972344,22.777321,18422
530800,2015,100.972344,22.777321,19789
530800,2016,100.972344,22.777321,21685
530800,2017,100.972344,22.777321,23821
530800,2018,100.972344,22.777321,25170
530800,2019,100.972344,22.777321,33097
530800,2020,100.972344,22.777321,39172
530800,2021,100.972344,22.777321,43007
530800,2022,100.972344,22.777321,45168
530800,2023,100.972344,22.777321,46323
530800,2024,100.972344,22.777321,50841
530900,2009,100.08697,23.886567,7590
530900,2010,100.08697,23.886567,8988
530900,2011,100.08697,23.886567,11166
530900,2012,100.08697,23.886567,14376
530900,2013,100.08697,23.886567,17631
530900,2014,100.08697,23.886567,18710
530900,2015,100.08697,23.886567,20077
530900,2016,100.08697,23.886567,21906
530900,2017,100.08697,23.886567,23942
530900,2018,100.08697,23.886567,24892
530900,2019,100.08697,23.886567,29926
530900,2020,100.08697,23.886567,36213
530900,2021,100.08697,23.886567,40458
530900,2022,100.08697,23.886567,44723
530900,2023,100.08697,23.886567,47286
530900,2024,100.08697,23.886567,52317
540100,2009,91.132212,29.660361,20264
540100,2010,91.132212,29.660361,29720
540100,2011,91.132212,29.660361,39176
540100,2012,91.132212,29.660361,45019
540100,2013,91.132212,29.660361,50812
540100,2014,91.132212,29.660361,56617
540100,2015,91.132212,29.660361,59223
540100,2016,91.132212,29.660361,64804
540100,2017,91.132212,29.660361,71246
540100,2018,91.132212,29.660361,77688
540100,2019,91.132212,29.660361,86750
540100,2020,91.132212,29.660361,79391
540100,2021,91.132212,29.660361,85210
540100,2022,91.132212,29.660361,86091
540100,2023,91.132212,29.660361,96329
540100,2024,91.132212,29.660361,113563
610100,2009,108.948024,34.263161,32411
610100,2010,108.948024,34.263161,38341
610100,2011,108.948024,34.263161,45495
610100,2012,108.948024,34.263161,51166
610100,2013,108.948024,34.263161,60522
610100,2014,108.948024,34.263161,63794
610100,2015,108.948024,34.263161,66938
610100,2016,108.948024,34.263161,71357
610100,2017,108.948024,34.263161,78368
610100,2018,108.948024,34.263161,85114
610100,2019,108.948024,34.263161,92256
610100,2020,108.948024,34.263161,79181
610100,2021,108.948024,34.263161,83689
610100,2022,108.948024,34.263161,88806
610100,2023,108.948024,34.263161,92128
610100,2024,108.948024,34.263161,101485
610200,2009,108.963122,34.90892,18548
610200,2010,108.963122,34.90892,22508
610200,2011,108.963122,34.90892,28034
610200,2012,108.963122,34.90892,32556
610200,2013,108.963122,34.90892,37439
610200,2014,108.963122,34.90892,38552
610200,2015,108.963122,34.90892,38378
610200,2016,108.963122,34.90892,36803
610200,2017,108.963122,34.90892,41465
610200,2018,108.963122,34.90892,40065
610200,2019,108.963122,34.90892,44794
610200,2020,108.963122,34.90892,53021
610200,2021,108.963122,34.90892,62108
610200,2022,108.963122,34.90892,71709
610200,2023,108.963122,34.90892,72435
610200,2024,108.963122,34.90892,83586
610300,2009,107.14487,34.369315,21526
610300,2010,107.14487,34.369315,26124
610300,2011,107.14487,34.369315,31579
610300,2012,107.14487,34.369315,36826
610300,2013,107.14487,34.369315,40049
610300,2014,107.14487,34.369315,43824
610300,2015,107.14487,34.369315,47565
610300,2016,107.14487,34.369315,51262
610300,2017,107.14487,34.369315,58010
610300,2018,107.14487,34.369315,59988
610300,2019,107.14487,34.369315,59050
610300,2020,107.14487,34.369315,67666
610300,2021,107.14487,34.369315,77210
610300,2022,107.14487,34.369315,83801
610300,2023,107.14487,34.369315,80998
610300,2024,107.14487,34.369315,78267
610400,2009,108.705117,34.333439,17429
610400,2010,108.705117,34.333439,22477
610400,2011,108.705117,34.333439,27751
610400,2012,108.705117,34.333439,31982
610400,2013,108.705117,34.333439,34904
610400,2014,108.705117,34.333439,41971
610400,2015,108.705117,34.333439,43426
610400,2016,108.705117,34.333439,48016
610400,2017,108.705117,34.333439,52445
610400,2018,108.705117,34.333439,54368
610400,2019,108.705117,34.333439,50338
610400,2020,108.705117,34.333439,55189
610400,2021,108.705117,34.333439,61002
610400,2022,108.705117,34.333439,67229
610400,2023,108.705117,34.333439,69439
610400,2024,108.705117,34.333439,73187
610500,2009,109.502882,34.499381,12069
610500,2010,109.502882,34.499381,14950
610500,2011,109.502882,34.499381,19424
610500,2012,109.502882,34.499381,21717
610500,2013,109.502882,34.499381,23667
610500,2014,109.502882,34.499381,26675
610500,2015,109.502882,34.499381,27452
610500,2016,109.502882,34.499381,27743
610500,2017,109.502882,34.499381,30697
610500,2018,109.502882,34.499381,33009
610500,2019,109.502882,34.499381,34481
610500,2020,109.502882,34.499381,39207
610500,2021,109.502882,34.499381,44785
610500,2022,109.502882,34.499381,47592
610500,2023,109.502882,34.499381,45621
610500,2024,109.502882,34.499381,46970
610600,2009,109.49081,36.596537,33538
610600,2010,109.49081,36.596537,40621
610600,2011,109.49081,36.596537,50807
610600,2012,109.49081,36.596537,57876
610600,2013,109.49081,36.596537,56896
610600,2014,109.49081,36.596537,62714
610600,2015,109.49081,36.596537,53924
610600,2016,109.49081,36.596537,48300
610600,2017,109.49081,36.596537,58132
610600,2018,109.49081,36.596537,68940
610600,2019,109.49081,36.596537,73703
610600,2020,109.49081,36.596537,69934
610600,2021,109.49081,36.596537,88127
610600,2022,109.49081,36.596537,98390
610600,2023,109.49081,36.596537,100695
610600,2024,109.49081,36.596537,101105
610700,2009,107.028621,33.077668,11834
610700,2010,107.028621,33.077668,14697
610700,2011,107.028621,33.077668,18952
610700,2012,107.028621,33.077668,22084
610700,2013,107.028621,33.077668,22843
610700,2014,107.028621,33.077668,28908
610700,2015,107.028621,33.077668,31001
610700,2016,107.028621,33.077668,33597
610700,2017,107.028621,33.077668,38671
610700,2018,107.028621,33.077668,42754
610700,2019,107.028621,33.077668,45033
610700,2020,107.028621,33.077668,49179
610700,2021,107.028621,33.077668,55279
610700,2022,107.028621,33.077668,59832
610700,2023,107.028621,33.077668,59722
610700,2024,107.028621,33.077668,60391
610800,2009,109.741193,38.290162,38906
610800,2010,109.741193,38.290162,52480
610800,2011,109.741193,38.290162,68358
610800,2012,109.741193,38.290162,79587
610800,2013,109.741193,38.290162,75511
610800,2014,109.741193,38.290162,86482
610800,2015,109.741193,38.290162,77267
610800,2016,109.741193,38.290162,81764
610800,2017,109.741193,38.290162,99076
610800,2018,109.741193,38.290162,112845
610800,2019,109.741193,38.290162,120908
610800,2020,109.741193,38.290162,112974
610800,2021,109.741193,38.290162,149899
610800,2022,109.741193,38.290162,180816
610800,2023,109.741193,38.290162,196346
610800,2024,109.741193,38.290162,208995
610900,2009,109.029273,32.6903,10341
610900,2010,109.029273,32.6903,12428
610900,2011,109.029273,32.6903,15477
610900,2012,109.029273,32.6903,18878
610900,2013,109.029273,32.6903,19628
610900,2014,109.029273,32.6903,26117
610900,2015,109.029273,32.6903,29193
610900,2016,109.029273,32.6903,31770
610900,2017,109.029273,32.6903,36662
610900,2018,109.029273,32.6903,42544
610900,2019,109.029273,32.6903,44241
610900,2020,109.029273,32.6903,43378
610900,2021,109.029273,32.6903,48687
610900,2022,109.029273,32.6903,51261
610900,2023,109.029273,32.6903,49390
610900,2024,109.029273,32.6903,46470
611000,2009,109.939776,33.868319,9411
611000,2010,109.939776,33.868319,12209
611000,2011,109.939776,33.868319,15510
611000,2012,109.939776,33.868319,18097
611000,2013,109.939776,33.868319,20354
611000,2014,109.939776,33.868319,24538
611000,2015,109.939776,33.868319,26415
611000,2016,109.939776,33.868319,29574
611000,2017,109.939776,33.868319,31856
611000,2018,109.939776,33.868319,34674
611000,2019,109.939776,33.868319,35181
611000,2020,109.939776,33.868319,35381
611000,2021,109.939776,33.868319,41812
611000,2022,109.939776,33.868319,44599
611000,2023,109.939776,33.868319,41444
611000,2024,109.939776,33.868319,38773
620100,2009,103.823557,36.058039,27904
620100,2010,103.823557,36.058039,34009
620100,2011,103.823557,36.058039,37570
620100,2012,103.823557,36.058039,43175
620100,2013,103.823557,36.058039,48138
620100,2014,103.823557,36.058039,54771
620100,2015,103.823557,36.058039,56972
620100,2016,103.823557,36.058039,61207
620100,2017,103.823557,36.058039,67269
620100,2018,103.823557,36.058039,73042
620100,2019,103.823557,36.058039,75217
620100,2020,103.823557,36.058039,66680
620100,2021,103.823557,36.058039,73807
620100,2022,103.823557,36.058039,75992
620100,2023,103.823557,36.058039,78894
620100,2024,103.823557,36.058039,84460
620200,2009,98.277304,39.786529,76087
620200,2010,98.277304,39.786529,83425
620200,2011,98.277304,39.786529,101306
620200,2012,98.277304,39.786529,115123
620200,2013,98.277304,39.786529,113109
620200,2014,98.277304,39.786529,101955
620200,2015,98.277304,39.786529,78336
620200,2016,98.277304,39.786529,62641
620200,2017,98.277304,39.786529,84677
620200,2018,98.277304,39.786529,119418
620200,2019,98.277304,39.786529,112219
620200,2020,98.277304,39.786529,91000
620200,2021,98.277304,39.786529,103773
620200,2022,98.277304,39.786529,114810
620200,2023,98.277304,39.786529,121271
620200,2024,98.277304,39.786529,117665
620300,2009,102.187888,38.514238,41060
620300,2010,102.187888,38.514238,43400
620300,2011,102.187888,38.514238,50060
620300,2012,102.187888,38.514238,52157
620300,2013,102.187888,38.514238,53625
620300,2014,102.187888,38.514238,54565
620300,2015,102.187888,38.514238,47739
620300,2016,102.187888,38.514238,44202
620300,2017,102.187888,38.514238,47177
620300,2018,102.187888,38.514238,56353
620300,2019,102.187888,38.514238,73390
620300,2020,102.187888,38.514238,81643
620300,2021,102.187888,38.514238,98205
620300,2022,102.187888,38.514238,120161
620300,2023,102.187888,38.514238,131056
620300,2024,102.187888,38.514238,143784
620400,2009,104.173606,36.54568,15125
620400,2010,104.173606,36.54568,17680
620400,2011,104.173606,36.54568,20660
620400,2012,104.173606,36.54568,25274
620400,2013,104.173606,36.54568,26175
620400,2014,104.173606,36.54568,26174
620400,2015,104.173606,36.54568,25410
620400,2016,104.173606,36.54568,25813
620400,2017,104.173606,36.54568,26150
620400,2018,104.173606,36.54568,29542
620400,2019,104.173606,36.54568,27990
620400,2020,104.173606,36.54568,32700
620400,2021,104.173606,36.54568,37919
620400,2022,104.173606,36.54568,42297
620400,2023,104.173606,36.54568,44967
620400,2024,104.173606,36.54568,50055
620500,2009,105.724998,34.578529,7584
620500,2010,105.724998,34.578529,8758
620500,2011,105.724998,34.578529,10931
620500,2012,105.724998,34.578529,12593
620500,2013,105.724998,34.578529,12019
620500,2014,105.724998,34.578529,15852
620500,2015,105.724998,34.578529,16743
620500,2016,105.724998,34.578529,17800
620500,2017,105.724998,34.578529,17979
620500,2018,105.724998,34.578529,19479
620500,2019,105.724998,34.578529,18819
620500,2020,105.724998,34.578529,22251
620500,2021,105.724998,34.578529,25279
620500,2022,105.724998,34.578529,27538
620500,2023,105.724998,34.578529,29233
620500,2024,105.724998,34.578529,32842
620600,2009,102.634697,37.929996,10068
620600,2010,102.634697,37.929996,10621
620600,2011,102.634697,37.929996,15007
620600,2012,102.634697,37.929996,18759
620600,2013,102.634697,37.929996,20168
620600,2014,102.634697,37.929996,22406
620600,2015,102.634697,37.929996,22931
620600,2016,102.634697,37.929996,25396
620600,2017,102.634697,37.929996,23617
620600,2018,102.634697,37.929996,25691
620600,2019,102.634697,37.929996,26744
620600,2020,102.634697,37.929996,35571
620600,2021,102.634697,37.929996,41361
620600,2022,102.634697,37.929996,45932
620600,2023,102.634697,37.929996,49302
620600,2024,102.634697,37.929996,52644
620700,2009,100.455472,38.932897,14949
620700,2010,100.455472,38.932897,17101
620700,2011,100.455472,38.932897,21357
620700,2012,100.455472,38.932897,24204
620700,2013,100.455472,38.932897,25647
620700,2014,100.455472,38.932897,29852
620700,2015,100.455472,38.932897,30704
620700,2016,100.455472,38.932897,32729
620700,2017,100.455472,38.932897,30729
620700,2018,100.455472,38.932897,33105
620700,2019,100.455472,38.932897,36314
620700,2020,100.455472,38.932897,41177
620700,2021,100.455472,38.932897,46726
620700,2022,100.455472,38.932897,51861
620700,2023,100.455472,38.932897,54660
620700,2024,100.455472,38.932897,61772
620800,2009,106.684691,35.54279,8899
620800,2010,106.684691,35.54279,10504
620800,2011,106.684691,35.54279,13320
620800,2012,106.684691,35.54279,15607
620800,2013,106.684691,35.54279,14702
620800,2014,106.684691,35.54279,16776
620800,2015,106.684691,35.54279,18490
620800,2016,106.684691,35.54279,17486
620800,2017,106.684691,35.54279,16825
620800,2018,106.684691,35.54279,17225
620800,2019,106.684691,35.54279,21514
620800,2020,106.684691,35.54279,25623
620800,2021,106.684691,35.54279,30192
620800,2022,106.684691,35.54279,35182
620800,2023,106.684691,35.54279,37057
620800,2024,106.684691,35.54279,40623
620900,2009,98.510795,39.744023,31512
620900,2010,98.510795,39.744023,39562
620900,2011,98.510795,39.744023,43825
620900,2012,98.510795,39.744023,52116
620900,2013,98.510795,39.744023,57832
620900,2014,98.510795,39.744023,55000
620900,2015,98.510795,39.744023,48920
620900,2016,98.510795,39.744023,51721
620900,2017,98.510795,39.744023,49200
620900,2018,98.510795,39.744023,53043
620900,2019,98.510795,39.744023,54729
620900,2020,98.510795,39.744023,62187
620900,2021,98.510795,39.744023,72356
620900,2022,98.510795,39.744023,79840
620900,2023,98.510795,39.744023,86714
620900,2024,98.510795,39.744023,99992
621000,2009,107.638372,35.734218,11973
621000,2010,107.638372,35.734218,16172
621000,2011,107.638372,35.734218,20506
621000,2012,107.638372,35.734218,23882
621000,2013,107.638372,35.734218,22931
621000,2014,107.638372,35.734218,30087
621000,2015,107.638372,35.734218,27366
621000,2016,107.638372,35.734218,26734
621000,2017,107.638372,35.734218,26031
621000,2018,107.638372,35.734218,31312
621000,2019,107.638372,35.734218,32690
621000,2020,107.638372,35.734218,34593
621000,2021,107.638372,35.734218,40810
621000,2022,107.638372,35.734218,47351
621000,2023,107.638372,35.734218,51289
621000,2024,107.638372,35.734218,56987
621100,2009,104.626294,35.579578,4491
621100,2010,104.626294,35.579578,5304
621100,2011,104.626294,35.579578,6916
621100,2012,104.626294,35.579578,8157
621100,2013,104.626294,35.579578,8407
621100,2014,104.626294,35.579578,10470
621100,2015,104.626294,35.579578,10987
621100,2016,104.626294,35.579578,11892
621100,2017,104.626294,35.579578,11693
621100,2018,104.626294,35.579578,12656
621100,2019,104.626294,35.579578,14746
621100,2020,104.626294,35.579578,17430
621100,2021,104.626294,35.579578,19915
621100,2022,104.626294,35.579578,22257
621100,2023,104.626294,35.579578,24061
621100,2024,104.626294,35.579578,29744
621200,2009,104.929379,33.388598,5428
621200,2010,104.929379,33.388598,6457
621200,2011,104.929379,33.388598,6457
621200,2012,104.929379,33.388598,8809
621200,2013,104.929379,33.388598,8816
621200,2014,104.929379,33.388598,10171
621200,2015,104.929379,33.388598,12172
621200,2016,104.929379,33.388598,13805
621200,2017,104.929379,33.388598,13113
621200,2018,104.929379,33.388598,14426
621200,2019,104.929379,33.388598,16868
621200,2020,104.929379,33.388598,18710
621200,2021,104.929379,33.388598,20974
621200,2022,104.929379,33.388598,23548
621200,2023,104.929379,33.388598,25477
621200,2024,104.929379,33.388598,28542
630100,2009,101.778916,36.623178,22865
630100,2010,101.778916,36.623178,28428
630100,2011,101.778916,36.623178,34743
630100,2012,101.778916,36.623178,38034
630100,2013,101.778916,36.623178,43107
630100,2014,101.778916,36.623178,46762
630100,2015,101.778916,36.623178,49197
630100,2016,101.778916,36.623178,53756
630100,2017,101.778916,36.623178,54808
630100,2018,101.778916,36.623178,54439
630100,2019,101.778916,36.623178,55812
630100,2020,101.778916,36.623178,54439
630100,2021,101.778916,36.623178,62638
630100,2022,101.778916,36.623178,66363
630100,2023,101.778916,36.623178,72611
630100,2024,101.778916,36.623178,75116
640100,2009,106.278179,38.46637,34453
640100,2010,106.278179,38.46637,41520
640100,2011,106.278179,38.46637,48964
640100,2012,106.278179,38.46637,56528
640100,2013,106.278179,38.46637,74510
640100,2014,106.278179,38.46637,65942
640100,2015,106.278179,38.46637,69594
640100,2016,106.278179,38.46637,74288
640100,2017,106.278179,38.46637,81660
640100,2018,106.278179,38.46637,84964
640100,2019,106.278179,38.46637,83492
640100,2020,106.278179,38.46637,69283
640100,2021,106.278179,38.46637,78794
640100,2022,106.278179,38.46637,87756
640100,2023,106.278179,38.46637,92530
640100,2024,106.278179,38.46637,100966
640200,2009,106.376173,39.01333,37050
640200,2010,106.376173,39.01333,41163
640200,2011,106.376173,39.01333,50377
640200,2012,106.376173,39.01333,55566
640200,2013,106.376173,39.01333,57979
640200,2014,106.376173,39.01333,61001
640200,2015,106.376173,39.01333,61845
640200,2016,106.376173,39.01333,64880
640200,2017,106.376173,39.01333,66956
640200,2018,106.376173,39.01333,75391
640200,2019,106.376173,39.01333,63494
640200,2020,106.376173,39.01333,72083
640200,2021,106.376173,39.01333,81943
640200,2022,106.376173,39.01333,92151
640200,2023,106.376173,39.01333,93030
640200,2024,106.376173,39.01333,75895
640300,2009,106.199409,37.986165,13624
640300,2010,106.199409,37.986165,15685
640300,2011,106.199409,37.986165,21107
640300,2012,106.199409,37.986165,24166
640300,2013,106.199409,37.986165,24439
640300,2014,106.199409,37.986165,28572
640300,2015,106.199409,37.986165,29698
640300,2016,106.199409,37.986165,32039
640300,2017,106.199409,37.986165,36394
640300,2018,106.199409,37.986165,37922
640300,2019,106.199409,37.986165,40889
640300,2020,106.199409,37.986165,44330
640300,2021,106.199409,37.986165,54933
640300,2022,106.199409,37.986165,62126
640300,2023,106.199409,37.986165,64418
640300,2024,106.199409,37.986165,66268
640400,2009,106.285241,36.004561,5891
640400,2010,106.285241,36.004561,6874
640400,2011,106.285241,36.004561,10785
640400,2012,106.285241,36.004561,12619
640400,2013,106.285241,36.004561,11880
640400,2014,106.285241,36.004561,16268
640400,2015,106.285241,36.004561,17796
640400,2016,106.285241,36.004561,19720
640400,2017,106.285241,36.004561,22061
640400,2018,106.285241,36.004561,24544
640400,2019,106.285241,36.004561,25886
640400,2020,106.285241,36.004561,29462
640400,2021,106.285241,36.004561,32733
640400,2022,106.285241,36.004561,35624
640400,2023,106.285241,36.004561,38017
640400,2024,106.285241,36.004561,40527
650100,2009,87.617733,43.792818,38496
650100,2010,87.617733,43.792818,43039
650100,2011,87.617733,43.792818,52649
650100,2012,87.617733,43.792818,59645
650100,2013,87.617733,43.792818,83759
650100,2014,87.617733,43.792818,70428
650100,2015,87.617733,43.792818,74340
650100,2016,87.617733,43.792818,69865
650100,2017,87.617733,43.792818,77756
650100,2018,87.617733,43.792818,87196
650100,2019,87.617733,43.792818,96723
650100,2020,87.617733,43.792818,82314
650100,2021,87.617733,43.792818,90794
650100,2022,87.617733,43.792818,95559
650100,2023,87.617733,43.792818,102078
650100,2024,87.617733,43.792818,100765
650200,2009,84.873946,45.595886,87000
650200,2010,84.873946,45.595886,121387
650200,2011,84.873946,45.595886,129105
650200,2012,84.873946,45.595886,135018
650200,2013,84.873946,45.595886,224502
650200,2014,84.873946,45.595886,153084
650200,2015,84.873946,45.595886,131014
650200,2016,84.873946,45.595886,137307
650200,2017,84.873946,45.595886,145798
650200,2018,84.873946,45.595886,153647
650200,2019,84.873946,45.595886,188857
650200,2020,84.873946,45.595886,180871
650200,2021,84.873946,45.595886,205941
650200,2022,84.873946,45.595886,229372
650200,2023,84.873946,45.595886,243780
650200,2024,84.873946,45.595886,255116
