dataset,variable,storage_type,stata_variable_label,definition,nonmissing_count,missing_count,unique_nonmissing,value_label_mappings_in_dataset,manuscript_definition,manuscript_source,documentation_status
master_data.dta,year,int16,year,Calendar year (2009-2024 in the main panel).,4544,0,16,,Calendar year; the final balanced panel covers 2009-2024.,,Documented in the manuscript; verify against construction code before release.
master_data.dta,city,float64,city,City identifier; no value-label mapping is embedded in the primary dataset.,4544,0,284,,"Prefecture-level and above administrative unit, including prefecture-level cities, sub-provincial cities and municipalities; urban districts and county-level jurisdictions under municipal administration are included.",,Documented in the manuscript; verify against construction code before release.
master_data.dta,province,int32,,Province identifier.,4544,0,31,,,,Not fully documented in the supplied manuscript.
master_data.dta,entreact,float32,缩尾后每百人新创企业数,Entrepreneurial vitality outcome: winsorized number of newly established firms per 100 people.,4544,0,4450,,"Number of newly registered firms per 100 residents in each city-year, after excluding invalid firm records and winsorizing continuous variables at the 1st and 99th percentiles.",China Industrial and Commercial Registered Enterprise Database; population denominator from city statistical sources.,Documented in the manuscript; verify against construction code before release.
master_data.dta,y,float32,,Alternative outcome: winsorized logarithm of newly established firms.,4544,0,4330,,Alternative entrepreneurial-vitality outcome: natural logarithm of the annual number of newly registered firms.,China Industrial and Commercial Registered Enterprise Database.,Documented in the manuscript; verify against construction code before release.
master_data.dta,gvar,float64,,First year in which the city entered the innovative industrial cluster pilot; missing for never-treated cities.,1248,3296,4,,"First year of innovative industrial cluster pilot designation for each treated city; cohorts are 2013, 2014, 2017 and 2023.",Official designation documents and policy announcements of China's Ministry of Science and Technology.,Documented in the manuscript; verify against construction code before release.
master_data.dta,treat,int8,Treat,Indicator for cities ever included in the pilot.,4544,0,2,,Equals 1 if a city was ever designated as an innovative industrial cluster pilot and 0 otherwise.,Official designation documents and policy announcements of China's Ministry of Science and Technology.,Documented in the manuscript; verify against construction code before release.
master_data.dta,post,int8,Post,Post-treatment-period indicator.,4544,0,2,,"Equals 1 in the designation year and all subsequent years for a treated city, and 0 otherwise.",Constructed from Ministry of Science and Technology pilot designation year.,Documented in the manuscript; verify against construction code before release.
master_data.dta,did,int8,DID,Difference-in-differences treatment indicator (treat x post).,4544,0,2,,Main policy indicator equal to treat multiplied by post.,Constructed from treat and post.,Documented in the manuscript; verify against construction code before release.
master_data.dta,policy,float32,,"Event time relative to the first pilot year, top- and bottom-coded at +/-5 in the analysis code.",4544,0,11,,,,Not fully documented in the supplied manuscript.
master_data.dta,pre5,float32,,Event-time indicator for five or more years before treatment.,4544,0,2,,,,Not fully documented in the supplied manuscript.
master_data.dta,pre4,float32,,Event-time indicator for four years before treatment.,4544,0,2,,,,Not fully documented in the supplied manuscript.
master_data.dta,pre3,float32,,Event-time indicator for three years before treatment.,4544,0,2,,,,Not fully documented in the supplied manuscript.
master_data.dta,pre2,float32,,Event-time indicator for two years before treatment.,4544,0,2,,,,Not fully documented in the supplied manuscript.
master_data.dta,pre1,float32,,Event-time indicator for one year before treatment; reference period in the event-study specification.,4544,0,2,,,,Not fully documented in the supplied manuscript.
master_data.dta,current,float32,,Event-time indicator for the treatment year.,4544,0,2,,,,Not fully documented in the supplied manuscript.
master_data.dta,post1,float32,,Event-time indicator for one year after treatment.,4544,0,2,,,,Not fully documented in the supplied manuscript.
master_data.dta,post2,float32,,Event-time indicator for two years after treatment.,4544,0,2,,,,Not fully documented in the supplied manuscript.
master_data.dta,post3,float32,,Event-time indicator for three years after treatment.,4544,0,2,,,,Not fully documented in the supplied manuscript.
master_data.dta,post4,float32,,Event-time indicator for four years after treatment.,4544,0,2,,,,Not fully documented in the supplied manuscript.
master_data.dta,post5,float32,,Event-time indicator for five or more years after treatment.,4544,0,2,,,,Not fully documented in the supplied manuscript.
master_data.dta,gdp,float64,插值后GDP的对数,Logarithm of interpolated GDP.,4544,0,4191,,Natural logarithm of city GDP.,"China City Statistical Yearbook (2009-2024), supplemented by prefecture-level statistical yearbooks and official statistical bulletins.",Documented in the manuscript; verify against construction code before release.
master_data.dta,fin,float64,插值后金融机构贷款余额与GDP的对数,"Logarithm of interpolated financial-institution loan balance relative to GDP, as labelled in the supplied Stata file.",4544,0,4453,,Financial development measured in the manuscript as outstanding loans of financial institutions divided by city GDP at year-end.,"China City Statistical Yearbook (2009-2024), supplemented by prefecture-level statistical yearbooks and official statistical bulletins.","Conflict: manuscript defines loans/GDP, while the embedded Stata label refers to an interpolated logarithmic measure. Confirm the actual transformation."
master_data.dta,stru,float32,产业结构升级,Industrial structure upgrading measure; formula and source must be documented before publication.,4544,0,3319,,"Industrial upgrading index: sum across the primary, secondary and tertiary sectors of each sector's value-added share multiplied by sector rank 1, 2 or 3.","China City Statistical Yearbook (2009-2024), supplemented by prefecture-level statistical yearbooks and official statistical bulletins.",Documented in the manuscript; verify against construction code before release.
master_data.dta,wage,float32,职工平均工资的对数,Logarithm of average employee wage.,4544,0,4401,,Natural logarithm of the average wage of urban employees.,"China City Statistical Yearbook (2009-2024), supplemented by prefecture-level statistical yearbooks and official statistical bulletins.",Documented in the manuscript; verify against construction code before release.
master_data.dta,gov,float64,财政预算支出与财政预算收入的支出比值,Ratio of fiscal budget expenditure to fiscal budget revenue.,4544,0,4452,,Fiscal pressure: local general budget expenditure divided by local general budget revenue.,"China City Statistical Yearbook (2009-2024), supplemented by prefecture-level statistical yearbooks and official statistical bulletins.",Documented in the manuscript; verify against construction code before release.
master_data.dta,human,float32,每万人在校大学生人数,"Number of enrolled university students per 10,000 people.",4544,0,4452,,Human capital measured in the manuscript as the number of university students per million residents.,"China City Statistical Yearbook (2009-2024), supplemented by prefecture-level statistical yearbooks and official statistical bulletins.","Conflict: manuscript states university students per million residents, while the embedded Stata label states per 10,000 residents. Confirm the denominator."
master_data.dta,pubservice,float64,插值后医院床位数的对数,Logarithm of interpolated hospital-bed count.,4544,0,4131,,Natural logarithm of the number of hospital beds.,"China City Statistical Yearbook (2009-2024), supplemented by prefecture-level statistical yearbooks and official statistical bulletins.",Documented in the manuscript; verify against construction code before release.
master_data.dta,tmp,float32,,Definition not supplied; complete before publication.,4544,0,4544,,,,Not fully documented in the supplied manuscript.
master_data.dta,Excludespecialsamples,int8,剔除直辖市样本,Indicator used to exclude municipality-level observations in a robustness test.,4544,0,2,,,,Not fully documented in the supplied manuscript.
master_data.dta,time,int8,剔除2020-2022年样本,Indicator used for the robustness sample excluding 2020-2022.,4544,0,2,,,,Not fully documented in the supplied manuscript.
master_data.dta,did1,int8,,Alternative treatment timing indicator used in a robustness specification; construction must be documented.,4544,0,2,,,,Not fully documented in the supplied manuscript.
master_data.dta,did2,int8,,Alternative treatment timing indicator used in a robustness specification; construction must be documented.,4544,0,2,,,,Not fully documented in the supplied manuscript.
master_data.dta,did3,int8,,Alternative treatment timing indicator used in a robustness specification; construction must be documented.,4544,0,2,,,,Not fully documented in the supplied manuscript.
master_data.dta,pop,float32,,Population control; unit and transformation must be documented.,4544,0,4453,,,,Not fully documented in the supplied manuscript.
master_data.dta,internet,float64,,Internet-related control; exact definition and unit must be documented.,4544,0,4451,,,,Not fully documented in the supplied manuscript.
master_data.dta,sy,int8,,Definition not supplied; complete before publication.,4544,0,33,,,,Not fully documented in the supplied manuscript.
master_data.dta,hl,float64,,Definition not supplied; complete before publication.,4544,0,284,,,,Not fully documented in the supplied manuscript.
master_data.dta,time_trend,float32,,Definition not supplied; complete before publication.,4544,0,16,,,,Not fully documented in the supplied manuscript.
master_data.dta,iv_sy,float32,,Shift-share style instrumental variable based on sy; exact construction must be documented.,3456,1088,438,,,,Not fully documented in the supplied manuscript.
master_data.dta,iv_hl,float32,,Instrumental variable based on hl; exact construction must be documented.,4544,0,4544,,,,Not fully documented in the supplied manuscript.
master_data.dta,level,int8,,City-level heterogeneity group indicator; coding must be documented.,4544,0,2,,"Administrative hierarchy. Based on the model order and reported coefficients, 1 appears to denote municipalities, sub-provincial cities and provincial capitals, and 0 general-tier cities; authors must confirm.",,Coding inferred from model order and coefficient matching; confirm with the data creator.
master_data.dta,area,int8,,Regional heterogeneity group indicator; coding must be documented.,4544,0,2,,"Geographic group. Based on the model order and reported coefficients, 1 appears to denote eastern cities and 0 central/western cities; authors must confirm the coding.",,Coding inferred from model order and coefficient matching; confirm with the data creator.
master_data.dta,resource_city,int8,,Resource-based-city indicator.,4544,0,2,,Resource-based city classification under the State Council's National Resource-based City Sustainable Development Plan (2013-2020); 1 denotes resource-based and 0 non-resource-based cities.,State Council National Resource-based City Sustainable Development Plan (2013-2020).,Documented in the manuscript; verify against construction code before release.
master_data.dta,market,float32,,Market-environment group indicator; coding threshold must be documented.,4544,0,2,,"Marketization group based on the annual median of the market integration index; model order indicates 1 is the high-marketization group and 0 the lower-marketization group, subject to author confirmation.",,Coding inferred from model order and coefficient matching; confirm with the data creator.
master_data.dta,manufacturing,float64,,Manufacturing-sector outcome used in industry-distribution heterogeneity analysis.,4544,0,4510,,Newly registered manufacturing enterprises classified under GB/T 4754-2002; exact scaling follows the entrepreneurial-vitality construction and must be confirmed.,,Documented in the manuscript; verify against construction code before release.
master_data.dta,service,float64,,Service-sector outcome used in industry-distribution heterogeneity analysis.,4544,0,4544,,Newly registered service-sector enterprises classified under GB/T 4754-2002; exact scaling must be confirmed.,,Documented in the manuscript; verify against construction code before release.
master_data.dta,consumserv,float64,,Consumer-services outcome used in industry-distribution heterogeneity analysis.,4544,0,4544,,"Newly registered consumer-service enterprises, classified by industry attributes and production activity; exact classification list must be supplied.",,Documented in the manuscript; verify against construction code before release.
master_data.dta,produserv,float64,,Producer-services outcome used in industry-distribution heterogeneity analysis.,4544,0,4544,,"Newly registered producer-service enterprises, classified by industry attributes and production activity; exact classification list must be supplied.",,Documented in the manuscript; verify against construction code before release.
master_data.dta,domestic_demand,float32,,Domestic-demand mechanism variable; exact construction must be documented.,4544,0,4454,,Per-capita total retail sales of consumer goods.,,Documented in the manuscript; verify against construction code before release.
master_data.dta,foreign_demand,float32,,Foreign-demand mechanism variable; exact construction must be documented.,4544,0,4454,,Per-capita merchandise exports.,,Documented in the manuscript; verify against construction code before release.
master_data.dta,talents,float64,,Talent-related mechanism variable; exact construction must be documented.,4544,0,4364,,"Share of total urban employment working in information transmission, computer services, software, scientific research and technical services.",,Documented in the manuscript; verify against construction code before release.
master_data.dta,technology,float32,,Technology-related mechanism variable; exact construction must be documented.,4544,0,4453,,Composite technology-agglomeration index based on science-and-technology expenditure as a share of fiscal expenditure and standardized patent applications per capita.,Fiscal statistics plus patent applications from the China National Intellectual Property Administration.,Documented in the manuscript; verify against construction code before release.
master_data.dta,venture,float32,,Venture-capital mechanism variable; exact construction must be documented.,3976,568,2599,,"Venture-capital investment in the sample city divided by city population, compiled from the Zero2IPO Private Equity Database.",Zero2IPO Private Equity Database.,Documented in the manuscript; verify against construction code before release.
master_data.dta,digital_finance,float64,,Digital-finance mechanism variable; exact construction must be documented.,3976,568,3827,,Peking University Digital Financial Inclusion Index.,Peking University Digital Financial Inclusion Index.,Documented in the manuscript; verify against construction code before release.
moran_results_adjacency.dta,year,int16,year,Calendar year (2009-2024 in the main panel).,16,0,16,,Calendar year; the final balanced panel covers 2009-2024.,,Documented in the manuscript; verify against construction code before release.
moran_results_adjacency.dta,moranI,float64,,Global Moran's I statistic.,16,0,16,,Global Moran's I statistic for urban entrepreneurial vitality.,,Documented in the manuscript; verify against construction code before release.
moran_results_adjacency.dta,E_I,float32,,Expected Moran's I under the null.,16,0,1,,Expected Moran's I under the null.,,Documented in the manuscript; verify against construction code before release.
moran_results_adjacency.dta,sd_I,float32,,Standard deviation of Moran's I under the null.,16,0,16,,Standard deviation of Moran's I under the null.,,Documented in the manuscript; verify against construction code before release.
moran_results_adjacency.dta,z_I,float32,,Z statistic for Moran's I.,16,0,16,,Z statistic for Moran's I.,,Documented in the manuscript; verify against construction code before release.
moran_results_adjacency.dta,p_I,float32,,P value for Moran's I.,16,0,1,,P value for Moran's I.,,Documented in the manuscript; verify against construction code before release.
moran_results_distance.dta,year,int16,year,Calendar year (2009-2024 in the main panel).,16,0,16,,Calendar year; the final balanced panel covers 2009-2024.,,Documented in the manuscript; verify against construction code before release.
moran_results_distance.dta,moranI,float64,,Global Moran's I statistic.,16,0,16,,Global Moran's I statistic for urban entrepreneurial vitality.,,Documented in the manuscript; verify against construction code before release.
moran_results_distance.dta,E_I,float32,,Expected Moran's I under the null.,16,0,1,,Expected Moran's I under the null.,,Documented in the manuscript; verify against construction code before release.
moran_results_distance.dta,sd_I,float32,,Standard deviation of Moran's I under the null.,16,0,16,,Standard deviation of Moran's I under the null.,,Documented in the manuscript; verify against construction code before release.
moran_results_distance.dta,z_I,float32,,Z statistic for Moran's I.,16,0,16,,Z statistic for Moran's I.,,Documented in the manuscript; verify against construction code before release.
moran_results_distance.dta,p_I,float32,,P value for Moran's I.,16,0,1,,P value for Moran's I.,,Documented in the manuscript; verify against construction code before release.
moran_results_geo_economic.dta,year,int16,year,Calendar year (2009-2024 in the main panel).,16,0,16,,Calendar year; the final balanced panel covers 2009-2024.,,Documented in the manuscript; verify against construction code before release.
moran_results_geo_economic.dta,moranI,float64,,Global Moran's I statistic.,16,0,16,,Global Moran's I statistic for urban entrepreneurial vitality.,,Documented in the manuscript; verify against construction code before release.
moran_results_geo_economic.dta,E_I,float32,,Expected Moran's I under the null.,16,0,1,,Expected Moran's I under the null.,,Documented in the manuscript; verify against construction code before release.
moran_results_geo_economic.dta,sd_I,float32,,Standard deviation of Moran's I under the null.,16,0,16,,Standard deviation of Moran's I under the null.,,Documented in the manuscript; verify against construction code before release.
moran_results_geo_economic.dta,z_I,float32,,Z statistic for Moran's I.,16,0,16,,Z statistic for Moran's I.,,Documented in the manuscript; verify against construction code before release.
moran_results_geo_economic.dta,p_I,float32,,P value for Moran's I.,16,0,1,,P value for Moran's I.,,Documented in the manuscript; verify against construction code before release.
placebo_test.dta,year,int16,year,Calendar year (2009-2024 in the main panel).,4544,0,16,"{""_support"": {""0"": ""Off support"", ""1"": ""On support""}, ""_treated"": {""0"": ""Untreated"", ""1"": ""Treated""}}",Calendar year; the final balanced panel covers 2009-2024.,,Documented in the manuscript; verify against construction code before release.
placebo_test.dta,city,float64,city,City identifier; no value-label mapping is embedded in the primary dataset.,4544,0,284,"{""_support"": {""0"": ""Off support"", ""1"": ""On support""}, ""_treated"": {""0"": ""Untreated"", ""1"": ""Treated""}}","Prefecture-level and above administrative unit, including prefecture-level cities, sub-provincial cities and municipalities; urban districts and county-level jurisdictions under municipal administration are included.",,Documented in the manuscript; verify against construction code before release.
placebo_test.dta,城市,str,城市,城市,4544,0,284,"{""_support"": {""0"": ""Off support"", ""1"": ""On support""}, ""_treated"": {""0"": ""Untreated"", ""1"": ""Treated""}}",,,Not fully documented in the supplied manuscript.
placebo_test.dta,pro,int32,省份代码,省份代码,4544,0,31,"{""_support"": {""0"": ""Off support"", ""1"": ""On support""}, ""_treated"": {""0"": ""Untreated"", ""1"": ""Treated""}}",,,Not fully documented in the supplied manuscript.
placebo_test.dta,省份,str,省份,省份,4544,0,31,"{""_support"": {""0"": ""Off support"", ""1"": ""On support""}, ""_treated"": {""0"": ""Untreated"", ""1"": ""Treated""}}",,,Not fully documented in the supplied manuscript.
placebo_test.dta,所属地域,str,所属地域,所属地域,4544,0,3,"{""_support"": {""0"": ""Off support"", ""1"": ""On support""}, ""_treated"": {""0"": ""Untreated"", ""1"": ""Treated""}}",,,Not fully documented in the supplied manuscript.
placebo_test.dta,胡焕庸线,str,胡焕庸线,胡焕庸线,4544,0,2,"{""_support"": {""0"": ""Off support"", ""1"": ""On support""}, ""_treated"": {""0"": ""Untreated"", ""1"": ""Treated""}}",,,Not fully documented in the supplied manuscript.
placebo_test.dta,entreact,float32,缩尾后每百人新创企业数,Entrepreneurial vitality outcome: winsorized number of newly established firms per 100 people.,4544,0,4450,"{""_support"": {""0"": ""Off support"", ""1"": ""On support""}, ""_treated"": {""0"": ""Untreated"", ""1"": ""Treated""}}","Number of newly registered firms per 100 residents in each city-year, after excluding invalid firm records and winsorizing continuous variables at the 1st and 99th percentiles.",China Industrial and Commercial Registered Enterprise Database; population denominator from city statistical sources.,Documented in the manuscript; verify against construction code before release.
placebo_test.dta,替换被解释变量1,float32,缩尾后新创企业对数,缩尾后新创企业对数,4544,0,4330,"{""_support"": {""0"": ""Off support"", ""1"": ""On support""}, ""_treated"": {""0"": ""Untreated"", ""1"": ""Treated""}}",,,Not fully documented in the supplied manuscript.
placebo_test.dta,替换被解释变量2,float32,新创企业数与行政区域面积的比值,新创企业数与行政区域面积的比值,4544,0,4451,"{""_support"": {""0"": ""Off support"", ""1"": ""On support""}, ""_treated"": {""0"": ""Untreated"", ""1"": ""Treated""}}",,,Not fully documented in the supplied manuscript.
placebo_test.dta,最早试点年份,float64,创新型产业集群试点时间,创新型产业集群试点时间,1248,3296,4,"{""_support"": {""0"": ""Off support"", ""1"": ""On support""}, ""_treated"": {""0"": ""Untreated"", ""1"": ""Treated""}}",,,Not fully documented in the supplied manuscript.
placebo_test.dta,treat,int8,Treat,Indicator for cities ever included in the pilot.,4544,0,2,"{""_support"": {""0"": ""Off support"", ""1"": ""On support""}, ""_treated"": {""0"": ""Untreated"", ""1"": ""Treated""}}",Equals 1 if a city was ever designated as an innovative industrial cluster pilot and 0 otherwise.,Official designation documents and policy announcements of China's Ministry of Science and Technology.,Documented in the manuscript; verify against construction code before release.
placebo_test.dta,post,int8,Post,Post-treatment-period indicator.,4544,0,2,"{""_support"": {""0"": ""Off support"", ""1"": ""On support""}, ""_treated"": {""0"": ""Untreated"", ""1"": ""Treated""}}","Equals 1 in the designation year and all subsequent years for a treated city, and 0 otherwise.",Constructed from Ministry of Science and Technology pilot designation year.,Documented in the manuscript; verify against construction code before release.
placebo_test.dta,did,int8,DID,Difference-in-differences treatment indicator (treat x post).,4544,0,2,"{""_support"": {""0"": ""Off support"", ""1"": ""On support""}, ""_treated"": {""0"": ""Untreated"", ""1"": ""Treated""}}",Main policy indicator equal to treat multiplied by post.,Constructed from treat and post.,Documented in the manuscript; verify against construction code before release.
placebo_test.dta,policy,float32,,"Event time relative to the first pilot year, top- and bottom-coded at +/-5 in the analysis code.",4544,0,11,"{""_support"": {""0"": ""Off support"", ""1"": ""On support""}, ""_treated"": {""0"": ""Untreated"", ""1"": ""Treated""}}",,,Not fully documented in the supplied manuscript.
placebo_test.dta,pre5,float32,,Event-time indicator for five or more years before treatment.,4544,0,2,"{""_support"": {""0"": ""Off support"", ""1"": ""On support""}, ""_treated"": {""0"": ""Untreated"", ""1"": ""Treated""}}",,,Not fully documented in the supplied manuscript.
placebo_test.dta,pre4,float32,,Event-time indicator for four years before treatment.,4544,0,2,"{""_support"": {""0"": ""Off support"", ""1"": ""On support""}, ""_treated"": {""0"": ""Untreated"", ""1"": ""Treated""}}",,,Not fully documented in the supplied manuscript.
placebo_test.dta,pre3,float32,,Event-time indicator for three years before treatment.,4544,0,2,"{""_support"": {""0"": ""Off support"", ""1"": ""On support""}, ""_treated"": {""0"": ""Untreated"", ""1"": ""Treated""}}",,,Not fully documented in the supplied manuscript.
placebo_test.dta,pre2,float32,,Event-time indicator for two years before treatment.,4544,0,2,"{""_support"": {""0"": ""Off support"", ""1"": ""On support""}, ""_treated"": {""0"": ""Untreated"", ""1"": ""Treated""}}",,,Not fully documented in the supplied manuscript.
placebo_test.dta,pre1,float32,,Event-time indicator for one year before treatment; reference period in the event-study specification.,4544,0,2,"{""_support"": {""0"": ""Off support"", ""1"": ""On support""}, ""_treated"": {""0"": ""Untreated"", ""1"": ""Treated""}}",,,Not fully documented in the supplied manuscript.
placebo_test.dta,current,float32,,Event-time indicator for the treatment year.,4544,0,2,"{""_support"": {""0"": ""Off support"", ""1"": ""On support""}, ""_treated"": {""0"": ""Untreated"", ""1"": ""Treated""}}",,,Not fully documented in the supplied manuscript.
placebo_test.dta,post1,float32,,Event-time indicator for one year after treatment.,4544,0,2,"{""_support"": {""0"": ""Off support"", ""1"": ""On support""}, ""_treated"": {""0"": ""Untreated"", ""1"": ""Treated""}}",,,Not fully documented in the supplied manuscript.
placebo_test.dta,post2,float32,,Event-time indicator for two years after treatment.,4544,0,2,"{""_support"": {""0"": ""Off support"", ""1"": ""On support""}, ""_treated"": {""0"": ""Untreated"", ""1"": ""Treated""}}",,,Not fully documented in the supplied manuscript.
placebo_test.dta,post3,float32,,Event-time indicator for three years after treatment.,4544,0,2,"{""_support"": {""0"": ""Off support"", ""1"": ""On support""}, ""_treated"": {""0"": ""Untreated"", ""1"": ""Treated""}}",,,Not fully documented in the supplied manuscript.
placebo_test.dta,post4,float32,,Event-time indicator for four years after treatment.,4544,0,2,"{""_support"": {""0"": ""Off support"", ""1"": ""On support""}, ""_treated"": {""0"": ""Untreated"", ""1"": ""Treated""}}",,,Not fully documented in the supplied manuscript.
placebo_test.dta,post5,float32,,Event-time indicator for five or more years after treatment.,4544,0,2,"{""_support"": {""0"": ""Off support"", ""1"": ""On support""}, ""_treated"": {""0"": ""Untreated"", ""1"": ""Treated""}}",,,Not fully documented in the supplied manuscript.
placebo_test.dta,gdp,float64,插值后GDP的对数,Logarithm of interpolated GDP.,4544,0,4191,"{""_support"": {""0"": ""Off support"", ""1"": ""On support""}, ""_treated"": {""0"": ""Untreated"", ""1"": ""Treated""}}",Natural logarithm of city GDP.,"China City Statistical Yearbook (2009-2024), supplemented by prefecture-level statistical yearbooks and official statistical bulletins.",Documented in the manuscript; verify against construction code before release.
placebo_test.dta,fin,float64,插值后金融机构贷款余额与GDP的对数,"Logarithm of interpolated financial-institution loan balance relative to GDP, as labelled in the supplied Stata file.",4544,0,4453,"{""_support"": {""0"": ""Off support"", ""1"": ""On support""}, ""_treated"": {""0"": ""Untreated"", ""1"": ""Treated""}}",Financial development measured in the manuscript as outstanding loans of financial institutions divided by city GDP at year-end.,"China City Statistical Yearbook (2009-2024), supplemented by prefecture-level statistical yearbooks and official statistical bulletins.","Conflict: manuscript defines loans/GDP, while the embedded Stata label refers to an interpolated logarithmic measure. Confirm the actual transformation."
placebo_test.dta,stru,float32,产业结构升级,Industrial structure upgrading measure; formula and source must be documented before publication.,4544,0,3319,"{""_support"": {""0"": ""Off support"", ""1"": ""On support""}, ""_treated"": {""0"": ""Untreated"", ""1"": ""Treated""}}","Industrial upgrading index: sum across the primary, secondary and tertiary sectors of each sector's value-added share multiplied by sector rank 1, 2 or 3.","China City Statistical Yearbook (2009-2024), supplemented by prefecture-level statistical yearbooks and official statistical bulletins.",Documented in the manuscript; verify against construction code before release.
placebo_test.dta,wage,float32,职工平均工资的对数,Logarithm of average employee wage.,4544,0,4401,"{""_support"": {""0"": ""Off support"", ""1"": ""On support""}, ""_treated"": {""0"": ""Untreated"", ""1"": ""Treated""}}",Natural logarithm of the average wage of urban employees.,"China City Statistical Yearbook (2009-2024), supplemented by prefecture-level statistical yearbooks and official statistical bulletins.",Documented in the manuscript; verify against construction code before release.
placebo_test.dta,gov,float64,财政预算支出与财政预算收入的支出比值,Ratio of fiscal budget expenditure to fiscal budget revenue.,4544,0,4452,"{""_support"": {""0"": ""Off support"", ""1"": ""On support""}, ""_treated"": {""0"": ""Untreated"", ""1"": ""Treated""}}",Fiscal pressure: local general budget expenditure divided by local general budget revenue.,"China City Statistical Yearbook (2009-2024), supplemented by prefecture-level statistical yearbooks and official statistical bulletins.",Documented in the manuscript; verify against construction code before release.
placebo_test.dta,human,float32,每万人在校大学生人数,"Number of enrolled university students per 10,000 people.",4544,0,4452,"{""_support"": {""0"": ""Off support"", ""1"": ""On support""}, ""_treated"": {""0"": ""Untreated"", ""1"": ""Treated""}}",Human capital measured in the manuscript as the number of university students per million residents.,"China City Statistical Yearbook (2009-2024), supplemented by prefecture-level statistical yearbooks and official statistical bulletins.","Conflict: manuscript states university students per million residents, while the embedded Stata label states per 10,000 residents. Confirm the denominator."
placebo_test.dta,pubservice,float64,插值后医院床位数的对数,Logarithm of interpolated hospital-bed count.,4544,0,4131,"{""_support"": {""0"": ""Off support"", ""1"": ""On support""}, ""_treated"": {""0"": ""Untreated"", ""1"": ""Treated""}}",Natural logarithm of the number of hospital beds.,"China City Statistical Yearbook (2009-2024), supplemented by prefecture-level statistical yearbooks and official statistical bulletins.",Documented in the manuscript; verify against construction code before release.
placebo_test.dta,tmp,float32,,Definition not supplied; complete before publication.,4544,0,4544,"{""_support"": {""0"": ""Off support"", ""1"": ""On support""}, ""_treated"": {""0"": ""Untreated"", ""1"": ""Treated""}}",,,Not fully documented in the supplied manuscript.
placebo_test.dta,_n3,float64,psmatch2: ID of nearest neighbor nr. 3,psmatch2: ID of nearest neighbor nr. 3,4163,381,1377,"{""_support"": {""0"": ""Off support"", ""1"": ""On support""}, ""_treated"": {""0"": ""Untreated"", ""1"": ""Treated""}}",,,Not fully documented in the supplied manuscript.
placebo_test.dta,_n4,float64,psmatch2: ID of nearest neighbor nr. 4,psmatch2: ID of nearest neighbor nr. 4,4145,399,1365,"{""_support"": {""0"": ""Off support"", ""1"": ""On support""}, ""_treated"": {""0"": ""Untreated"", ""1"": ""Treated""}}",,,Not fully documented in the supplied manuscript.
placebo_test.dta,_pscore,float64,psmatch2: Propensity Score,psmatch2: Propensity Score,4543,1,4543,"{""_support"": {""0"": ""Off support"", ""1"": ""On support""}, ""_treated"": {""0"": ""Untreated"", ""1"": ""Treated""}}",,,Not fully documented in the supplied manuscript.
placebo_test.dta,_treated,float64,psmatch2: Treatment assignment,psmatch2: Treatment assignment,4543,1,2,"{""_support"": {""0"": ""Off support"", ""1"": ""On support""}, ""_treated"": {""0"": ""Untreated"", ""1"": ""Treated""}}",,,Not fully documented in the supplied manuscript.
placebo_test.dta,_support,float64,psmatch2: Common support,psmatch2: Common support,4543,1,2,"{""_support"": {""0"": ""Off support"", ""1"": ""On support""}, ""_treated"": {""0"": ""Untreated"", ""1"": ""Treated""}}",,,Not fully documented in the supplied manuscript.
placebo_test.dta,_weight,float64,psmatch2: weight of matched controls,psmatch2: weight of matched controls,1994,2550,52,"{""_support"": {""0"": ""Off support"", ""1"": ""On support""}, ""_treated"": {""0"": ""Untreated"", ""1"": ""Treated""}}",,,Not fully documented in the supplied manuscript.
placebo_test.dta,_entreact,float64,psmatch2: value of entreact of match(es),psmatch2: value of entreact of match(es),4195,349,1380,"{""_support"": {""0"": ""Off support"", ""1"": ""On support""}, ""_treated"": {""0"": ""Untreated"", ""1"": ""Treated""}}",,,Not fully documented in the supplied manuscript.
placebo_test.dta,_id,int16,psmatch2: Identifier (ID),psmatch2: Identifier (ID),4544,0,4544,"{""_support"": {""0"": ""Off support"", ""1"": ""On support""}, ""_treated"": {""0"": ""Untreated"", ""1"": ""Treated""}}",,,Not fully documented in the supplied manuscript.
placebo_test.dta,_n1,float64,psmatch2: ID of nearest neighbor nr. 1,psmatch2: ID of nearest neighbor nr. 1,4195,349,1375,"{""_support"": {""0"": ""Off support"", ""1"": ""On support""}, ""_treated"": {""0"": ""Untreated"", ""1"": ""Treated""}}",,,Not fully documented in the supplied manuscript.
placebo_test.dta,_n2,float64,psmatch2: ID of nearest neighbor nr. 2,psmatch2: ID of nearest neighbor nr. 2,4188,356,1371,"{""_support"": {""0"": ""Off support"", ""1"": ""On support""}, ""_treated"": {""0"": ""Untreated"", ""1"": ""Treated""}}",,,Not fully documented in the supplied manuscript.
placebo_test.dta,_nn,float32,psmatch2: # matched neighbors,psmatch2: # matched neighbors,4195,349,2,"{""_support"": {""0"": ""Off support"", ""1"": ""On support""}, ""_treated"": {""0"": ""Untreated"", ""1"": ""Treated""}}",,,Not fully documented in the supplied manuscript.
placebo_test.dta,_pdif,float64,psmatch2: abs(pscore - pscore[nearest neighbor]),psmatch2: abs(pscore - pscore[nearest neighbor]),4195,349,3567,"{""_support"": {""0"": ""Off support"", ""1"": ""On support""}, ""_treated"": {""0"": ""Untreated"", ""1"": ""Treated""}}",,,Not fully documented in the supplied manuscript.
placebo_test.dta,_self_entreact,float64,psmatch2: matched value of entreact (T-T & C-C),psmatch2: matched value of entreact (T-T & C-C),4195,349,3081,"{""_support"": {""0"": ""Off support"", ""1"": ""On support""}, ""_treated"": {""0"": ""Untreated"", ""1"": ""Treated""}}",,,Not fully documented in the supplied manuscript.
placebo_test.dta,Excludespecialsamples,int8,剔除直辖市样本,Indicator used to exclude municipality-level observations in a robustness test.,4544,0,2,"{""_support"": {""0"": ""Off support"", ""1"": ""On support""}, ""_treated"": {""0"": ""Untreated"", ""1"": ""Treated""}}",,,Not fully documented in the supplied manuscript.
placebo_test.dta,time,int8,剔除2020-2022年样本,Indicator used for the robustness sample excluding 2020-2022.,4544,0,2,"{""_support"": {""0"": ""Off support"", ""1"": ""On support""}, ""_treated"": {""0"": ""Untreated"", ""1"": ""Treated""}}",,,Not fully documented in the supplied manuscript.
spatial_effect_master_data.dta,id,int32,id,"City identifier or matrix row identifier, depending on dataset.",4544,0,284,,City identifier used for the 284-city spatial panel or matrix ordering.,,Documented in the manuscript; verify against construction code before release.
spatial_effect_master_data.dta,year,int16,year,Calendar year (2009-2024 in the main panel).,4544,0,16,,Calendar year; the final balanced panel covers 2009-2024.,,Documented in the manuscript; verify against construction code before release.
spatial_effect_master_data.dta,pilot,float32,,Pilot-city indicator in the spatial panel.,4544,0,2,,Indicator for whether a city is an innovative industrial cluster pilot in the spatial panel.,,Documented in the manuscript; verify against construction code before release.
spatial_effect_master_data.dta,entreact,float64,entreact,Entrepreneurial vitality outcome: winsorized number of newly established firms per 100 people.,4544,0,4449,,"Number of newly registered firms per 100 residents in each city-year, after excluding invalid firm records and winsorizing continuous variables at the 1st and 99th percentiles.",China Industrial and Commercial Registered Enterprise Database; population denominator from city statistical sources.,Documented in the manuscript; verify against construction code before release.
spatial_effect_master_data.dta,did,int8,did,Difference-in-differences treatment indicator (treat x post).,4544,0,2,,Main policy indicator equal to treat multiplied by post.,Constructed from treat and post.,Documented in the manuscript; verify against construction code before release.
spatial_effect_master_data.dta,gdp,float64,gdp,Logarithm of interpolated GDP.,4544,0,4191,,Natural logarithm of city GDP.,"China City Statistical Yearbook (2009-2024), supplemented by prefecture-level statistical yearbooks and official statistical bulletins.",Documented in the manuscript; verify against construction code before release.
spatial_effect_master_data.dta,fin,float64,fin,"Logarithm of interpolated financial-institution loan balance relative to GDP, as labelled in the supplied Stata file.",4544,0,4453,,Financial development measured in the manuscript as outstanding loans of financial institutions divided by city GDP at year-end.,"China City Statistical Yearbook (2009-2024), supplemented by prefecture-level statistical yearbooks and official statistical bulletins.","Conflict: manuscript defines loans/GDP, while the embedded Stata label refers to an interpolated logarithmic measure. Confirm the actual transformation."
spatial_effect_master_data.dta,stru,float64,stru,Industrial structure upgrading measure; formula and source must be documented before publication.,4544,0,3317,,"Industrial upgrading index: sum across the primary, secondary and tertiary sectors of each sector's value-added share multiplied by sector rank 1, 2 or 3.","China City Statistical Yearbook (2009-2024), supplemented by prefecture-level statistical yearbooks and official statistical bulletins.",Documented in the manuscript; verify against construction code before release.
spatial_effect_master_data.dta,wage,float64,wage,Logarithm of average employee wage.,4544,0,4385,,Natural logarithm of the average wage of urban employees.,"China City Statistical Yearbook (2009-2024), supplemented by prefecture-level statistical yearbooks and official statistical bulletins.",Documented in the manuscript; verify against construction code before release.
spatial_effect_master_data.dta,gov,float64,gov,Ratio of fiscal budget expenditure to fiscal budget revenue.,4544,0,4451,,Fiscal pressure: local general budget expenditure divided by local general budget revenue.,"China City Statistical Yearbook (2009-2024), supplemented by prefecture-level statistical yearbooks and official statistical bulletins.",Documented in the manuscript; verify against construction code before release.
spatial_effect_master_data.dta,human,float64,human,"Number of enrolled university students per 10,000 people.",4544,0,4451,,Human capital measured in the manuscript as the number of university students per million residents.,"China City Statistical Yearbook (2009-2024), supplemented by prefecture-level statistical yearbooks and official statistical bulletins.","Conflict: manuscript states university students per million residents, while the embedded Stata label states per 10,000 residents. Confirm the denominator."
spatial_effect_master_data.dta,pubservice,float64,pubservice,Logarithm of interpolated hospital-bed count.,4544,0,4130,,Natural logarithm of the number of hospital beds.,"China City Statistical Yearbook (2009-2024), supplemented by prefecture-level statistical yearbooks and official statistical bulletins.",Documented in the manuscript; verify against construction code before release.
traffic_distance_data.dta,fromid,int32,fromid,Origin-city identifier in the directed city-pair distance table.,80656,0,284,,,,Not fully documented in the supplied manuscript.
traffic_distance_data.dta,toid,int32,toid,Destination-city identifier in the directed city-pair distance table.,80656,0,284,,,,Not fully documented in the supplied manuscript.
traffic_distance_data.dta,dist,float64,交通线路距离,Traffic-network distance between origin and destination cities; unit is presumed kilometres from the analysis code and must be confirmed.,80656,0,69967,,"Traffic-line distance between city pairs, expressed in kilometres in the spatial-boundary specification.",,Documented in the manuscript; verify against construction code before release.
spatial_adjacency_source.dta,id,str,id,"City identifier or matrix row identifier, depending on dataset.",284,0,284,,City identifier used for the 284-city spatial panel or matrix ordering.,,Documented in the manuscript; verify against construction code before release.
spatial_adjacency_source.dta,a1,int8,a1,Adjacency entry for the matrix column identified by this variable name.,284,0,2,,,,Matrix element; row/column ordering remains to be verified.
spatial_adjacency_source.dta,a2,int8,a2,Adjacency entry for the matrix column identified by this variable name.,284,0,2,,,,Matrix element; row/column ordering remains to be verified.
spatial_adjacency_source.dta,a3,int8,a3,Adjacency entry for the matrix column identified by this variable name.,284,0,2,,,,Matrix element; row/column ordering remains to be verified.
spatial_adjacency_source.dta,a4,int8,a4,Adjacency entry for the matrix column identified by this variable name.,284,0,2,,,,Matrix element; row/column ordering remains to be verified.
spatial_adjacency_source.dta,a5,int8,a5,Adjacency entry for the matrix column identified by this variable name.,284,0,2,,,,Matrix element; row/column ordering remains to be verified.
spatial_adjacency_source.dta,a6,int8,a6,Adjacency entry for the matrix column identified by this variable name.,284,0,2,,,,Matrix element; row/column ordering remains to be verified.
spatial_adjacency_source.dta,a7,int8,a7,Adjacency entry for the matrix column identified by this variable name.,284,0,2,,,,Matrix element; row/column ordering remains to be verified.
spatial_adjacency_source.dta,a8,int8,a8,Adjacency entry for the matrix column identified by this variable name.,284,0,2,,,,Matrix element; row/column ordering remains to be verified.
spatial_adjacency_source.dta,a9,int8,a9,Adjacency entry for the matrix column identified by this variable name.,284,0,2,,,,Matrix element; row/column ordering remains to be verified.
spatial_adjacency_source.dta,a10,int8,a10,Adjacency entry for the matrix column identified by this variable name.,284,0,2,,,,Matrix element; row/column ordering remains to be verified.
spatial_adjacency_source.dta,a11,int8,a11,Adjacency entry for the matrix column identified by this variable name.,284,0,2,,,,Matrix element; row/column ordering remains to be verified.
spatial_adjacency_source.dta,a12,int8,a12,Adjacency entry for the matrix column identified by this variable name.,284,0,2,,,,Matrix element; row/column ordering remains to be verified.
spatial_adjacency_source.dta,a13,int8,a13,Adjacency entry for the matrix column identified by this variable name.,284,0,2,,,,Matrix element; row/column ordering remains to be verified.
spatial_adjacency_source.dta,a14,int8,a14,Adjacency entry for the matrix column identified by this variable name.,284,0,2,,,,Matrix element; row/column ordering remains to be verified.
spatial_adjacency_source.dta,a15,int8,a15,Adjacency entry for the matrix column identified by this variable name.,284,0,2,,,,Matrix element; row/column ordering remains to be verified.
spatial_adjacency_source.dta,a16,int8,a16,Adjacency entry for the matrix column identified by this variable name.,284,0,2,,,,Matrix element; row/column ordering remains to be verified.
spatial_adjacency_source.dta,a17,int8,a17,Adjacency entry for the matrix column identified by this variable name.,284,0,2,,,,Matrix element; row/column ordering remains to be verified.
spatial_adjacency_source.dta,a18,int8,a18,Adjacency entry for the matrix column identified by this variable name.,284,0,2,,,,Matrix element; row/column ordering remains to be verified.
spatial_adjacency_source.dta,a19,int8,a19,Adjacency entry for the matrix column identified by this variable name.,284,0,2,,,,Matrix element; row/column ordering remains to be verified.
spatial_adjacency_source.dta,a20,int8,a20,Adjacency entry for the matrix column identified by this variable name.,284,0,2,,,,Matrix element; row/column ordering remains to be verified.
spatial_adjacency_source.dta,a21,int8,a21,Adjacency entry for the matrix column identified by this variable name.,284,0,2,,,,Matrix element; row/column ordering remains to be verified.
spatial_adjacency_source.dta,a22,int8,a22,Adjacency entry for the matrix column identified by this variable name.,284,0,2,,,,Matrix element; row/column ordering remains to be verified.
spatial_adjacency_source.dta,a23,int8,a23,Adjacency entry for the matrix column identified by this variable name.,284,0,2,,,,Matrix element; row/column ordering remains to be verified.
spatial_adjacency_source.dta,a24,int8,a24,Adjacency entry for the matrix column identified by this variable name.,284,0,2,,,,Matrix element; row/column ordering remains to be verified.
spatial_adjacency_source.dta,a25,int8,a25,Adjacency entry for the matrix column identified by this variable name.,284,0,2,,,,Matrix element; row/column ordering remains to be verified.
spatial_adjacency_source.dta,a26,int8,a26,Adjacency entry for the matrix column identified by this variable name.,284,0,2,,,,Matrix element; row/column ordering remains to be verified.
spatial_adjacency_source.dta,a27,int8,a27,Adjacency entry for the matrix column identified by this variable name.,284,0,2,,,,Matrix element; row/column ordering remains to be verified.
spatial_adjacency_source.dta,a28,int8,a28,Adjacency entry for the matrix column identified by this variable name.,284,0,2,,,,Matrix element; row/column ordering remains to be verified.
spatial_adjacency_source.dta,a29,int8,a29,Adjacency entry for the matrix column identified by this variable name.,284,0,2,,,,Matrix element; row/column ordering remains to be verified.
spatial_adjacency_source.dta,a30,int8,a30,Adjacency entry for the matrix column identified by this variable name.,284,0,2,,,,Matrix element; row/column ordering remains to be verified.
spatial_adjacency_source.dta,a31,int8,a31,Adjacency entry for the matrix column identified by this variable name.,284,0,2,,,,Matrix element; row/column ordering remains to be verified.
spatial_adjacency_source.dta,a32,int8,a32,Adjacency entry for the matrix column identified by this variable name.,284,0,2,,,,Matrix element; row/column ordering remains to be verified.
spatial_adjacency_source.dta,a33,int8,a33,Adjacency entry for the matrix column identified by this variable name.,284,0,2,,,,Matrix element; row/column ordering remains to be verified.
spatial_adjacency_source.dta,a34,int8,a34,Adjacency entry for the matrix column identified by this variable name.,284,0,2,,,,Matrix element; row/column ordering remains to be verified.
spatial_adjacency_source.dta,a35,int8,a35,Adjacency entry for the matrix column identified by this variable name.,284,0,2,,,,Matrix element; row/column ordering remains to be verified.
spatial_adjacency_source.dta,a36,int8,a36,Adjacency entry for the matrix column identified by this variable name.,284,0,2,,,,Matrix element; row/column ordering remains to be verified.
spatial_adjacency_source.dta,a37,int8,a37,Adjacency entry for the matrix column identified by this variable name.,284,0,2,,,,Matrix element; row/column ordering remains to be verified.
spatial_adjacency_source.dta,a38,int8,a38,Adjacency entry for the matrix column identified by this variable name.,284,0,2,,,,Matrix element; row/column ordering remains to be verified.
spatial_adjacency_source.dta,a39,int8,a39,Adjacency entry for the matrix column identified by this variable name.,284,0,2,,,,Matrix element; row/column ordering remains to be verified.
spatial_adjacency_source.dta,a40,int8,a40,Adjacency entry for the matrix column identified by this variable name.,284,0,2,,,,Matrix element; row/column ordering remains to be verified.
spatial_adjacency_source.dta,a41,int8,a41,Adjacency entry for the matrix column identified by this variable name.,284,0,2,,,,Matrix element; row/column ordering remains to be verified.
spatial_adjacency_source.dta,a42,int8,a42,Adjacency entry for the matrix column identified by this variable name.,284,0,2,,,,Matrix element; row/column ordering remains to be verified.
spatial_adjacency_source.dta,a43,int8,a43,Adjacency entry for the matrix column identified by this variable name.,284,0,2,,,,Matrix element; row/column ordering remains to be verified.
spatial_adjacency_source.dta,a44,int8,a44,Adjacency entry for the matrix column identified by this variable name.,284,0,2,,,,Matrix element; row/column ordering remains to be verified.
spatial_adjacency_source.dta,a45,int8,a45,Adjacency entry for the matrix column identified by this variable name.,284,0,2,,,,Matrix element; row/column ordering remains to be verified.
spatial_adjacency_source.dta,a46,int8,a46,Adjacency entry for the matrix column identified by this variable name.,284,0,2,,,,Matrix element; row/column ordering remains to be verified.
spatial_adjacency_source.dta,a47,int8,a47,Adjacency entry for the matrix column identified by this variable name.,284,0,2,,,,Matrix element; row/column ordering remains to be verified.
spatial_adjacency_source.dta,a48,int8,a48,Adjacency entry for the matrix column identified by this variable name.,284,0,2,,,,Matrix element; row/column ordering remains to be verified.
spatial_adjacency_source.dta,a49,int8,a49,Adjacency entry for the matrix column identified by this variable name.,284,0,2,,,,Matrix element; row/column ordering remains to be verified.
spatial_adjacency_source.dta,a50,int8,a50,Adjacency entry for the matrix column identified by this variable name.,284,0,2,,,,Matrix element; row/column ordering remains to be verified.
spatial_adjacency_source.dta,a51,int8,a51,Adjacency entry for the matrix column identified by this variable name.,284,0,2,,,,Matrix element; row/column ordering remains to be verified.
spatial_adjacency_source.dta,a52,int8,a52,Adjacency entry for the matrix column identified by this variable name.,284,0,2,,,,Matrix element; row/column ordering remains to be verified.
spatial_adjacency_source.dta,a53,int8,a53,Adjacency entry for the matrix column identified by this variable name.,284,0,2,,,,Matrix element; row/column ordering remains to be verified.
spatial_adjacency_source.dta,a54,int8,a54,Adjacency entry for the matrix column identified by this variable name.,284,0,2,,,,Matrix element; row/column ordering remains to be verified.
spatial_adjacency_source.dta,a55,int8,a55,Adjacency entry for the matrix column identified by this variable name.,284,0,2,,,,Matrix element; row/column ordering remains to be verified.
spatial_adjacency_source.dta,a56,int8,a56,Adjacency entry for the matrix column identified by this variable name.,284,0,2,,,,Matrix element; row/column ordering remains to be verified.
spatial_adjacency_source.dta,a57,int8,a57,Adjacency entry for the matrix column identified by this variable name.,284,0,2,,,,Matrix element; row/column ordering remains to be verified.
spatial_adjacency_source.dta,a58,int8,a58,Adjacency entry for the matrix column identified by this variable name.,284,0,2,,,,Matrix element; row/column ordering remains to be verified.
spatial_adjacency_source.dta,a59,int8,a59,Adjacency entry for the matrix column identified by this variable name.,284,0,2,,,,Matrix element; row/column ordering remains to be verified.
spatial_adjacency_source.dta,a60,int8,a60,Adjacency entry for the matrix column identified by this variable name.,284,0,2,,,,Matrix element; row/column ordering remains to be verified.
spatial_adjacency_source.dta,a61,int8,a61,Adjacency entry for the matrix column identified by this variable name.,284,0,2,,,,Matrix element; row/column ordering remains to be verified.
spatial_adjacency_source.dta,a62,int8,a62,Adjacency entry for the matrix column identified by this variable name.,284,0,2,,,,Matrix element; row/column ordering remains to be verified.
spatial_adjacency_source.dta,a63,int8,a63,Adjacency entry for the matrix column identified by this variable name.,284,0,2,,,,Matrix element; row/column ordering remains to be verified.
spatial_adjacency_source.dta,a64,int8,a64,Adjacency entry for the matrix column identified by this variable name.,284,0,2,,,,Matrix element; row/column ordering remains to be verified.
spatial_adjacency_source.dta,a65,int8,a65,Adjacency entry for the matrix column identified by this variable name.,284,0,2,,,,Matrix element; row/column ordering remains to be verified.
spatial_adjacency_source.dta,a66,int8,a66,Adjacency entry for the matrix column identified by this variable name.,284,0,2,,,,Matrix element; row/column ordering remains to be verified.
spatial_adjacency_source.dta,a67,int8,a67,Adjacency entry for the matrix column identified by this variable name.,284,0,2,,,,Matrix element; row/column ordering remains to be verified.
spatial_adjacency_source.dta,a68,int8,a68,Adjacency entry for the matrix column identified by this variable name.,284,0,2,,,,Matrix element; row/column ordering remains to be verified.
spatial_adjacency_source.dta,a69,int8,a69,Adjacency entry for the matrix column identified by this variable name.,284,0,2,,,,Matrix element; row/column ordering remains to be verified.
spatial_adjacency_source.dta,a70,int8,a70,Adjacency entry for the matrix column identified by this variable name.,284,0,2,,,,Matrix element; row/column ordering remains to be verified.
spatial_adjacency_source.dta,a71,int8,a71,Adjacency entry for the matrix column identified by this variable name.,284,0,2,,,,Matrix element; row/column ordering remains to be verified.
spatial_adjacency_source.dta,a72,int8,a72,Adjacency entry for the matrix column identified by this variable name.,284,0,2,,,,Matrix element; row/column ordering remains to be verified.
spatial_adjacency_source.dta,a73,int8,a73,Adjacency entry for the matrix column identified by this variable name.,284,0,2,,,,Matrix element; row/column ordering remains to be verified.
spatial_adjacency_source.dta,a74,int8,a74,Adjacency entry for the matrix column identified by this variable name.,284,0,2,,,,Matrix element; row/column ordering remains to be verified.
spatial_adjacency_source.dta,a75,int8,a75,Adjacency entry for the matrix column identified by this variable name.,284,0,2,,,,Matrix element; row/column ordering remains to be verified.
spatial_adjacency_source.dta,a76,int8,a76,Adjacency entry for the matrix column identified by this variable name.,284,0,2,,,,Matrix element; row/column ordering remains to be verified.
spatial_adjacency_source.dta,a77,int8,a77,Adjacency entry for the matrix column identified by this variable name.,284,0,2,,,,Matrix element; row/column ordering remains to be verified.
spatial_adjacency_source.dta,a78,int8,a78,Adjacency entry for the matrix column identified by this variable name.,284,0,2,,,,Matrix element; row/column ordering remains to be verified.
spatial_adjacency_source.dta,a79,int8,a79,Adjacency entry for the matrix column identified by this variable name.,284,0,2,,,,Matrix element; row/column ordering remains to be verified.
spatial_adjacency_source.dta,a80,int8,a80,Adjacency entry for the matrix column identified by this variable name.,284,0,2,,,,Matrix element; row/column ordering remains to be verified.
spatial_adjacency_source.dta,a81,int8,a81,Adjacency entry for the matrix column identified by this variable name.,284,0,2,,,,Matrix element; row/column ordering remains to be verified.
spatial_adjacency_source.dta,a82,int8,a82,Adjacency entry for the matrix column identified by this variable name.,284,0,2,,,,Matrix element; row/column ordering remains to be verified.
spatial_adjacency_source.dta,a83,int8,a83,Adjacency entry for the matrix column identified by this variable name.,284,0,2,,,,Matrix element; row/column ordering remains to be verified.
spatial_adjacency_source.dta,a84,int8,a84,Adjacency entry for the matrix column identified by this variable name.,284,0,2,,,,Matrix element; row/column ordering remains to be verified.
spatial_adjacency_source.dta,a85,int8,a85,Adjacency entry for the matrix column identified by this variable name.,284,0,2,,,,Matrix element; row/column ordering remains to be verified.
spatial_adjacency_source.dta,a86,int8,a86,Adjacency entry for the matrix column identified by this variable name.,284,0,2,,,,Matrix element; row/column ordering remains to be verified.
spatial_adjacency_source.dta,a87,int8,a87,Adjacency entry for the matrix column identified by this variable name.,284,0,2,,,,Matrix element; row/column ordering remains to be verified.
spatial_adjacency_source.dta,a88,int8,a88,Adjacency entry for the matrix column identified by this variable name.,284,0,2,,,,Matrix element; row/column ordering remains to be verified.
spatial_adjacency_source.dta,a89,int8,a89,Adjacency entry for the matrix column identified by this variable name.,284,0,2,,,,Matrix element; row/column ordering remains to be verified.
spatial_adjacency_source.dta,a90,int8,a90,Adjacency entry for the matrix column identified by this variable name.,284,0,2,,,,Matrix element; row/column ordering remains to be verified.
spatial_adjacency_source.dta,a91,int8,a91,Adjacency entry for the matrix column identified by this variable name.,284,0,2,,,,Matrix element; row/column ordering remains to be verified.
spatial_adjacency_source.dta,a92,int8,a92,Adjacency entry for the matrix column identified by this variable name.,284,0,2,,,,Matrix element; row/column ordering remains to be verified.
spatial_adjacency_source.dta,a93,int8,a93,Adjacency entry for the matrix column identified by this variable name.,284,0,2,,,,Matrix element; row/column ordering remains to be verified.
spatial_adjacency_source.dta,a94,int8,a94,Adjacency entry for the matrix column identified by this variable name.,284,0,2,,,,Matrix element; row/column ordering remains to be verified.
spatial_adjacency_source.dta,a95,int8,a95,Adjacency entry for the matrix column identified by this variable name.,284,0,2,,,,Matrix element; row/column ordering remains to be verified.
spatial_adjacency_source.dta,a96,int8,a96,Adjacency entry for the matrix column identified by this variable name.,284,0,2,,,,Matrix element; row/column ordering remains to be verified.
spatial_adjacency_source.dta,a97,int8,a97,Adjacency entry for the matrix column identified by this variable name.,284,0,2,,,,Matrix element; row/column ordering remains to be verified.
spatial_adjacency_source.dta,a98,int8,a98,Adjacency entry for the matrix column identified by this variable name.,284,0,2,,,,Matrix element; row/column ordering remains to be verified.
spatial_adjacency_source.dta,a99,int8,a99,Adjacency entry for the matrix column identified by this variable name.,284,0,2,,,,Matrix element; row/column ordering remains to be verified.
spatial_adjacency_source.dta,a100,int8,a100,Adjacency entry for the matrix column identified by this variable name.,284,0,2,,,,Matrix element; row/column ordering remains to be verified.
spatial_adjacency_source.dta,a101,int8,a101,Adjacency entry for the matrix column identified by this variable name.,284,0,2,,,,Matrix element; row/column ordering remains to be verified.
spatial_adjacency_source.dta,a102,int8,a102,Adjacency entry for the matrix column identified by this variable name.,284,0,2,,,,Matrix element; row/column ordering remains to be verified.
spatial_adjacency_source.dta,a103,int8,a103,Adjacency entry for the matrix column identified by this variable name.,284,0,2,,,,Matrix element; row/column ordering remains to be verified.
spatial_adjacency_source.dta,a104,int8,a104,Adjacency entry for the matrix column identified by this variable name.,284,0,2,,,,Matrix element; row/column ordering remains to be verified.
spatial_adjacency_source.dta,a105,int8,a105,Adjacency entry for the matrix column identified by this variable name.,284,0,2,,,,Matrix element; row/column ordering remains to be verified.
spatial_adjacency_source.dta,a106,int8,a106,Adjacency entry for the matrix column identified by this variable name.,284,0,2,,,,Matrix element; row/column ordering remains to be verified.
spatial_adjacency_source.dta,a107,int8,a107,Adjacency entry for the matrix column identified by this variable name.,284,0,2,,,,Matrix element; row/column ordering remains to be verified.
spatial_adjacency_source.dta,a108,int8,a108,Adjacency entry for the matrix column identified by this variable name.,284,0,2,,,,Matrix element; row/column ordering remains to be verified.
spatial_adjacency_source.dta,a109,int8,a109,Adjacency entry for the matrix column identified by this variable name.,284,0,2,,,,Matrix element; row/column ordering remains to be verified.
spatial_adjacency_source.dta,a110,int8,a110,Adjacency entry for the matrix column identified by this variable name.,284,0,2,,,,Matrix element; row/column ordering remains to be verified.
spatial_adjacency_source.dta,a111,int8,a111,Adjacency entry for the matrix column identified by this variable name.,284,0,2,,,,Matrix element; row/column ordering remains to be verified.
spatial_adjacency_source.dta,a112,int8,a112,Adjacency entry for the matrix column identified by this variable name.,284,0,2,,,,Matrix element; row/column ordering remains to be verified.
spatial_adjacency_source.dta,a113,int8,a113,Adjacency entry for the matrix column identified by this variable name.,284,0,2,,,,Matrix element; row/column ordering remains to be verified.
spatial_adjacency_source.dta,a114,int8,a114,Adjacency entry for the matrix column identified by this variable name.,284,0,2,,,,Matrix element; row/column ordering remains to be verified.
spatial_adjacency_source.dta,a115,int8,a115,Adjacency entry for the matrix column identified by this variable name.,284,0,2,,,,Matrix element; row/column ordering remains to be verified.
spatial_adjacency_source.dta,a116,int8,a116,Adjacency entry for the matrix column identified by this variable name.,284,0,2,,,,Matrix element; row/column ordering remains to be verified.
spatial_adjacency_source.dta,a117,int8,a117,Adjacency entry for the matrix column identified by this variable name.,284,0,2,,,,Matrix element; row/column ordering remains to be verified.
spatial_adjacency_source.dta,a118,int8,a118,Adjacency entry for the matrix column identified by this variable name.,284,0,2,,,,Matrix element; row/column ordering remains to be verified.
spatial_adjacency_source.dta,a119,int8,a119,Adjacency entry for the matrix column identified by this variable name.,284,0,2,,,,Matrix element; row/column ordering remains to be verified.
spatial_adjacency_source.dta,a120,int8,a120,Adjacency entry for the matrix column identified by this variable name.,284,0,2,,,,Matrix element; row/column ordering remains to be verified.
spatial_adjacency_source.dta,a121,int8,a121,Adjacency entry for the matrix column identified by this variable name.,284,0,2,,,,Matrix element; row/column ordering remains to be verified.
spatial_adjacency_source.dta,a122,int8,a122,Adjacency entry for the matrix column identified by this variable name.,284,0,2,,,,Matrix element; row/column ordering remains to be verified.
spatial_adjacency_source.dta,a123,int8,a123,Adjacency entry for the matrix column identified by this variable name.,284,0,2,,,,Matrix element; row/column ordering remains to be verified.
spatial_adjacency_source.dta,a124,int8,a124,Adjacency entry for the matrix column identified by this variable name.,284,0,2,,,,Matrix element; row/column ordering remains to be verified.
spatial_adjacency_source.dta,a125,int8,a125,Adjacency entry for the matrix column identified by this variable name.,284,0,2,,,,Matrix element; row/column ordering remains to be verified.
spatial_adjacency_source.dta,a126,int8,a126,Adjacency entry for the matrix column identified by this variable name.,284,0,2,,,,Matrix element; row/column ordering remains to be verified.
spatial_adjacency_source.dta,a127,int8,a127,Adjacency entry for the matrix column identified by this variable name.,284,0,2,,,,Matrix element; row/column ordering remains to be verified.
spatial_adjacency_source.dta,a128,int8,a128,Adjacency entry for the matrix column identified by this variable name.,284,0,2,,,,Matrix element; row/column ordering remains to be verified.
spatial_adjacency_source.dta,a129,int8,a129,Adjacency entry for the matrix column identified by this variable name.,284,0,2,,,,Matrix element; row/column ordering remains to be verified.
spatial_adjacency_source.dta,a130,int8,a130,Adjacency entry for the matrix column identified by this variable name.,284,0,2,,,,Matrix element; row/column ordering remains to be verified.
spatial_adjacency_source.dta,a131,int8,a131,Adjacency entry for the matrix column identified by this variable name.,284,0,2,,,,Matrix element; row/column ordering remains to be verified.
spatial_adjacency_source.dta,a132,int8,a132,Adjacency entry for the matrix column identified by this variable name.,284,0,2,,,,Matrix element; row/column ordering remains to be verified.
spatial_adjacency_source.dta,a133,int8,a133,Adjacency entry for the matrix column identified by this variable name.,284,0,2,,,,Matrix element; row/column ordering remains to be verified.
spatial_adjacency_source.dta,a134,int8,a134,Adjacency entry for the matrix column identified by this variable name.,284,0,2,,,,Matrix element; row/column ordering remains to be verified.
spatial_adjacency_source.dta,a135,int8,a135,Adjacency entry for the matrix column identified by this variable name.,284,0,2,,,,Matrix element; row/column ordering remains to be verified.
spatial_adjacency_source.dta,a136,int8,a136,Adjacency entry for the matrix column identified by this variable name.,284,0,2,,,,Matrix element; row/column ordering remains to be verified.
spatial_adjacency_source.dta,a137,int8,a137,Adjacency entry for the matrix column identified by this variable name.,284,0,2,,,,Matrix element; row/column ordering remains to be verified.
spatial_adjacency_source.dta,a138,int8,a138,Adjacency entry for the matrix column identified by this variable name.,284,0,2,,,,Matrix element; row/column ordering remains to be verified.
spatial_adjacency_source.dta,a139,int8,a139,Adjacency entry for the matrix column identified by this variable name.,284,0,2,,,,Matrix element; row/column ordering remains to be verified.
spatial_adjacency_source.dta,a140,int8,a140,Adjacency entry for the matrix column identified by this variable name.,284,0,2,,,,Matrix element; row/column ordering remains to be verified.
spatial_adjacency_source.dta,a141,int8,a141,Adjacency entry for the matrix column identified by this variable name.,284,0,2,,,,Matrix element; row/column ordering remains to be verified.
spatial_adjacency_source.dta,a142,int8,a142,Adjacency entry for the matrix column identified by this variable name.,284,0,2,,,,Matrix element; row/column ordering remains to be verified.
spatial_adjacency_source.dta,a143,int8,a143,Adjacency entry for the matrix column identified by this variable name.,284,0,2,,,,Matrix element; row/column ordering remains to be verified.
spatial_adjacency_source.dta,a144,int8,a144,Adjacency entry for the matrix column identified by this variable name.,284,0,2,,,,Matrix element; row/column ordering remains to be verified.
spatial_adjacency_source.dta,a145,int8,a145,Adjacency entry for the matrix column identified by this variable name.,284,0,2,,,,Matrix element; row/column ordering remains to be verified.
spatial_adjacency_source.dta,a146,int8,a146,Adjacency entry for the matrix column identified by this variable name.,284,0,2,,,,Matrix element; row/column ordering remains to be verified.
spatial_adjacency_source.dta,a147,int8,a147,Adjacency entry for the matrix column identified by this variable name.,284,0,2,,,,Matrix element; row/column ordering remains to be verified.
spatial_adjacency_source.dta,a148,int8,a148,Adjacency entry for the matrix column identified by this variable name.,284,0,2,,,,Matrix element; row/column ordering remains to be verified.
spatial_adjacency_source.dta,a149,int8,a149,Adjacency entry for the matrix column identified by this variable name.,284,0,2,,,,Matrix element; row/column ordering remains to be verified.
spatial_adjacency_source.dta,a150,int8,a150,Adjacency entry for the matrix column identified by this variable name.,284,0,2,,,,Matrix element; row/column ordering remains to be verified.
spatial_adjacency_source.dta,a151,int8,a151,Adjacency entry for the matrix column identified by this variable name.,284,0,2,,,,Matrix element; row/column ordering remains to be verified.
spatial_adjacency_source.dta,a152,int8,a152,Adjacency entry for the matrix column identified by this variable name.,284,0,2,,,,Matrix element; row/column ordering remains to be verified.
spatial_adjacency_source.dta,a153,int8,a153,Adjacency entry for the matrix column identified by this variable name.,284,0,2,,,,Matrix element; row/column ordering remains to be verified.
spatial_adjacency_source.dta,a154,int8,a154,Adjacency entry for the matrix column identified by this variable name.,284,0,2,,,,Matrix element; row/column ordering remains to be verified.
spatial_adjacency_source.dta,a155,int8,a155,Adjacency entry for the matrix column identified by this variable name.,284,0,2,,,,Matrix element; row/column ordering remains to be verified.
spatial_adjacency_source.dta,a156,int8,a156,Adjacency entry for the matrix column identified by this variable name.,284,0,2,,,,Matrix element; row/column ordering remains to be verified.
spatial_adjacency_source.dta,a157,int8,a157,Adjacency entry for the matrix column identified by this variable name.,284,0,2,,,,Matrix element; row/column ordering remains to be verified.
spatial_adjacency_source.dta,a158,int8,a158,Adjacency entry for the matrix column identified by this variable name.,284,0,2,,,,Matrix element; row/column ordering remains to be verified.
spatial_adjacency_source.dta,a159,int8,a159,Adjacency entry for the matrix column identified by this variable name.,284,0,2,,,,Matrix element; row/column ordering remains to be verified.
spatial_adjacency_source.dta,a160,int8,a160,Adjacency entry for the matrix column identified by this variable name.,284,0,2,,,,Matrix element; row/column ordering remains to be verified.
spatial_adjacency_source.dta,a161,int8,a161,Adjacency entry for the matrix column identified by this variable name.,284,0,2,,,,Matrix element; row/column ordering remains to be verified.
spatial_adjacency_source.dta,a162,int8,a162,Adjacency entry for the matrix column identified by this variable name.,284,0,2,,,,Matrix element; row/column ordering remains to be verified.
spatial_adjacency_source.dta,a163,int8,a163,Adjacency entry for the matrix column identified by this variable name.,284,0,2,,,,Matrix element; row/column ordering remains to be verified.
spatial_adjacency_source.dta,a164,int8,a164,Adjacency entry for the matrix column identified by this variable name.,284,0,2,,,,Matrix element; row/column ordering remains to be verified.
spatial_adjacency_source.dta,a165,int8,a165,Adjacency entry for the matrix column identified by this variable name.,284,0,2,,,,Matrix element; row/column ordering remains to be verified.
spatial_adjacency_source.dta,a166,int8,a166,Adjacency entry for the matrix column identified by this variable name.,284,0,2,,,,Matrix element; row/column ordering remains to be verified.
spatial_adjacency_source.dta,a167,int8,a167,Adjacency entry for the matrix column identified by this variable name.,284,0,2,,,,Matrix element; row/column ordering remains to be verified.
spatial_adjacency_source.dta,a168,int8,a168,Adjacency entry for the matrix column identified by this variable name.,284,0,2,,,,Matrix element; row/column ordering remains to be verified.
spatial_adjacency_source.dta,a169,int8,a169,Adjacency entry for the matrix column identified by this variable name.,284,0,2,,,,Matrix element; row/column ordering remains to be verified.
spatial_adjacency_source.dta,a170,int8,a170,Adjacency entry for the matrix column identified by this variable name.,284,0,2,,,,Matrix element; row/column ordering remains to be verified.
spatial_adjacency_source.dta,a171,int8,a171,Adjacency entry for the matrix column identified by this variable name.,284,0,2,,,,Matrix element; row/column ordering remains to be verified.
spatial_adjacency_source.dta,a172,int8,a172,Adjacency entry for the matrix column identified by this variable name.,284,0,2,,,,Matrix element; row/column ordering remains to be verified.
spatial_adjacency_source.dta,a173,int8,a173,Adjacency entry for the matrix column identified by this variable name.,284,0,2,,,,Matrix element; row/column ordering remains to be verified.
spatial_adjacency_source.dta,a174,int8,a174,Adjacency entry for the matrix column identified by this variable name.,284,0,2,,,,Matrix element; row/column ordering remains to be verified.
spatial_adjacency_source.dta,a175,int8,a175,Adjacency entry for the matrix column identified by this variable name.,284,0,2,,,,Matrix element; row/column ordering remains to be verified.
spatial_adjacency_source.dta,a176,int8,a176,Adjacency entry for the matrix column identified by this variable name.,284,0,2,,,,Matrix element; row/column ordering remains to be verified.
spatial_adjacency_source.dta,a177,int8,a177,Adjacency entry for the matrix column identified by this variable name.,284,0,2,,,,Matrix element; row/column ordering remains to be verified.
spatial_adjacency_source.dta,a178,int8,a178,Adjacency entry for the matrix column identified by this variable name.,284,0,2,,,,Matrix element; row/column ordering remains to be verified.
spatial_adjacency_source.dta,a179,int8,a179,Adjacency entry for the matrix column identified by this variable name.,284,0,2,,,,Matrix element; row/column ordering remains to be verified.
spatial_adjacency_source.dta,a180,int8,a180,Adjacency entry for the matrix column identified by this variable name.,284,0,2,,,,Matrix element; row/column ordering remains to be verified.
spatial_adjacency_source.dta,a181,int8,a181,Adjacency entry for the matrix column identified by this variable name.,284,0,2,,,,Matrix element; row/column ordering remains to be verified.
spatial_adjacency_source.dta,a182,int8,a182,Adjacency entry for the matrix column identified by this variable name.,284,0,2,,,,Matrix element; row/column ordering remains to be verified.
spatial_adjacency_source.dta,a183,int8,a183,Adjacency entry for the matrix column identified by this variable name.,284,0,2,,,,Matrix element; row/column ordering remains to be verified.
spatial_adjacency_source.dta,a184,int8,a184,Adjacency entry for the matrix column identified by this variable name.,284,0,2,,,,Matrix element; row/column ordering remains to be verified.
spatial_adjacency_source.dta,a185,int8,a185,Adjacency entry for the matrix column identified by this variable name.,284,0,2,,,,Matrix element; row/column ordering remains to be verified.
spatial_adjacency_source.dta,a186,int8,a186,Adjacency entry for the matrix column identified by this variable name.,284,0,2,,,,Matrix element; row/column ordering remains to be verified.
spatial_adjacency_source.dta,a187,int8,a187,Adjacency entry for the matrix column identified by this variable name.,284,0,2,,,,Matrix element; row/column ordering remains to be verified.
spatial_adjacency_source.dta,a188,int8,a188,Adjacency entry for the matrix column identified by this variable name.,284,0,2,,,,Matrix element; row/column ordering remains to be verified.
spatial_adjacency_source.dta,a189,int8,a189,Adjacency entry for the matrix column identified by this variable name.,284,0,2,,,,Matrix element; row/column ordering remains to be verified.
spatial_adjacency_source.dta,a190,int8,a190,Adjacency entry for the matrix column identified by this variable name.,284,0,2,,,,Matrix element; row/column ordering remains to be verified.
spatial_adjacency_source.dta,a191,int8,a191,Adjacency entry for the matrix column identified by this variable name.,284,0,2,,,,Matrix element; row/column ordering remains to be verified.
spatial_adjacency_source.dta,a192,int8,a192,Adjacency entry for the matrix column identified by this variable name.,284,0,2,,,,Matrix element; row/column ordering remains to be verified.
spatial_adjacency_source.dta,a193,int8,a193,Adjacency entry for the matrix column identified by this variable name.,284,0,2,,,,Matrix element; row/column ordering remains to be verified.
spatial_adjacency_source.dta,a194,int8,a194,Adjacency entry for the matrix column identified by this variable name.,284,0,2,,,,Matrix element; row/column ordering remains to be verified.
spatial_adjacency_source.dta,a195,int8,a195,Adjacency entry for the matrix column identified by this variable name.,284,0,2,,,,Matrix element; row/column ordering remains to be verified.
spatial_adjacency_source.dta,a196,int8,a196,Adjacency entry for the matrix column identified by this variable name.,284,0,2,,,,Matrix element; row/column ordering remains to be verified.
spatial_adjacency_source.dta,a197,int8,a197,Adjacency entry for the matrix column identified by this variable name.,284,0,2,,,,Matrix element; row/column ordering remains to be verified.
spatial_adjacency_source.dta,a198,int8,a198,Adjacency entry for the matrix column identified by this variable name.,284,0,2,,,,Matrix element; row/column ordering remains to be verified.
spatial_adjacency_source.dta,a199,int8,a199,Adjacency entry for the matrix column identified by this variable name.,284,0,2,,,,Matrix element; row/column ordering remains to be verified.
spatial_adjacency_source.dta,a200,int8,a200,Adjacency entry for the matrix column identified by this variable name.,284,0,2,,,,Matrix element; row/column ordering remains to be verified.
spatial_adjacency_source.dta,a201,int8,a201,Adjacency entry for the matrix column identified by this variable name.,284,0,2,,,,Matrix element; row/column ordering remains to be verified.
spatial_adjacency_source.dta,a202,int8,a202,Adjacency entry for the matrix column identified by this variable name.,284,0,2,,,,Matrix element; row/column ordering remains to be verified.
spatial_adjacency_source.dta,a203,int8,a203,Adjacency entry for the matrix column identified by this variable name.,284,0,2,,,,Matrix element; row/column ordering remains to be verified.
spatial_adjacency_source.dta,a204,int8,a204,Adjacency entry for the matrix column identified by this variable name.,284,0,2,,,,Matrix element; row/column ordering remains to be verified.
spatial_adjacency_source.dta,a205,int8,a205,Adjacency entry for the matrix column identified by this variable name.,284,0,2,,,,Matrix element; row/column ordering remains to be verified.
spatial_adjacency_source.dta,a206,int8,a206,Adjacency entry for the matrix column identified by this variable name.,284,0,2,,,,Matrix element; row/column ordering remains to be verified.
spatial_adjacency_source.dta,a207,int8,a207,Adjacency entry for the matrix column identified by this variable name.,284,0,2,,,,Matrix element; row/column ordering remains to be verified.
spatial_adjacency_source.dta,a208,int8,a208,Adjacency entry for the matrix column identified by this variable name.,284,0,2,,,,Matrix element; row/column ordering remains to be verified.
spatial_adjacency_source.dta,a209,int8,a209,Adjacency entry for the matrix column identified by this variable name.,284,0,2,,,,Matrix element; row/column ordering remains to be verified.
spatial_adjacency_source.dta,a210,int8,a210,Adjacency entry for the matrix column identified by this variable name.,284,0,2,,,,Matrix element; row/column ordering remains to be verified.
spatial_adjacency_source.dta,a211,int8,a211,Adjacency entry for the matrix column identified by this variable name.,284,0,2,,,,Matrix element; row/column ordering remains to be verified.
spatial_adjacency_source.dta,a212,int8,a212,Adjacency entry for the matrix column identified by this variable name.,284,0,2,,,,Matrix element; row/column ordering remains to be verified.
spatial_adjacency_source.dta,a213,int8,a213,Adjacency entry for the matrix column identified by this variable name.,284,0,2,,,,Matrix element; row/column ordering remains to be verified.
spatial_adjacency_source.dta,a214,int8,a214,Adjacency entry for the matrix column identified by this variable name.,284,0,2,,,,Matrix element; row/column ordering remains to be verified.
spatial_adjacency_source.dta,a215,int8,a215,Adjacency entry for the matrix column identified by this variable name.,284,0,2,,,,Matrix element; row/column ordering remains to be verified.
spatial_adjacency_source.dta,a216,int8,a216,Adjacency entry for the matrix column identified by this variable name.,284,0,2,,,,Matrix element; row/column ordering remains to be verified.
spatial_adjacency_source.dta,a217,int8,a217,Adjacency entry for the matrix column identified by this variable name.,284,0,2,,,,Matrix element; row/column ordering remains to be verified.
spatial_adjacency_source.dta,a218,int8,a218,Adjacency entry for the matrix column identified by this variable name.,284,0,2,,,,Matrix element; row/column ordering remains to be verified.
spatial_adjacency_source.dta,a219,int8,a219,Adjacency entry for the matrix column identified by this variable name.,284,0,2,,,,Matrix element; row/column ordering remains to be verified.
spatial_adjacency_source.dta,a220,int8,a220,Adjacency entry for the matrix column identified by this variable name.,284,0,2,,,,Matrix element; row/column ordering remains to be verified.
spatial_adjacency_source.dta,a221,int8,a221,Adjacency entry for the matrix column identified by this variable name.,284,0,2,,,,Matrix element; row/column ordering remains to be verified.
spatial_adjacency_source.dta,a222,int8,a222,Adjacency entry for the matrix column identified by this variable name.,284,0,2,,,,Matrix element; row/column ordering remains to be verified.
spatial_adjacency_source.dta,a223,int8,a223,Adjacency entry for the matrix column identified by this variable name.,284,0,2,,,,Matrix element; row/column ordering remains to be verified.
spatial_adjacency_source.dta,a224,int8,a224,Adjacency entry for the matrix column identified by this variable name.,284,0,2,,,,Matrix element; row/column ordering remains to be verified.
spatial_adjacency_source.dta,a225,int8,a225,Adjacency entry for the matrix column identified by this variable name.,284,0,2,,,,Matrix element; row/column ordering remains to be verified.
spatial_adjacency_source.dta,a226,int8,a226,Adjacency entry for the matrix column identified by this variable name.,284,0,2,,,,Matrix element; row/column ordering remains to be verified.
spatial_adjacency_source.dta,a227,int8,a227,Adjacency entry for the matrix column identified by this variable name.,284,0,2,,,,Matrix element; row/column ordering remains to be verified.
spatial_adjacency_source.dta,a228,int8,a228,Adjacency entry for the matrix column identified by this variable name.,284,0,2,,,,Matrix element; row/column ordering remains to be verified.
spatial_adjacency_source.dta,a229,int8,a229,Adjacency entry for the matrix column identified by this variable name.,284,0,2,,,,Matrix element; row/column ordering remains to be verified.
spatial_adjacency_source.dta,a230,int8,a230,Adjacency entry for the matrix column identified by this variable name.,284,0,2,,,,Matrix element; row/column ordering remains to be verified.
spatial_adjacency_source.dta,a231,int8,a231,Adjacency entry for the matrix column identified by this variable name.,284,0,2,,,,Matrix element; row/column ordering remains to be verified.
spatial_adjacency_source.dta,a232,int8,a232,Adjacency entry for the matrix column identified by this variable name.,284,0,2,,,,Matrix element; row/column ordering remains to be verified.
spatial_adjacency_source.dta,a233,int8,a233,Adjacency entry for the matrix column identified by this variable name.,284,0,2,,,,Matrix element; row/column ordering remains to be verified.
spatial_adjacency_source.dta,a234,int8,a234,Adjacency entry for the matrix column identified by this variable name.,284,0,2,,,,Matrix element; row/column ordering remains to be verified.
spatial_adjacency_source.dta,a235,int8,a235,Adjacency entry for the matrix column identified by this variable name.,284,0,2,,,,Matrix element; row/column ordering remains to be verified.
spatial_adjacency_source.dta,a236,int8,a236,Adjacency entry for the matrix column identified by this variable name.,284,0,2,,,,Matrix element; row/column ordering remains to be verified.
spatial_adjacency_source.dta,a237,int8,a237,Adjacency entry for the matrix column identified by this variable name.,284,0,2,,,,Matrix element; row/column ordering remains to be verified.
spatial_adjacency_source.dta,a238,int8,a238,Adjacency entry for the matrix column identified by this variable name.,284,0,2,,,,Matrix element; row/column ordering remains to be verified.
spatial_adjacency_source.dta,a239,int8,a239,Adjacency entry for the matrix column identified by this variable name.,284,0,2,,,,Matrix element; row/column ordering remains to be verified.
spatial_adjacency_source.dta,a240,int8,a240,Adjacency entry for the matrix column identified by this variable name.,284,0,2,,,,Matrix element; row/column ordering remains to be verified.
spatial_adjacency_source.dta,a241,int8,a241,Adjacency entry for the matrix column identified by this variable name.,284,0,2,,,,Matrix element; row/column ordering remains to be verified.
spatial_adjacency_source.dta,a242,int8,a242,Adjacency entry for the matrix column identified by this variable name.,284,0,2,,,,Matrix element; row/column ordering remains to be verified.
spatial_adjacency_source.dta,a243,int8,a243,Adjacency entry for the matrix column identified by this variable name.,284,0,2,,,,Matrix element; row/column ordering remains to be verified.
spatial_adjacency_source.dta,a244,int8,a244,Adjacency entry for the matrix column identified by this variable name.,284,0,2,,,,Matrix element; row/column ordering remains to be verified.
spatial_adjacency_source.dta,a245,int8,a245,Adjacency entry for the matrix column identified by this variable name.,284,0,2,,,,Matrix element; row/column ordering remains to be verified.
spatial_adjacency_source.dta,a246,int8,a246,Adjacency entry for the matrix column identified by this variable name.,284,0,2,,,,Matrix element; row/column ordering remains to be verified.
spatial_adjacency_source.dta,a247,int8,a247,Adjacency entry for the matrix column identified by this variable name.,284,0,2,,,,Matrix element; row/column ordering remains to be verified.
spatial_adjacency_source.dta,a248,int8,a248,Adjacency entry for the matrix column identified by this variable name.,284,0,2,,,,Matrix element; row/column ordering remains to be verified.
spatial_adjacency_source.dta,a249,int8,a249,Adjacency entry for the matrix column identified by this variable name.,284,0,2,,,,Matrix element; row/column ordering remains to be verified.
spatial_adjacency_source.dta,a250,int8,a250,Adjacency entry for the matrix column identified by this variable name.,284,0,2,,,,Matrix element; row/column ordering remains to be verified.
spatial_adjacency_source.dta,a251,int8,a251,Adjacency entry for the matrix column identified by this variable name.,284,0,2,,,,Matrix element; row/column ordering remains to be verified.
spatial_adjacency_source.dta,a252,int8,a252,Adjacency entry for the matrix column identified by this variable name.,284,0,2,,,,Matrix element; row/column ordering remains to be verified.
spatial_adjacency_source.dta,a253,int8,a253,Adjacency entry for the matrix column identified by this variable name.,284,0,2,,,,Matrix element; row/column ordering remains to be verified.
spatial_adjacency_source.dta,a254,int8,a254,Adjacency entry for the matrix column identified by this variable name.,284,0,2,,,,Matrix element; row/column ordering remains to be verified.
spatial_adjacency_source.dta,a255,int8,a255,Adjacency entry for the matrix column identified by this variable name.,284,0,2,,,,Matrix element; row/column ordering remains to be verified.
spatial_adjacency_source.dta,a256,int8,a256,Adjacency entry for the matrix column identified by this variable name.,284,0,2,,,,Matrix element; row/column ordering remains to be verified.
spatial_adjacency_source.dta,a257,int8,a257,Adjacency entry for the matrix column identified by this variable name.,284,0,2,,,,Matrix element; row/column ordering remains to be verified.
spatial_adjacency_source.dta,a258,int8,a258,Adjacency entry for the matrix column identified by this variable name.,284,0,2,,,,Matrix element; row/column ordering remains to be verified.
spatial_adjacency_source.dta,a259,int8,a259,Adjacency entry for the matrix column identified by this variable name.,284,0,2,,,,Matrix element; row/column ordering remains to be verified.
spatial_adjacency_source.dta,a260,int8,a260,Adjacency entry for the matrix column identified by this variable name.,284,0,2,,,,Matrix element; row/column ordering remains to be verified.
spatial_adjacency_source.dta,a261,int8,a261,Adjacency entry for the matrix column identified by this variable name.,284,0,2,,,,Matrix element; row/column ordering remains to be verified.
spatial_adjacency_source.dta,a262,int8,a262,Adjacency entry for the matrix column identified by this variable name.,284,0,2,,,,Matrix element; row/column ordering remains to be verified.
spatial_adjacency_source.dta,a263,int8,a263,Adjacency entry for the matrix column identified by this variable name.,284,0,2,,,,Matrix element; row/column ordering remains to be verified.
spatial_adjacency_source.dta,a264,int8,a264,Adjacency entry for the matrix column identified by this variable name.,284,0,2,,,,Matrix element; row/column ordering remains to be verified.
spatial_adjacency_source.dta,a265,int8,a265,Adjacency entry for the matrix column identified by this variable name.,284,0,2,,,,Matrix element; row/column ordering remains to be verified.
spatial_adjacency_source.dta,a266,int8,a266,Adjacency entry for the matrix column identified by this variable name.,284,0,2,,,,Matrix element; row/column ordering remains to be verified.
spatial_adjacency_source.dta,a267,int8,a267,Adjacency entry for the matrix column identified by this variable name.,284,0,2,,,,Matrix element; row/column ordering remains to be verified.
spatial_adjacency_source.dta,a268,int8,a268,Adjacency entry for the matrix column identified by this variable name.,284,0,2,,,,Matrix element; row/column ordering remains to be verified.
spatial_adjacency_source.dta,a269,int8,a269,Adjacency entry for the matrix column identified by this variable name.,284,0,2,,,,Matrix element; row/column ordering remains to be verified.
spatial_adjacency_source.dta,a270,int8,a270,Adjacency entry for the matrix column identified by this variable name.,284,0,2,,,,Matrix element; row/column ordering remains to be verified.
spatial_adjacency_source.dta,a271,int8,a271,Adjacency entry for the matrix column identified by this variable name.,284,0,2,,,,Matrix element; row/column ordering remains to be verified.
spatial_adjacency_source.dta,a272,int8,a272,Adjacency entry for the matrix column identified by this variable name.,284,0,2,,,,Matrix element; row/column ordering remains to be verified.
spatial_adjacency_source.dta,a273,int8,a273,Adjacency entry for the matrix column identified by this variable name.,284,0,2,,,,Matrix element; row/column ordering remains to be verified.
spatial_adjacency_source.dta,a274,int8,a274,Adjacency entry for the matrix column identified by this variable name.,284,0,2,,,,Matrix element; row/column ordering remains to be verified.
spatial_adjacency_source.dta,a275,int8,a275,Adjacency entry for the matrix column identified by this variable name.,284,0,2,,,,Matrix element; row/column ordering remains to be verified.
spatial_adjacency_source.dta,a276,int8,a276,Adjacency entry for the matrix column identified by this variable name.,284,0,2,,,,Matrix element; row/column ordering remains to be verified.
spatial_adjacency_source.dta,a277,int8,a277,Adjacency entry for the matrix column identified by this variable name.,284,0,2,,,,Matrix element; row/column ordering remains to be verified.
spatial_adjacency_source.dta,a278,int8,a278,Adjacency entry for the matrix column identified by this variable name.,284,0,2,,,,Matrix element; row/column ordering remains to be verified.
spatial_adjacency_source.dta,a279,int8,a279,Adjacency entry for the matrix column identified by this variable name.,284,0,2,,,,Matrix element; row/column ordering remains to be verified.
spatial_adjacency_source.dta,a280,int8,a280,Adjacency entry for the matrix column identified by this variable name.,284,0,2,,,,Matrix element; row/column ordering remains to be verified.
spatial_adjacency_source.dta,a281,int8,a281,Adjacency entry for the matrix column identified by this variable name.,284,0,2,,,,Matrix element; row/column ordering remains to be verified.
spatial_adjacency_source.dta,a282,int8,a282,Adjacency entry for the matrix column identified by this variable name.,284,0,2,,,,Matrix element; row/column ordering remains to be verified.
spatial_adjacency_source.dta,a283,int8,a283,Adjacency entry for the matrix column identified by this variable name.,284,0,2,,,,Matrix element; row/column ordering remains to be verified.
spatial_adjacency_source.dta,a284,int8,a284,Adjacency entry for the matrix column identified by this variable name.,284,0,2,,,,Matrix element; row/column ordering remains to be verified.
spatial_adjacency_weights.dta,a1,float32,a1,Adjacency entry for the matrix column identified by this variable name.,284,0,4,,,,Matrix element; row/column ordering remains to be verified.
spatial_adjacency_weights.dta,a2,float32,a2,Adjacency entry for the matrix column identified by this variable name.,284,0,6,,,,Matrix element; row/column ordering remains to be verified.
spatial_adjacency_weights.dta,a3,float32,a3,Adjacency entry for the matrix column identified by this variable name.,284,0,6,,,,Matrix element; row/column ordering remains to be verified.
spatial_adjacency_weights.dta,a4,float32,a4,Adjacency entry for the matrix column identified by this variable name.,284,0,4,,,,Matrix element; row/column ordering remains to be verified.
spatial_adjacency_weights.dta,a5,float32,a5,Adjacency entry for the matrix column identified by this variable name.,284,0,5,,,,Matrix element; row/column ordering remains to be verified.
spatial_adjacency_weights.dta,a6,float32,a6,Adjacency entry for the matrix column identified by this variable name.,284,0,5,,,,Matrix element; row/column ordering remains to be verified.
spatial_adjacency_weights.dta,a7,float32,a7,Adjacency entry for the matrix column identified by this variable name.,284,0,4,,,,Matrix element; row/column ordering remains to be verified.
spatial_adjacency_weights.dta,a8,float32,a8,Adjacency entry for the matrix column identified by this variable name.,284,0,5,,,,Matrix element; row/column ordering remains to be verified.
spatial_adjacency_weights.dta,a9,float32,a9,Adjacency entry for the matrix column identified by this variable name.,284,0,3,,,,Matrix element; row/column ordering remains to be verified.
spatial_adjacency_weights.dta,a10,float32,a10,Adjacency entry for the matrix column identified by this variable name.,284,0,5,,,,Matrix element; row/column ordering remains to be verified.
spatial_adjacency_weights.dta,a11,float32,a11,Adjacency entry for the matrix column identified by this variable name.,284,0,5,,,,Matrix element; row/column ordering remains to be verified.
spatial_adjacency_weights.dta,a12,float32,a12,Adjacency entry for the matrix column identified by this variable name.,284,0,4,,,,Matrix element; row/column ordering remains to be verified.
spatial_adjacency_weights.dta,a13,float32,a13,Adjacency entry for the matrix column identified by this variable name.,284,0,3,,,,Matrix element; row/column ordering remains to be verified.
spatial_adjacency_weights.dta,a14,float32,a14,Adjacency entry for the matrix column identified by this variable name.,284,0,5,,,,Matrix element; row/column ordering remains to be verified.
spatial_adjacency_weights.dta,a15,float32,a15,Adjacency entry for the matrix column identified by this variable name.,284,0,5,,,,Matrix element; row/column ordering remains to be verified.
spatial_adjacency_weights.dta,a16,float32,a16,Adjacency entry for the matrix column identified by this variable name.,284,0,5,,,,Matrix element; row/column ordering remains to be verified.
spatial_adjacency_weights.dta,a17,float32,a17,Adjacency entry for the matrix column identified by this variable name.,284,0,6,,,,Matrix element; row/column ordering remains to be verified.
spatial_adjacency_weights.dta,a18,float32,a18,Adjacency entry for the matrix column identified by this variable name.,284,0,5,,,,Matrix element; row/column ordering remains to be verified.
spatial_adjacency_weights.dta,a19,float32,a19,Adjacency entry for the matrix column identified by this variable name.,284,0,3,,,,Matrix element; row/column ordering remains to be verified.
spatial_adjacency_weights.dta,a20,float32,a20,Adjacency entry for the matrix column identified by this variable name.,284,0,4,,,,Matrix element; row/column ordering remains to be verified.
spatial_adjacency_weights.dta,a21,float32,a21,Adjacency entry for the matrix column identified by this variable name.,284,0,5,,,,Matrix element; row/column ordering remains to be verified.
spatial_adjacency_weights.dta,a22,float32,a22,Adjacency entry for the matrix column identified by this variable name.,284,0,6,,,,Matrix element; row/column ordering remains to be verified.
spatial_adjacency_weights.dta,a23,float32,a23,Adjacency entry for the matrix column identified by this variable name.,284,0,5,,,,Matrix element; row/column ordering remains to be verified.
spatial_adjacency_weights.dta,a24,float32,a24,Adjacency entry for the matrix column identified by this variable name.,284,0,6,,,,Matrix element; row/column ordering remains to be verified.
spatial_adjacency_weights.dta,a25,float32,a25,Adjacency entry for the matrix column identified by this variable name.,284,0,5,,,,Matrix element; row/column ordering remains to be verified.
spatial_adjacency_weights.dta,a26,float32,a26,Adjacency entry for the matrix column identified by this variable name.,284,0,4,,,,Matrix element; row/column ordering remains to be verified.
spatial_adjacency_weights.dta,a27,float32,a27,Adjacency entry for the matrix column identified by this variable name.,284,0,3,,,,Matrix element; row/column ordering remains to be verified.
spatial_adjacency_weights.dta,a28,float32,a28,Adjacency entry for the matrix column identified by this variable name.,284,0,3,,,,Matrix element; row/column ordering remains to be verified.
spatial_adjacency_weights.dta,a29,float32,a29,Adjacency entry for the matrix column identified by this variable name.,284,0,7,,,,Matrix element; row/column ordering remains to be verified.
spatial_adjacency_weights.dta,a30,float32,a30,Adjacency entry for the matrix column identified by this variable name.,284,0,7,,,,Matrix element; row/column ordering remains to be verified.
spatial_adjacency_weights.dta,a31,float32,a31,Adjacency entry for the matrix column identified by this variable name.,284,0,3,,,,Matrix element; row/column ordering remains to be verified.
spatial_adjacency_weights.dta,a32,float32,a32,Adjacency entry for the matrix column identified by this variable name.,284,0,3,,,,Matrix element; row/column ordering remains to be verified.
spatial_adjacency_weights.dta,a33,float32,a33,Adjacency entry for the matrix column identified by this variable name.,284,0,3,,,,Matrix element; row/column ordering remains to be verified.
spatial_adjacency_weights.dta,a34,float32,a34,Adjacency entry for the matrix column identified by this variable name.,284,0,6,,,,Matrix element; row/column ordering remains to be verified.
spatial_adjacency_weights.dta,a35,float32,a35,Adjacency entry for the matrix column identified by this variable name.,284,0,4,,,,Matrix element; row/column ordering remains to be verified.
spatial_adjacency_weights.dta,a36,float32,a36,Adjacency entry for the matrix column identified by this variable name.,284,0,6,,,,Matrix element; row/column ordering remains to be verified.
spatial_adjacency_weights.dta,a37,float32,a37,Adjacency entry for the matrix column identified by this variable name.,284,0,4,,,,Matrix element; row/column ordering remains to be verified.
spatial_adjacency_weights.dta,a38,float32,a38,Adjacency entry for the matrix column identified by this variable name.,284,0,5,,,,Matrix element; row/column ordering remains to be verified.
spatial_adjacency_weights.dta,a39,float32,a39,Adjacency entry for the matrix column identified by this variable name.,284,0,6,,,,Matrix element; row/column ordering remains to be verified.
spatial_adjacency_weights.dta,a40,float32,a40,Adjacency entry for the matrix column identified by this variable name.,284,0,5,,,,Matrix element; row/column ordering remains to be verified.
spatial_adjacency_weights.dta,a41,float32,a41,Adjacency entry for the matrix column identified by this variable name.,284,0,3,,,,Matrix element; row/column ordering remains to be verified.
spatial_adjacency_weights.dta,a42,float32,a42,Adjacency entry for the matrix column identified by this variable name.,284,0,4,,,,Matrix element; row/column ordering remains to be verified.
spatial_adjacency_weights.dta,a43,float32,a43,Adjacency entry for the matrix column identified by this variable name.,284,0,4,,,,Matrix element; row/column ordering remains to be verified.
spatial_adjacency_weights.dta,a44,float32,a44,Adjacency entry for the matrix column identified by this variable name.,284,0,4,,,,Matrix element; row/column ordering remains to be verified.
spatial_adjacency_weights.dta,a45,float32,a45,Adjacency entry for the matrix column identified by this variable name.,284,0,4,,,,Matrix element; row/column ordering remains to be verified.
spatial_adjacency_weights.dta,a46,float32,a46,Adjacency entry for the matrix column identified by this variable name.,284,0,5,,,,Matrix element; row/column ordering remains to be verified.
spatial_adjacency_weights.dta,a47,float32,a47,Adjacency entry for the matrix column identified by this variable name.,284,0,5,,,,Matrix element; row/column ordering remains to be verified.
spatial_adjacency_weights.dta,a48,float32,a48,Adjacency entry for the matrix column identified by this variable name.,284,0,4,,,,Matrix element; row/column ordering remains to be verified.
spatial_adjacency_weights.dta,a49,float32,a49,Adjacency entry for the matrix column identified by this variable name.,284,0,6,,,,Matrix element; row/column ordering remains to be verified.
spatial_adjacency_weights.dta,a50,float32,a50,Adjacency entry for the matrix column identified by this variable name.,284,0,6,,,,Matrix element; row/column ordering remains to be verified.
spatial_adjacency_weights.dta,a51,float32,a51,Adjacency entry for the matrix column identified by this variable name.,284,0,3,,,,Matrix element; row/column ordering remains to be verified.
spatial_adjacency_weights.dta,a52,float32,a52,Adjacency entry for the matrix column identified by this variable name.,284,0,4,,,,Matrix element; row/column ordering remains to be verified.
spatial_adjacency_weights.dta,a53,float32,a53,Adjacency entry for the matrix column identified by this variable name.,284,0,2,,,,Matrix element; row/column ordering remains to be verified.
spatial_adjacency_weights.dta,a54,float32,a54,Adjacency entry for the matrix column identified by this variable name.,284,0,4,,,,Matrix element; row/column ordering remains to be verified.
spatial_adjacency_weights.dta,a55,float32,a55,Adjacency entry for the matrix column identified by this variable name.,284,0,5,,,,Matrix element; row/column ordering remains to be verified.
spatial_adjacency_weights.dta,a56,float32,a56,Adjacency entry for the matrix column identified by this variable name.,284,0,6,,,,Matrix element; row/column ordering remains to be verified.
spatial_adjacency_weights.dta,a57,float32,a57,Adjacency entry for the matrix column identified by this variable name.,284,0,4,,,,Matrix element; row/column ordering remains to be verified.
spatial_adjacency_weights.dta,a58,float32,a58,Adjacency entry for the matrix column identified by this variable name.,284,0,3,,,,Matrix element; row/column ordering remains to be verified.
spatial_adjacency_weights.dta,a59,float32,a59,Adjacency entry for the matrix column identified by this variable name.,284,0,2,,,,Matrix element; row/column ordering remains to be verified.
spatial_adjacency_weights.dta,a60,float32,a60,Adjacency entry for the matrix column identified by this variable name.,284,0,3,,,,Matrix element; row/column ordering remains to be verified.
spatial_adjacency_weights.dta,a61,float32,a61,Adjacency entry for the matrix column identified by this variable name.,284,0,5,,,,Matrix element; row/column ordering remains to be verified.
spatial_adjacency_weights.dta,a62,float32,a62,Adjacency entry for the matrix column identified by this variable name.,284,0,6,,,,Matrix element; row/column ordering remains to be verified.
spatial_adjacency_weights.dta,a63,float32,a63,Adjacency entry for the matrix column identified by this variable name.,284,0,5,,,,Matrix element; row/column ordering remains to be verified.
spatial_adjacency_weights.dta,a64,float32,a64,Adjacency entry for the matrix column identified by this variable name.,284,0,4,,,,Matrix element; row/column ordering remains to be verified.
spatial_adjacency_weights.dta,a65,float32,a65,Adjacency entry for the matrix column identified by this variable name.,284,0,4,,,,Matrix element; row/column ordering remains to be verified.
spatial_adjacency_weights.dta,a66,float32,a66,Adjacency entry for the matrix column identified by this variable name.,284,0,4,,,,Matrix element; row/column ordering remains to be verified.
spatial_adjacency_weights.dta,a67,float32,a67,Adjacency entry for the matrix column identified by this variable name.,284,0,5,,,,Matrix element; row/column ordering remains to be verified.
spatial_adjacency_weights.dta,a68,float32,a68,Adjacency entry for the matrix column identified by this variable name.,284,0,3,,,,Matrix element; row/column ordering remains to be verified.
spatial_adjacency_weights.dta,a69,float32,a69,Adjacency entry for the matrix column identified by this variable name.,284,0,6,,,,Matrix element; row/column ordering remains to be verified.
spatial_adjacency_weights.dta,a70,float32,a70,Adjacency entry for the matrix column identified by this variable name.,284,0,5,,,,Matrix element; row/column ordering remains to be verified.
spatial_adjacency_weights.dta,a71,float32,a71,Adjacency entry for the matrix column identified by this variable name.,284,0,5,,,,Matrix element; row/column ordering remains to be verified.
spatial_adjacency_weights.dta,a72,float32,a72,Adjacency entry for the matrix column identified by this variable name.,284,0,6,,,,Matrix element; row/column ordering remains to be verified.
spatial_adjacency_weights.dta,a73,float32,a73,Adjacency entry for the matrix column identified by this variable name.,284,0,5,,,,Matrix element; row/column ordering remains to be verified.
spatial_adjacency_weights.dta,a74,float32,a74,Adjacency entry for the matrix column identified by this variable name.,284,0,5,,,,Matrix element; row/column ordering remains to be verified.
spatial_adjacency_weights.dta,a75,float32,a75,Adjacency entry for the matrix column identified by this variable name.,284,0,6,,,,Matrix element; row/column ordering remains to be verified.
spatial_adjacency_weights.dta,a76,float32,a76,Adjacency entry for the matrix column identified by this variable name.,284,0,4,,,,Matrix element; row/column ordering remains to be verified.
spatial_adjacency_weights.dta,a77,float32,a77,Adjacency entry for the matrix column identified by this variable name.,284,0,5,,,,Matrix element; row/column ordering remains to be verified.
spatial_adjacency_weights.dta,a78,float32,a78,Adjacency entry for the matrix column identified by this variable name.,284,0,6,,,,Matrix element; row/column ordering remains to be verified.
spatial_adjacency_weights.dta,a79,float32,a79,Adjacency entry for the matrix column identified by this variable name.,284,0,4,,,,Matrix element; row/column ordering remains to be verified.
spatial_adjacency_weights.dta,a80,float32,a80,Adjacency entry for the matrix column identified by this variable name.,284,0,4,,,,Matrix element; row/column ordering remains to be verified.
spatial_adjacency_weights.dta,a81,float32,a81,Adjacency entry for the matrix column identified by this variable name.,284,0,5,,,,Matrix element; row/column ordering remains to be verified.
spatial_adjacency_weights.dta,a82,float32,a82,Adjacency entry for the matrix column identified by this variable name.,284,0,5,,,,Matrix element; row/column ordering remains to be verified.
spatial_adjacency_weights.dta,a83,float32,a83,Adjacency entry for the matrix column identified by this variable name.,284,0,4,,,,Matrix element; row/column ordering remains to be verified.
spatial_adjacency_weights.dta,a84,float32,a84,Adjacency entry for the matrix column identified by this variable name.,284,0,4,,,,Matrix element; row/column ordering remains to be verified.
spatial_adjacency_weights.dta,a85,float32,a85,Adjacency entry for the matrix column identified by this variable name.,284,0,5,,,,Matrix element; row/column ordering remains to be verified.
spatial_adjacency_weights.dta,a86,float32,a86,Adjacency entry for the matrix column identified by this variable name.,284,0,6,,,,Matrix element; row/column ordering remains to be verified.
spatial_adjacency_weights.dta,a87,float32,a87,Adjacency entry for the matrix column identified by this variable name.,284,0,4,,,,Matrix element; row/column ordering remains to be verified.
spatial_adjacency_weights.dta,a88,float32,a88,Adjacency entry for the matrix column identified by this variable name.,284,0,5,,,,Matrix element; row/column ordering remains to be verified.
spatial_adjacency_weights.dta,a89,float32,a89,Adjacency entry for the matrix column identified by this variable name.,284,0,6,,,,Matrix element; row/column ordering remains to be verified.
spatial_adjacency_weights.dta,a90,float32,a90,Adjacency entry for the matrix column identified by this variable name.,284,0,2,,,,Matrix element; row/column ordering remains to be verified.
spatial_adjacency_weights.dta,a91,float32,a91,Adjacency entry for the matrix column identified by this variable name.,284,0,5,,,,Matrix element; row/column ordering remains to be verified.
spatial_adjacency_weights.dta,a92,float32,a92,Adjacency entry for the matrix column identified by this variable name.,284,0,6,,,,Matrix element; row/column ordering remains to be verified.
spatial_adjacency_weights.dta,a93,float32,a93,Adjacency entry for the matrix column identified by this variable name.,284,0,5,,,,Matrix element; row/column ordering remains to be verified.
spatial_adjacency_weights.dta,a94,float32,a94,Adjacency entry for the matrix column identified by this variable name.,284,0,6,,,,Matrix element; row/column ordering remains to be verified.
spatial_adjacency_weights.dta,a95,float32,a95,Adjacency entry for the matrix column identified by this variable name.,284,0,4,,,,Matrix element; row/column ordering remains to be verified.
spatial_adjacency_weights.dta,a96,float32,a96,Adjacency entry for the matrix column identified by this variable name.,284,0,4,,,,Matrix element; row/column ordering remains to be verified.
spatial_adjacency_weights.dta,a97,float32,a97,Adjacency entry for the matrix column identified by this variable name.,284,0,6,,,,Matrix element; row/column ordering remains to be verified.
spatial_adjacency_weights.dta,a98,float32,a98,Adjacency entry for the matrix column identified by this variable name.,284,0,2,,,,Matrix element; row/column ordering remains to be verified.
spatial_adjacency_weights.dta,a99,float32,a99,Adjacency entry for the matrix column identified by this variable name.,284,0,5,,,,Matrix element; row/column ordering remains to be verified.
spatial_adjacency_weights.dta,a100,float32,a100,Adjacency entry for the matrix column identified by this variable name.,284,0,6,,,,Matrix element; row/column ordering remains to be verified.
spatial_adjacency_weights.dta,a101,float32,a101,Adjacency entry for the matrix column identified by this variable name.,284,0,6,,,,Matrix element; row/column ordering remains to be verified.
spatial_adjacency_weights.dta,a102,float32,a102,Adjacency entry for the matrix column identified by this variable name.,284,0,4,,,,Matrix element; row/column ordering remains to be verified.
spatial_adjacency_weights.dta,a103,float32,a103,Adjacency entry for the matrix column identified by this variable name.,284,0,3,,,,Matrix element; row/column ordering remains to be verified.
spatial_adjacency_weights.dta,a104,float32,a104,Adjacency entry for the matrix column identified by this variable name.,284,0,4,,,,Matrix element; row/column ordering remains to be verified.
spatial_adjacency_weights.dta,a105,float32,a105,Adjacency entry for the matrix column identified by this variable name.,284,0,4,,,,Matrix element; row/column ordering remains to be verified.
spatial_adjacency_weights.dta,a106,float32,a106,Adjacency entry for the matrix column identified by this variable name.,284,0,4,,,,Matrix element; row/column ordering remains to be verified.
spatial_adjacency_weights.dta,a107,float32,a107,Adjacency entry for the matrix column identified by this variable name.,284,0,6,,,,Matrix element; row/column ordering remains to be verified.
spatial_adjacency_weights.dta,a108,float32,a108,Adjacency entry for the matrix column identified by this variable name.,284,0,5,,,,Matrix element; row/column ordering remains to be verified.
spatial_adjacency_weights.dta,a109,float32,a109,Adjacency entry for the matrix column identified by this variable name.,284,0,5,,,,Matrix element; row/column ordering remains to be verified.
spatial_adjacency_weights.dta,a110,float32,a110,Adjacency entry for the matrix column identified by this variable name.,284,0,3,,,,Matrix element; row/column ordering remains to be verified.
spatial_adjacency_weights.dta,a111,float32,a111,Adjacency entry for the matrix column identified by this variable name.,284,0,3,,,,Matrix element; row/column ordering remains to be verified.
spatial_adjacency_weights.dta,a112,float32,a112,Adjacency entry for the matrix column identified by this variable name.,284,0,4,,,,Matrix element; row/column ordering remains to be verified.
spatial_adjacency_weights.dta,a113,float32,a113,Adjacency entry for the matrix column identified by this variable name.,284,0,4,,,,Matrix element; row/column ordering remains to be verified.
spatial_adjacency_weights.dta,a114,float32,a114,Adjacency entry for the matrix column identified by this variable name.,284,0,6,,,,Matrix element; row/column ordering remains to be verified.
spatial_adjacency_weights.dta,a115,float32,a115,Adjacency entry for the matrix column identified by this variable name.,284,0,7,,,,Matrix element; row/column ordering remains to be verified.
spatial_adjacency_weights.dta,a116,float32,a116,Adjacency entry for the matrix column identified by this variable name.,284,0,5,,,,Matrix element; row/column ordering remains to be verified.
spatial_adjacency_weights.dta,a117,float32,a117,Adjacency entry for the matrix column identified by this variable name.,284,0,5,,,,Matrix element; row/column ordering remains to be verified.
spatial_adjacency_weights.dta,a118,float32,a118,Adjacency entry for the matrix column identified by this variable name.,284,0,3,,,,Matrix element; row/column ordering remains to be verified.
spatial_adjacency_weights.dta,a119,float32,a119,Adjacency entry for the matrix column identified by this variable name.,284,0,4,,,,Matrix element; row/column ordering remains to be verified.
spatial_adjacency_weights.dta,a120,float32,a120,Adjacency entry for the matrix column identified by this variable name.,284,0,4,,,,Matrix element; row/column ordering remains to be verified.
spatial_adjacency_weights.dta,a121,float32,a121,Adjacency entry for the matrix column identified by this variable name.,284,0,7,,,,Matrix element; row/column ordering remains to be verified.
spatial_adjacency_weights.dta,a122,float32,a122,Adjacency entry for the matrix column identified by this variable name.,284,0,3,,,,Matrix element; row/column ordering remains to be verified.
spatial_adjacency_weights.dta,a123,float32,a123,Adjacency entry for the matrix column identified by this variable name.,284,0,3,,,,Matrix element; row/column ordering remains to be verified.
spatial_adjacency_weights.dta,a124,float32,a124,Adjacency entry for the matrix column identified by this variable name.,284,0,5,,,,Matrix element; row/column ordering remains to be verified.
spatial_adjacency_weights.dta,a125,float32,a125,Adjacency entry for the matrix column identified by this variable name.,284,0,6,,,,Matrix element; row/column ordering remains to be verified.
spatial_adjacency_weights.dta,a126,float32,a126,Adjacency entry for the matrix column identified by this variable name.,284,0,6,,,,Matrix element; row/column ordering remains to be verified.
spatial_adjacency_weights.dta,a127,float32,a127,Adjacency entry for the matrix column identified by this variable name.,284,0,7,,,,Matrix element; row/column ordering remains to be verified.
spatial_adjacency_weights.dta,a128,float32,a128,Adjacency entry for the matrix column identified by this variable name.,284,0,6,,,,Matrix element; row/column ordering remains to be verified.
spatial_adjacency_weights.dta,a129,float32,a129,Adjacency entry for the matrix column identified by this variable name.,284,0,3,,,,Matrix element; row/column ordering remains to be verified.
spatial_adjacency_weights.dta,a130,float32,a130,Adjacency entry for the matrix column identified by this variable name.,284,0,4,,,,Matrix element; row/column ordering remains to be verified.
spatial_adjacency_weights.dta,a131,float32,a131,Adjacency entry for the matrix column identified by this variable name.,284,0,5,,,,Matrix element; row/column ordering remains to be verified.
spatial_adjacency_weights.dta,a132,float32,a132,Adjacency entry for the matrix column identified by this variable name.,284,0,4,,,,Matrix element; row/column ordering remains to be verified.
spatial_adjacency_weights.dta,a133,float32,a133,Adjacency entry for the matrix column identified by this variable name.,284,0,3,,,,Matrix element; row/column ordering remains to be verified.
spatial_adjacency_weights.dta,a134,float32,a134,Adjacency entry for the matrix column identified by this variable name.,284,0,4,,,,Matrix element; row/column ordering remains to be verified.
spatial_adjacency_weights.dta,a135,float32,a135,Adjacency entry for the matrix column identified by this variable name.,284,0,5,,,,Matrix element; row/column ordering remains to be verified.
spatial_adjacency_weights.dta,a136,float32,a136,Adjacency entry for the matrix column identified by this variable name.,284,0,5,,,,Matrix element; row/column ordering remains to be verified.
spatial_adjacency_weights.dta,a137,float32,a137,Adjacency entry for the matrix column identified by this variable name.,284,0,5,,,,Matrix element; row/column ordering remains to be verified.
spatial_adjacency_weights.dta,a138,float32,a138,Adjacency entry for the matrix column identified by this variable name.,284,0,2,,,,Matrix element; row/column ordering remains to be verified.
spatial_adjacency_weights.dta,a139,float32,a139,Adjacency entry for the matrix column identified by this variable name.,284,0,4,,,,Matrix element; row/column ordering remains to be verified.
spatial_adjacency_weights.dta,a140,float32,a140,Adjacency entry for the matrix column identified by this variable name.,284,0,5,,,,Matrix element; row/column ordering remains to be verified.
spatial_adjacency_weights.dta,a141,float32,a141,Adjacency entry for the matrix column identified by this variable name.,284,0,3,,,,Matrix element; row/column ordering remains to be verified.
spatial_adjacency_weights.dta,a142,float32,a142,Adjacency entry for the matrix column identified by this variable name.,284,0,4,,,,Matrix element; row/column ordering remains to be verified.
spatial_adjacency_weights.dta,a143,float32,a143,Adjacency entry for the matrix column identified by this variable name.,284,0,4,,,,Matrix element; row/column ordering remains to be verified.
spatial_adjacency_weights.dta,a144,float32,a144,Adjacency entry for the matrix column identified by this variable name.,284,0,4,,,,Matrix element; row/column ordering remains to be verified.
spatial_adjacency_weights.dta,a145,float32,a145,Adjacency entry for the matrix column identified by this variable name.,284,0,4,,,,Matrix element; row/column ordering remains to be verified.
spatial_adjacency_weights.dta,a146,float32,a146,Adjacency entry for the matrix column identified by this variable name.,284,0,5,,,,Matrix element; row/column ordering remains to be verified.
spatial_adjacency_weights.dta,a147,float32,a147,Adjacency entry for the matrix column identified by this variable name.,284,0,4,,,,Matrix element; row/column ordering remains to be verified.
spatial_adjacency_weights.dta,a148,float32,a148,Adjacency entry for the matrix column identified by this variable name.,284,0,5,,,,Matrix element; row/column ordering remains to be verified.
spatial_adjacency_weights.dta,a149,float32,a149,Adjacency entry for the matrix column identified by this variable name.,284,0,5,,,,Matrix element; row/column ordering remains to be verified.
spatial_adjacency_weights.dta,a150,float32,a150,Adjacency entry for the matrix column identified by this variable name.,284,0,3,,,,Matrix element; row/column ordering remains to be verified.
spatial_adjacency_weights.dta,a151,float32,a151,Adjacency entry for the matrix column identified by this variable name.,284,0,5,,,,Matrix element; row/column ordering remains to be verified.
spatial_adjacency_weights.dta,a152,float32,a152,Adjacency entry for the matrix column identified by this variable name.,284,0,4,,,,Matrix element; row/column ordering remains to be verified.
spatial_adjacency_weights.dta,a153,float32,a153,Adjacency entry for the matrix column identified by this variable name.,284,0,5,,,,Matrix element; row/column ordering remains to be verified.
spatial_adjacency_weights.dta,a154,float32,a154,Adjacency entry for the matrix column identified by this variable name.,284,0,4,,,,Matrix element; row/column ordering remains to be verified.
spatial_adjacency_weights.dta,a155,float32,a155,Adjacency entry for the matrix column identified by this variable name.,284,0,4,,,,Matrix element; row/column ordering remains to be verified.
spatial_adjacency_weights.dta,a156,float32,a156,Adjacency entry for the matrix column identified by this variable name.,284,0,4,,,,Matrix element; row/column ordering remains to be verified.
spatial_adjacency_weights.dta,a157,float32,a157,Adjacency entry for the matrix column identified by this variable name.,284,0,4,,,,Matrix element; row/column ordering remains to be verified.
spatial_adjacency_weights.dta,a158,float32,a158,Adjacency entry for the matrix column identified by this variable name.,284,0,4,,,,Matrix element; row/column ordering remains to be verified.
spatial_adjacency_weights.dta,a159,float32,a159,Adjacency entry for the matrix column identified by this variable name.,284,0,5,,,,Matrix element; row/column ordering remains to be verified.
spatial_adjacency_weights.dta,a160,float32,a160,Adjacency entry for the matrix column identified by this variable name.,284,0,4,,,,Matrix element; row/column ordering remains to be verified.
spatial_adjacency_weights.dta,a161,float32,a161,Adjacency entry for the matrix column identified by this variable name.,284,0,5,,,,Matrix element; row/column ordering remains to be verified.
spatial_adjacency_weights.dta,a162,float32,a162,Adjacency entry for the matrix column identified by this variable name.,284,0,5,,,,Matrix element; row/column ordering remains to be verified.
spatial_adjacency_weights.dta,a163,float32,a163,Adjacency entry for the matrix column identified by this variable name.,284,0,6,,,,Matrix element; row/column ordering remains to be verified.
spatial_adjacency_weights.dta,a164,float32,a164,Adjacency entry for the matrix column identified by this variable name.,284,0,4,,,,Matrix element; row/column ordering remains to be verified.
spatial_adjacency_weights.dta,a165,float32,a165,Adjacency entry for the matrix column identified by this variable name.,284,0,3,,,,Matrix element; row/column ordering remains to be verified.
spatial_adjacency_weights.dta,a166,float32,a166,Adjacency entry for the matrix column identified by this variable name.,284,0,4,,,,Matrix element; row/column ordering remains to be verified.
spatial_adjacency_weights.dta,a167,float32,a167,Adjacency entry for the matrix column identified by this variable name.,284,0,4,,,,Matrix element; row/column ordering remains to be verified.
spatial_adjacency_weights.dta,a168,float32,a168,Adjacency entry for the matrix column identified by this variable name.,284,0,4,,,,Matrix element; row/column ordering remains to be verified.
spatial_adjacency_weights.dta,a169,float32,a169,Adjacency entry for the matrix column identified by this variable name.,284,0,5,,,,Matrix element; row/column ordering remains to be verified.
spatial_adjacency_weights.dta,a170,float32,a170,Adjacency entry for the matrix column identified by this variable name.,284,0,5,,,,Matrix element; row/column ordering remains to be verified.
spatial_adjacency_weights.dta,a171,float32,a171,Adjacency entry for the matrix column identified by this variable name.,284,0,6,,,,Matrix element; row/column ordering remains to be verified.
spatial_adjacency_weights.dta,a172,float32,a172,Adjacency entry for the matrix column identified by this variable name.,284,0,5,,,,Matrix element; row/column ordering remains to be verified.
spatial_adjacency_weights.dta,a173,float32,a173,Adjacency entry for the matrix column identified by this variable name.,284,0,4,,,,Matrix element; row/column ordering remains to be verified.
spatial_adjacency_weights.dta,a174,float32,a174,Adjacency entry for the matrix column identified by this variable name.,284,0,6,,,,Matrix element; row/column ordering remains to be verified.
spatial_adjacency_weights.dta,a175,float32,a175,Adjacency entry for the matrix column identified by this variable name.,284,0,4,,,,Matrix element; row/column ordering remains to be verified.
spatial_adjacency_weights.dta,a176,float32,a176,Adjacency entry for the matrix column identified by this variable name.,284,0,3,,,,Matrix element; row/column ordering remains to be verified.
spatial_adjacency_weights.dta,a177,float32,a177,Adjacency entry for the matrix column identified by this variable name.,284,0,5,,,,Matrix element; row/column ordering remains to be verified.
spatial_adjacency_weights.dta,a178,float32,a178,Adjacency entry for the matrix column identified by this variable name.,284,0,3,,,,Matrix element; row/column ordering remains to be verified.
spatial_adjacency_weights.dta,a179,float32,a179,Adjacency entry for the matrix column identified by this variable name.,284,0,6,,,,Matrix element; row/column ordering remains to be verified.
spatial_adjacency_weights.dta,a180,float32,a180,Adjacency entry for the matrix column identified by this variable name.,284,0,6,,,,Matrix element; row/column ordering remains to be verified.
spatial_adjacency_weights.dta,a181,float32,a181,Adjacency entry for the matrix column identified by this variable name.,284,0,3,,,,Matrix element; row/column ordering remains to be verified.
spatial_adjacency_weights.dta,a182,float32,a182,Adjacency entry for the matrix column identified by this variable name.,284,0,3,,,,Matrix element; row/column ordering remains to be verified.
spatial_adjacency_weights.dta,a183,float32,a183,Adjacency entry for the matrix column identified by this variable name.,284,0,4,,,,Matrix element; row/column ordering remains to be verified.
spatial_adjacency_weights.dta,a184,float32,a184,Adjacency entry for the matrix column identified by this variable name.,284,0,4,,,,Matrix element; row/column ordering remains to be verified.
spatial_adjacency_weights.dta,a185,float32,a185,Adjacency entry for the matrix column identified by this variable name.,284,0,6,,,,Matrix element; row/column ordering remains to be verified.
spatial_adjacency_weights.dta,a186,float32,a186,Adjacency entry for the matrix column identified by this variable name.,284,0,5,,,,Matrix element; row/column ordering remains to be verified.
spatial_adjacency_weights.dta,a187,float32,a187,Adjacency entry for the matrix column identified by this variable name.,284,0,5,,,,Matrix element; row/column ordering remains to be verified.
spatial_adjacency_weights.dta,a188,float32,a188,Adjacency entry for the matrix column identified by this variable name.,284,0,5,,,,Matrix element; row/column ordering remains to be verified.
spatial_adjacency_weights.dta,a189,float32,a189,Adjacency entry for the matrix column identified by this variable name.,284,0,3,,,,Matrix element; row/column ordering remains to be verified.
spatial_adjacency_weights.dta,a190,float32,a190,Adjacency entry for the matrix column identified by this variable name.,284,0,3,,,,Matrix element; row/column ordering remains to be verified.
spatial_adjacency_weights.dta,a191,float32,a191,Adjacency entry for the matrix column identified by this variable name.,284,0,2,,,,Matrix element; row/column ordering remains to be verified.
spatial_adjacency_weights.dta,a192,float32,a192,Adjacency entry for the matrix column identified by this variable name.,284,0,5,,,,Matrix element; row/column ordering remains to be verified.
spatial_adjacency_weights.dta,a193,float32,a193,Adjacency entry for the matrix column identified by this variable name.,284,0,5,,,,Matrix element; row/column ordering remains to be verified.
spatial_adjacency_weights.dta,a194,float32,a194,Adjacency entry for the matrix column identified by this variable name.,284,0,5,,,,Matrix element; row/column ordering remains to be verified.
spatial_adjacency_weights.dta,a195,float32,a195,Adjacency entry for the matrix column identified by this variable name.,284,0,5,,,,Matrix element; row/column ordering remains to be verified.
spatial_adjacency_weights.dta,a196,float32,a196,Adjacency entry for the matrix column identified by this variable name.,284,0,5,,,,Matrix element; row/column ordering remains to be verified.
spatial_adjacency_weights.dta,a197,float32,a197,Adjacency entry for the matrix column identified by this variable name.,284,0,6,,,,Matrix element; row/column ordering remains to be verified.
spatial_adjacency_weights.dta,a198,float32,a198,Adjacency entry for the matrix column identified by this variable name.,284,0,4,,,,Matrix element; row/column ordering remains to be verified.
spatial_adjacency_weights.dta,a199,float32,a199,Adjacency entry for the matrix column identified by this variable name.,284,0,5,,,,Matrix element; row/column ordering remains to be verified.
spatial_adjacency_weights.dta,a200,float32,a200,Adjacency entry for the matrix column identified by this variable name.,284,0,5,,,,Matrix element; row/column ordering remains to be verified.
spatial_adjacency_weights.dta,a201,float32,a201,Adjacency entry for the matrix column identified by this variable name.,284,0,3,,,,Matrix element; row/column ordering remains to be verified.
spatial_adjacency_weights.dta,a202,float32,a202,Adjacency entry for the matrix column identified by this variable name.,284,0,4,,,,Matrix element; row/column ordering remains to be verified.
spatial_adjacency_weights.dta,a203,float32,a203,Adjacency entry for the matrix column identified by this variable name.,284,0,3,,,,Matrix element; row/column ordering remains to be verified.
spatial_adjacency_weights.dta,a204,float32,a204,Adjacency entry for the matrix column identified by this variable name.,284,0,4,,,,Matrix element; row/column ordering remains to be verified.
spatial_adjacency_weights.dta,a205,float32,a205,Adjacency entry for the matrix column identified by this variable name.,284,0,5,,,,Matrix element; row/column ordering remains to be verified.
spatial_adjacency_weights.dta,a206,float32,a206,Adjacency entry for the matrix column identified by this variable name.,284,0,4,,,,Matrix element; row/column ordering remains to be verified.
spatial_adjacency_weights.dta,a207,float32,a207,Adjacency entry for the matrix column identified by this variable name.,284,0,5,,,,Matrix element; row/column ordering remains to be verified.
spatial_adjacency_weights.dta,a208,float32,a208,Adjacency entry for the matrix column identified by this variable name.,284,0,5,,,,Matrix element; row/column ordering remains to be verified.
spatial_adjacency_weights.dta,a209,float32,a209,Adjacency entry for the matrix column identified by this variable name.,284,0,4,,,,Matrix element; row/column ordering remains to be verified.
spatial_adjacency_weights.dta,a210,float32,a210,Adjacency entry for the matrix column identified by this variable name.,284,0,6,,,,Matrix element; row/column ordering remains to be verified.
spatial_adjacency_weights.dta,a211,float32,a211,Adjacency entry for the matrix column identified by this variable name.,284,0,4,,,,Matrix element; row/column ordering remains to be verified.
spatial_adjacency_weights.dta,a212,float32,a212,Adjacency entry for the matrix column identified by this variable name.,284,0,4,,,,Matrix element; row/column ordering remains to be verified.
spatial_adjacency_weights.dta,a213,float32,a213,Adjacency entry for the matrix column identified by this variable name.,284,0,4,,,,Matrix element; row/column ordering remains to be verified.
spatial_adjacency_weights.dta,a214,float32,a214,Adjacency entry for the matrix column identified by this variable name.,284,0,5,,,,Matrix element; row/column ordering remains to be verified.
spatial_adjacency_weights.dta,a215,float32,a215,Adjacency entry for the matrix column identified by this variable name.,284,0,5,,,,Matrix element; row/column ordering remains to be verified.
spatial_adjacency_weights.dta,a216,float32,a216,Adjacency entry for the matrix column identified by this variable name.,284,0,5,,,,Matrix element; row/column ordering remains to be verified.
spatial_adjacency_weights.dta,a217,float32,a217,Adjacency entry for the matrix column identified by this variable name.,284,0,4,,,,Matrix element; row/column ordering remains to be verified.
spatial_adjacency_weights.dta,a218,float32,a218,Adjacency entry for the matrix column identified by this variable name.,284,0,5,,,,Matrix element; row/column ordering remains to be verified.
spatial_adjacency_weights.dta,a219,float32,a219,Adjacency entry for the matrix column identified by this variable name.,284,0,4,,,,Matrix element; row/column ordering remains to be verified.
spatial_adjacency_weights.dta,a220,float32,a220,Adjacency entry for the matrix column identified by this variable name.,284,0,5,,,,Matrix element; row/column ordering remains to be verified.
spatial_adjacency_weights.dta,a221,float32,a221,Adjacency entry for the matrix column identified by this variable name.,284,0,4,,,,Matrix element; row/column ordering remains to be verified.
spatial_adjacency_weights.dta,a222,float32,a222,Adjacency entry for the matrix column identified by this variable name.,284,0,3,,,,Matrix element; row/column ordering remains to be verified.
spatial_adjacency_weights.dta,a223,float32,a223,Adjacency entry for the matrix column identified by this variable name.,284,0,2,,,,Matrix element; row/column ordering remains to be verified.
spatial_adjacency_weights.dta,a224,float32,a224,Adjacency entry for the matrix column identified by this variable name.,284,0,5,,,,Matrix element; row/column ordering remains to be verified.
spatial_adjacency_weights.dta,a225,float32,a225,Adjacency entry for the matrix column identified by this variable name.,284,0,4,,,,Matrix element; row/column ordering remains to be verified.
spatial_adjacency_weights.dta,a226,float32,a226,Adjacency entry for the matrix column identified by this variable name.,284,0,4,,,,Matrix element; row/column ordering remains to be verified.
spatial_adjacency_weights.dta,a227,float32,a227,Adjacency entry for the matrix column identified by this variable name.,284,0,2,,,,Matrix element; row/column ordering remains to be verified.
spatial_adjacency_weights.dta,a228,float32,a228,Adjacency entry for the matrix column identified by this variable name.,284,0,5,,,,Matrix element; row/column ordering remains to be verified.
spatial_adjacency_weights.dta,a229,float32,a229,Adjacency entry for the matrix column identified by this variable name.,284,0,4,,,,Matrix element; row/column ordering remains to be verified.
spatial_adjacency_weights.dta,a230,float32,a230,Adjacency entry for the matrix column identified by this variable name.,284,0,4,,,,Matrix element; row/column ordering remains to be verified.
spatial_adjacency_weights.dta,a231,float32,a231,Adjacency entry for the matrix column identified by this variable name.,284,0,5,,,,Matrix element; row/column ordering remains to be verified.
spatial_adjacency_weights.dta,a232,float32,a232,Adjacency entry for the matrix column identified by this variable name.,284,0,5,,,,Matrix element; row/column ordering remains to be verified.
spatial_adjacency_weights.dta,a233,float32,a233,Adjacency entry for the matrix column identified by this variable name.,284,0,4,,,,Matrix element; row/column ordering remains to be verified.
spatial_adjacency_weights.dta,a234,float32,a234,Adjacency entry for the matrix column identified by this variable name.,284,0,5,,,,Matrix element; row/column ordering remains to be verified.
spatial_adjacency_weights.dta,a235,float32,a235,Adjacency entry for the matrix column identified by this variable name.,284,0,4,,,,Matrix element; row/column ordering remains to be verified.
spatial_adjacency_weights.dta,a236,float32,a236,Adjacency entry for the matrix column identified by this variable name.,284,0,5,,,,Matrix element; row/column ordering remains to be verified.
spatial_adjacency_weights.dta,a237,float32,a237,Adjacency entry for the matrix column identified by this variable name.,284,0,4,,,,Matrix element; row/column ordering remains to be verified.
spatial_adjacency_weights.dta,a238,float32,a238,Adjacency entry for the matrix column identified by this variable name.,284,0,3,,,,Matrix element; row/column ordering remains to be verified.
spatial_adjacency_weights.dta,a239,float32,a239,Adjacency entry for the matrix column identified by this variable name.,284,0,5,,,,Matrix element; row/column ordering remains to be verified.
spatial_adjacency_weights.dta,a240,float32,a240,Adjacency entry for the matrix column identified by this variable name.,284,0,3,,,,Matrix element; row/column ordering remains to be verified.
spatial_adjacency_weights.dta,a241,float32,a241,Adjacency entry for the matrix column identified by this variable name.,284,0,4,,,,Matrix element; row/column ordering remains to be verified.
spatial_adjacency_weights.dta,a242,float32,a242,Adjacency entry for the matrix column identified by this variable name.,284,0,5,,,,Matrix element; row/column ordering remains to be verified.
spatial_adjacency_weights.dta,a243,float32,a243,Adjacency entry for the matrix column identified by this variable name.,284,0,3,,,,Matrix element; row/column ordering remains to be verified.
spatial_adjacency_weights.dta,a244,float32,a244,Adjacency entry for the matrix column identified by this variable name.,284,0,3,,,,Matrix element; row/column ordering remains to be verified.
spatial_adjacency_weights.dta,a245,float32,a245,Adjacency entry for the matrix column identified by this variable name.,284,0,4,,,,Matrix element; row/column ordering remains to be verified.
spatial_adjacency_weights.dta,a246,float32,a246,Adjacency entry for the matrix column identified by this variable name.,284,0,2,,,,Matrix element; row/column ordering remains to be verified.
spatial_adjacency_weights.dta,a247,float32,a247,Adjacency entry for the matrix column identified by this variable name.,284,0,3,,,,Matrix element; row/column ordering remains to be verified.
spatial_adjacency_weights.dta,a248,float32,a248,Adjacency entry for the matrix column identified by this variable name.,284,0,4,,,,Matrix element; row/column ordering remains to be verified.
spatial_adjacency_weights.dta,a249,float32,a249,Adjacency entry for the matrix column identified by this variable name.,284,0,3,,,,Matrix element; row/column ordering remains to be verified.
spatial_adjacency_weights.dta,a250,float32,a250,Adjacency entry for the matrix column identified by this variable name.,284,0,2,,,,Matrix element; row/column ordering remains to be verified.
spatial_adjacency_weights.dta,a251,float32,a251,Adjacency entry for the matrix column identified by this variable name.,284,0,4,,,,Matrix element; row/column ordering remains to be verified.
spatial_adjacency_weights.dta,a252,float32,a252,Adjacency entry for the matrix column identified by this variable name.,284,0,2,,,,Matrix element; row/column ordering remains to be verified.
spatial_adjacency_weights.dta,a253,float32,a253,Adjacency entry for the matrix column identified by this variable name.,284,0,2,,,,Matrix element; row/column ordering remains to be verified.
spatial_adjacency_weights.dta,a254,float32,a254,Adjacency entry for the matrix column identified by this variable name.,284,0,3,,,,Matrix element; row/column ordering remains to be verified.
spatial_adjacency_weights.dta,a255,float32,a255,Adjacency entry for the matrix column identified by this variable name.,284,0,2,,,,Matrix element; row/column ordering remains to be verified.
spatial_adjacency_weights.dta,a256,float32,a256,Adjacency entry for the matrix column identified by this variable name.,284,0,4,,,,Matrix element; row/column ordering remains to be verified.
spatial_adjacency_weights.dta,a257,float32,a257,Adjacency entry for the matrix column identified by this variable name.,284,0,3,,,,Matrix element; row/column ordering remains to be verified.
spatial_adjacency_weights.dta,a258,float32,a258,Adjacency entry for the matrix column identified by this variable name.,284,0,4,,,,Matrix element; row/column ordering remains to be verified.
spatial_adjacency_weights.dta,a259,float32,a259,Adjacency entry for the matrix column identified by this variable name.,284,0,5,,,,Matrix element; row/column ordering remains to be verified.
spatial_adjacency_weights.dta,a260,float32,a260,Adjacency entry for the matrix column identified by this variable name.,284,0,5,,,,Matrix element; row/column ordering remains to be verified.
spatial_adjacency_weights.dta,a261,float32,a261,Adjacency entry for the matrix column identified by this variable name.,284,0,5,,,,Matrix element; row/column ordering remains to be verified.
spatial_adjacency_weights.dta,a262,float32,a262,Adjacency entry for the matrix column identified by this variable name.,284,0,4,,,,Matrix element; row/column ordering remains to be verified.
spatial_adjacency_weights.dta,a263,float32,a263,Adjacency entry for the matrix column identified by this variable name.,284,0,6,,,,Matrix element; row/column ordering remains to be verified.
spatial_adjacency_weights.dta,a264,float32,a264,Adjacency entry for the matrix column identified by this variable name.,284,0,5,,,,Matrix element; row/column ordering remains to be verified.
spatial_adjacency_weights.dta,a265,float32,a265,Adjacency entry for the matrix column identified by this variable name.,284,0,5,,,,Matrix element; row/column ordering remains to be verified.
spatial_adjacency_weights.dta,a266,float32,a266,Adjacency entry for the matrix column identified by this variable name.,284,0,4,,,,Matrix element; row/column ordering remains to be verified.
spatial_adjacency_weights.dta,a267,float32,a267,Adjacency entry for the matrix column identified by this variable name.,284,0,3,,,,Matrix element; row/column ordering remains to be verified.
spatial_adjacency_weights.dta,a268,float32,a268,Adjacency entry for the matrix column identified by this variable name.,284,0,2,,,,Matrix element; row/column ordering remains to be verified.
spatial_adjacency_weights.dta,a269,float32,a269,Adjacency entry for the matrix column identified by this variable name.,284,0,4,,,,Matrix element; row/column ordering remains to be verified.
spatial_adjacency_weights.dta,a270,float32,a270,Adjacency entry for the matrix column identified by this variable name.,284,0,4,,,,Matrix element; row/column ordering remains to be verified.
spatial_adjacency_weights.dta,a271,float32,a271,Adjacency entry for the matrix column identified by this variable name.,284,0,4,,,,Matrix element; row/column ordering remains to be verified.
spatial_adjacency_weights.dta,a272,float32,a272,Adjacency entry for the matrix column identified by this variable name.,284,0,3,,,,Matrix element; row/column ordering remains to be verified.
spatial_adjacency_weights.dta,a273,float32,a273,Adjacency entry for the matrix column identified by this variable name.,284,0,5,,,,Matrix element; row/column ordering remains to be verified.
spatial_adjacency_weights.dta,a274,float32,a274,Adjacency entry for the matrix column identified by this variable name.,284,0,3,,,,Matrix element; row/column ordering remains to be verified.
spatial_adjacency_weights.dta,a275,float32,a275,Adjacency entry for the matrix column identified by this variable name.,284,0,5,,,,Matrix element; row/column ordering remains to be verified.
spatial_adjacency_weights.dta,a276,float32,a276,Adjacency entry for the matrix column identified by this variable name.,284,0,5,,,,Matrix element; row/column ordering remains to be verified.
spatial_adjacency_weights.dta,a277,float32,a277,Adjacency entry for the matrix column identified by this variable name.,284,0,5,,,,Matrix element; row/column ordering remains to be verified.
spatial_adjacency_weights.dta,a278,float32,a278,Adjacency entry for the matrix column identified by this variable name.,284,0,2,,,,Matrix element; row/column ordering remains to be verified.
spatial_adjacency_weights.dta,a279,float32,a279,Adjacency entry for the matrix column identified by this variable name.,284,0,4,,,,Matrix element; row/column ordering remains to be verified.
spatial_adjacency_weights.dta,a280,float32,a280,Adjacency entry for the matrix column identified by this variable name.,284,0,4,,,,Matrix element; row/column ordering remains to be verified.
spatial_adjacency_weights.dta,a281,float32,a281,Adjacency entry for the matrix column identified by this variable name.,284,0,5,,,,Matrix element; row/column ordering remains to be verified.
spatial_adjacency_weights.dta,a282,float32,a282,Adjacency entry for the matrix column identified by this variable name.,284,0,4,,,,Matrix element; row/column ordering remains to be verified.
spatial_adjacency_weights.dta,a283,float32,a283,Adjacency entry for the matrix column identified by this variable name.,284,0,2,,,,Matrix element; row/column ordering remains to be verified.
spatial_adjacency_weights.dta,a284,float32,a284,Adjacency entry for the matrix column identified by this variable name.,284,0,2,,,,Matrix element; row/column ordering remains to be verified.
spatial_distance_source.dta,id,int32,id,"City identifier or matrix row identifier, depending on dataset.",284,0,284,,City identifier used for the 284-city spatial panel or matrix ordering.,,Documented in the manuscript; verify against construction code before release.
spatial_distance_source.dta,lon,float64,lon,Longitude used to calculate great-circle distance; coordinate reference system must be confirmed.,284,0,284,,,,Not fully documented in the supplied manuscript.
spatial_distance_source.dta,lat,float64,lat,Latitude used to calculate great-circle distance; coordinate reference system must be confirmed.,284,0,284,,,,Not fully documented in the supplied manuscript.
spatial_distance_weights.dta,w110000,float32,,Row-standardized geographic-distance spatial weight for the destination code in the suffix.,284,0,284,,,,Matrix element; row/column ordering remains to be verified.
spatial_distance_weights.dta,w120000,float32,,Row-standardized geographic-distance spatial weight for the destination code in the suffix.,284,0,284,,,,Matrix element; row/column ordering remains to be verified.
spatial_distance_weights.dta,w130100,float32,,Row-standardized geographic-distance spatial weight for the destination code in the suffix.,284,0,284,,,,Matrix element; row/column ordering remains to be verified.
spatial_distance_weights.dta,w130200,float32,,Row-standardized geographic-distance spatial weight for the destination code in the suffix.,284,0,284,,,,Matrix element; row/column ordering remains to be verified.
spatial_distance_weights.dta,w130300,float32,,Row-standardized geographic-distance spatial weight for the destination code in the suffix.,284,0,284,,,,Matrix element; row/column ordering remains to be verified.
spatial_distance_weights.dta,w130400,float32,,Row-standardized geographic-distance spatial weight for the destination code in the suffix.,284,0,284,,,,Matrix element; row/column ordering remains to be verified.
spatial_distance_weights.dta,w130500,float32,,Row-standardized geographic-distance spatial weight for the destination code in the suffix.,284,0,284,,,,Matrix element; row/column ordering remains to be verified.
spatial_distance_weights.dta,w130600,float32,,Row-standardized geographic-distance spatial weight for the destination code in the suffix.,284,0,284,,,,Matrix element; row/column ordering remains to be verified.
spatial_distance_weights.dta,w130700,float32,,Row-standardized geographic-distance spatial weight for the destination code in the suffix.,284,0,284,,,,Matrix element; row/column ordering remains to be verified.
spatial_distance_weights.dta,w130800,float32,,Row-standardized geographic-distance spatial weight for the destination code in the suffix.,284,0,284,,,,Matrix element; row/column ordering remains to be verified.
spatial_distance_weights.dta,w130900,float32,,Row-standardized geographic-distance spatial weight for the destination code in the suffix.,284,0,284,,,,Matrix element; row/column ordering remains to be verified.
spatial_distance_weights.dta,w131000,float32,,Row-standardized geographic-distance spatial weight for the destination code in the suffix.,284,0,284,,,,Matrix element; row/column ordering remains to be verified.
spatial_distance_weights.dta,w131100,float32,,Row-standardized geographic-distance spatial weight for the destination code in the suffix.,284,0,284,,,,Matrix element; row/column ordering remains to be verified.
spatial_distance_weights.dta,w140100,float32,,Row-standardized geographic-distance spatial weight for the destination code in the suffix.,284,0,284,,,,Matrix element; row/column ordering remains to be verified.
spatial_distance_weights.dta,w140200,float32,,Row-standardized geographic-distance spatial weight for the destination code in the suffix.,284,0,284,,,,Matrix element; row/column ordering remains to be verified.
spatial_distance_weights.dta,w140300,float32,,Row-standardized geographic-distance spatial weight for the destination code in the suffix.,284,0,284,,,,Matrix element; row/column ordering remains to be verified.
spatial_distance_weights.dta,w140400,float32,,Row-standardized geographic-distance spatial weight for the destination code in the suffix.,284,0,284,,,,Matrix element; row/column ordering remains to be verified.
spatial_distance_weights.dta,w140500,float32,,Row-standardized geographic-distance spatial weight for the destination code in the suffix.,284,0,284,,,,Matrix element; row/column ordering remains to be verified.
spatial_distance_weights.dta,w140600,float32,,Row-standardized geographic-distance spatial weight for the destination code in the suffix.,284,0,284,,,,Matrix element; row/column ordering remains to be verified.
spatial_distance_weights.dta,w140700,float32,,Row-standardized geographic-distance spatial weight for the destination code in the suffix.,284,0,284,,,,Matrix element; row/column ordering remains to be verified.
spatial_distance_weights.dta,w140800,float32,,Row-standardized geographic-distance spatial weight for the destination code in the suffix.,284,0,284,,,,Matrix element; row/column ordering remains to be verified.
spatial_distance_weights.dta,w140900,float32,,Row-standardized geographic-distance spatial weight for the destination code in the suffix.,284,0,284,,,,Matrix element; row/column ordering remains to be verified.
spatial_distance_weights.dta,w141000,float32,,Row-standardized geographic-distance spatial weight for the destination code in the suffix.,284,0,284,,,,Matrix element; row/column ordering remains to be verified.
spatial_distance_weights.dta,w141100,float32,,Row-standardized geographic-distance spatial weight for the destination code in the suffix.,284,0,284,,,,Matrix element; row/column ordering remains to be verified.
spatial_distance_weights.dta,w150100,float32,,Row-standardized geographic-distance spatial weight for the destination code in the suffix.,284,0,284,,,,Matrix element; row/column ordering remains to be verified.
spatial_distance_weights.dta,w150200,float32,,Row-standardized geographic-distance spatial weight for the destination code in the suffix.,284,0,284,,,,Matrix element; row/column ordering remains to be verified.
spatial_distance_weights.dta,w150300,float32,,Row-standardized geographic-distance spatial weight for the destination code in the suffix.,284,0,284,,,,Matrix element; row/column ordering remains to be verified.
spatial_distance_weights.dta,w150400,float32,,Row-standardized geographic-distance spatial weight for the destination code in the suffix.,284,0,284,,,,Matrix element; row/column ordering remains to be verified.
spatial_distance_weights.dta,w150500,float32,,Row-standardized geographic-distance spatial weight for the destination code in the suffix.,284,0,284,,,,Matrix element; row/column ordering remains to be verified.
spatial_distance_weights.dta,w150600,float32,,Row-standardized geographic-distance spatial weight for the destination code in the suffix.,284,0,284,,,,Matrix element; row/column ordering remains to be verified.
spatial_distance_weights.dta,w150700,float32,,Row-standardized geographic-distance spatial weight for the destination code in the suffix.,284,0,284,,,,Matrix element; row/column ordering remains to be verified.
spatial_distance_weights.dta,w150800,float32,,Row-standardized geographic-distance spatial weight for the destination code in the suffix.,284,0,284,,,,Matrix element; row/column ordering remains to be verified.
spatial_distance_weights.dta,w150900,float32,,Row-standardized geographic-distance spatial weight for the destination code in the suffix.,284,0,284,,,,Matrix element; row/column ordering remains to be verified.
spatial_distance_weights.dta,w210100,float32,,Row-standardized geographic-distance spatial weight for the destination code in the suffix.,284,0,284,,,,Matrix element; row/column ordering remains to be verified.
spatial_distance_weights.dta,w210200,float32,,Row-standardized geographic-distance spatial weight for the destination code in the suffix.,284,0,284,,,,Matrix element; row/column ordering remains to be verified.
spatial_distance_weights.dta,w210300,float32,,Row-standardized geographic-distance spatial weight for the destination code in the suffix.,284,0,284,,,,Matrix element; row/column ordering remains to be verified.
spatial_distance_weights.dta,w210400,float32,,Row-standardized geographic-distance spatial weight for the destination code in the suffix.,284,0,284,,,,Matrix element; row/column ordering remains to be verified.
spatial_distance_weights.dta,w210500,float32,,Row-standardized geographic-distance spatial weight for the destination code in the suffix.,284,0,284,,,,Matrix element; row/column ordering remains to be verified.
spatial_distance_weights.dta,w210600,float32,,Row-standardized geographic-distance spatial weight for the destination code in the suffix.,284,0,284,,,,Matrix element; row/column ordering remains to be verified.
spatial_distance_weights.dta,w210700,float32,,Row-standardized geographic-distance spatial weight for the destination code in the suffix.,284,0,284,,,,Matrix element; row/column ordering remains to be verified.
spatial_distance_weights.dta,w210800,float32,,Row-standardized geographic-distance spatial weight for the destination code in the suffix.,284,0,284,,,,Matrix element; row/column ordering remains to be verified.
spatial_distance_weights.dta,w210900,float32,,Row-standardized geographic-distance spatial weight for the destination code in the suffix.,284,0,284,,,,Matrix element; row/column ordering remains to be verified.
spatial_distance_weights.dta,w211000,float32,,Row-standardized geographic-distance spatial weight for the destination code in the suffix.,284,0,284,,,,Matrix element; row/column ordering remains to be verified.
spatial_distance_weights.dta,w211100,float32,,Row-standardized geographic-distance spatial weight for the destination code in the suffix.,284,0,284,,,,Matrix element; row/column ordering remains to be verified.
spatial_distance_weights.dta,w211200,float32,,Row-standardized geographic-distance spatial weight for the destination code in the suffix.,284,0,284,,,,Matrix element; row/column ordering remains to be verified.
spatial_distance_weights.dta,w211300,float32,,Row-standardized geographic-distance spatial weight for the destination code in the suffix.,284,0,284,,,,Matrix element; row/column ordering remains to be verified.
spatial_distance_weights.dta,w211400,float32,,Row-standardized geographic-distance spatial weight for the destination code in the suffix.,284,0,284,,,,Matrix element; row/column ordering remains to be verified.
spatial_distance_weights.dta,w220100,float32,,Row-standardized geographic-distance spatial weight for the destination code in the suffix.,284,0,284,,,,Matrix element; row/column ordering remains to be verified.
spatial_distance_weights.dta,w220200,float32,,Row-standardized geographic-distance spatial weight for the destination code in the suffix.,284,0,284,,,,Matrix element; row/column ordering remains to be verified.
spatial_distance_weights.dta,w220300,float32,,Row-standardized geographic-distance spatial weight for the destination code in the suffix.,284,0,284,,,,Matrix element; row/column ordering remains to be verified.
spatial_distance_weights.dta,w220400,float32,,Row-standardized geographic-distance spatial weight for the destination code in the suffix.,284,0,284,,,,Matrix element; row/column ordering remains to be verified.
spatial_distance_weights.dta,w220500,float32,,Row-standardized geographic-distance spatial weight for the destination code in the suffix.,284,0,284,,,,Matrix element; row/column ordering remains to be verified.
spatial_distance_weights.dta,w220600,float32,,Row-standardized geographic-distance spatial weight for the destination code in the suffix.,284,0,284,,,,Matrix element; row/column ordering remains to be verified.
spatial_distance_weights.dta,w220700,float32,,Row-standardized geographic-distance spatial weight for the destination code in the suffix.,284,0,284,,,,Matrix element; row/column ordering remains to be verified.
spatial_distance_weights.dta,w220800,float32,,Row-standardized geographic-distance spatial weight for the destination code in the suffix.,284,0,284,,,,Matrix element; row/column ordering remains to be verified.
spatial_distance_weights.dta,w230100,float32,,Row-standardized geographic-distance spatial weight for the destination code in the suffix.,284,0,284,,,,Matrix element; row/column ordering remains to be verified.
spatial_distance_weights.dta,w230200,float32,,Row-standardized geographic-distance spatial weight for the destination code in the suffix.,284,0,284,,,,Matrix element; row/column ordering remains to be verified.
spatial_distance_weights.dta,w230300,float32,,Row-standardized geographic-distance spatial weight for the destination code in the suffix.,284,0,283,,,,Matrix element; row/column ordering remains to be verified.
spatial_distance_weights.dta,w230400,float32,,Row-standardized geographic-distance spatial weight for the destination code in the suffix.,284,0,284,,,,Matrix element; row/column ordering remains to be verified.
spatial_distance_weights.dta,w230500,float32,,Row-standardized geographic-distance spatial weight for the destination code in the suffix.,284,0,284,,,,Matrix element; row/column ordering remains to be verified.
spatial_distance_weights.dta,w230600,float32,,Row-standardized geographic-distance spatial weight for the destination code in the suffix.,284,0,284,,,,Matrix element; row/column ordering remains to be verified.
spatial_distance_weights.dta,w230700,float32,,Row-standardized geographic-distance spatial weight for the destination code in the suffix.,284,0,284,,,,Matrix element; row/column ordering remains to be verified.
spatial_distance_weights.dta,w230800,float32,,Row-standardized geographic-distance spatial weight for the destination code in the suffix.,284,0,284,,,,Matrix element; row/column ordering remains to be verified.
spatial_distance_weights.dta,w230900,float32,,Row-standardized geographic-distance spatial weight for the destination code in the suffix.,284,0,284,,,,Matrix element; row/column ordering remains to be verified.
spatial_distance_weights.dta,w231000,float32,,Row-standardized geographic-distance spatial weight for the destination code in the suffix.,284,0,284,,,,Matrix element; row/column ordering remains to be verified.
spatial_distance_weights.dta,w231100,float32,,Row-standardized geographic-distance spatial weight for the destination code in the suffix.,284,0,284,,,,Matrix element; row/column ordering remains to be verified.
spatial_distance_weights.dta,w231200,float32,,Row-standardized geographic-distance spatial weight for the destination code in the suffix.,284,0,284,,,,Matrix element; row/column ordering remains to be verified.
spatial_distance_weights.dta,w310000,float32,,Row-standardized geographic-distance spatial weight for the destination code in the suffix.,284,0,284,,,,Matrix element; row/column ordering remains to be verified.
spatial_distance_weights.dta,w320100,float32,,Row-standardized geographic-distance spatial weight for the destination code in the suffix.,284,0,284,,,,Matrix element; row/column ordering remains to be verified.
spatial_distance_weights.dta,w320200,float32,,Row-standardized geographic-distance spatial weight for the destination code in the suffix.,284,0,284,,,,Matrix element; row/column ordering remains to be verified.
spatial_distance_weights.dta,w320300,float32,,Row-standardized geographic-distance spatial weight for the destination code in the suffix.,284,0,284,,,,Matrix element; row/column ordering remains to be verified.
spatial_distance_weights.dta,w320400,float32,,Row-standardized geographic-distance spatial weight for the destination code in the suffix.,284,0,284,,,,Matrix element; row/column ordering remains to be verified.
spatial_distance_weights.dta,w320500,float32,,Row-standardized geographic-distance spatial weight for the destination code in the suffix.,284,0,284,,,,Matrix element; row/column ordering remains to be verified.
spatial_distance_weights.dta,w320600,float32,,Row-standardized geographic-distance spatial weight for the destination code in the suffix.,284,0,284,,,,Matrix element; row/column ordering remains to be verified.
spatial_distance_weights.dta,w320700,float32,,Row-standardized geographic-distance spatial weight for the destination code in the suffix.,284,0,284,,,,Matrix element; row/column ordering remains to be verified.
spatial_distance_weights.dta,w320800,float32,,Row-standardized geographic-distance spatial weight for the destination code in the suffix.,284,0,284,,,,Matrix element; row/column ordering remains to be verified.
spatial_distance_weights.dta,w320900,float32,,Row-standardized geographic-distance spatial weight for the destination code in the suffix.,284,0,284,,,,Matrix element; row/column ordering remains to be verified.
spatial_distance_weights.dta,w321000,float32,,Row-standardized geographic-distance spatial weight for the destination code in the suffix.,284,0,284,,,,Matrix element; row/column ordering remains to be verified.
spatial_distance_weights.dta,w321100,float32,,Row-standardized geographic-distance spatial weight for the destination code in the suffix.,284,0,284,,,,Matrix element; row/column ordering remains to be verified.
spatial_distance_weights.dta,w321200,float32,,Row-standardized geographic-distance spatial weight for the destination code in the suffix.,284,0,284,,,,Matrix element; row/column ordering remains to be verified.
spatial_distance_weights.dta,w321300,float32,,Row-standardized geographic-distance spatial weight for the destination code in the suffix.,284,0,284,,,,Matrix element; row/column ordering remains to be verified.
spatial_distance_weights.dta,w330100,float32,,Row-standardized geographic-distance spatial weight for the destination code in the suffix.,284,0,284,,,,Matrix element; row/column ordering remains to be verified.
spatial_distance_weights.dta,w330200,float32,,Row-standardized geographic-distance spatial weight for the destination code in the suffix.,284,0,284,,,,Matrix element; row/column ordering remains to be verified.
spatial_distance_weights.dta,w330300,float32,,Row-standardized geographic-distance spatial weight for the destination code in the suffix.,284,0,284,,,,Matrix element; row/column ordering remains to be verified.
spatial_distance_weights.dta,w330400,float32,,Row-standardized geographic-distance spatial weight for the destination code in the suffix.,284,0,284,,,,Matrix element; row/column ordering remains to be verified.
spatial_distance_weights.dta,w330500,float32,,Row-standardized geographic-distance spatial weight for the destination code in the suffix.,284,0,284,,,,Matrix element; row/column ordering remains to be verified.
spatial_distance_weights.dta,w330600,float32,,Row-standardized geographic-distance spatial weight for the destination code in the suffix.,284,0,284,,,,Matrix element; row/column ordering remains to be verified.
spatial_distance_weights.dta,w330700,float32,,Row-standardized geographic-distance spatial weight for the destination code in the suffix.,284,0,284,,,,Matrix element; row/column ordering remains to be verified.
spatial_distance_weights.dta,w330800,float32,,Row-standardized geographic-distance spatial weight for the destination code in the suffix.,284,0,284,,,,Matrix element; row/column ordering remains to be verified.
spatial_distance_weights.dta,w330900,float32,,Row-standardized geographic-distance spatial weight for the destination code in the suffix.,284,0,284,,,,Matrix element; row/column ordering remains to be verified.
spatial_distance_weights.dta,w331000,float32,,Row-standardized geographic-distance spatial weight for the destination code in the suffix.,284,0,284,,,,Matrix element; row/column ordering remains to be verified.
spatial_distance_weights.dta,w331100,float32,,Row-standardized geographic-distance spatial weight for the destination code in the suffix.,284,0,284,,,,Matrix element; row/column ordering remains to be verified.
spatial_distance_weights.dta,w340100,float32,,Row-standardized geographic-distance spatial weight for the destination code in the suffix.,284,0,284,,,,Matrix element; row/column ordering remains to be verified.
spatial_distance_weights.dta,w340200,float32,,Row-standardized geographic-distance spatial weight for the destination code in the suffix.,284,0,284,,,,Matrix element; row/column ordering remains to be verified.
spatial_distance_weights.dta,w340300,float32,,Row-standardized geographic-distance spatial weight for the destination code in the suffix.,284,0,284,,,,Matrix element; row/column ordering remains to be verified.
spatial_distance_weights.dta,w340400,float32,,Row-standardized geographic-distance spatial weight for the destination code in the suffix.,284,0,284,,,,Matrix element; row/column ordering remains to be verified.
spatial_distance_weights.dta,w340500,float32,,Row-standardized geographic-distance spatial weight for the destination code in the suffix.,284,0,284,,,,Matrix element; row/column ordering remains to be verified.
spatial_distance_weights.dta,w340600,float32,,Row-standardized geographic-distance spatial weight for the destination code in the suffix.,284,0,284,,,,Matrix element; row/column ordering remains to be verified.
spatial_distance_weights.dta,w340700,float32,,Row-standardized geographic-distance spatial weight for the destination code in the suffix.,284,0,284,,,,Matrix element; row/column ordering remains to be verified.
spatial_distance_weights.dta,w340800,float32,,Row-standardized geographic-distance spatial weight for the destination code in the suffix.,284,0,284,,,,Matrix element; row/column ordering remains to be verified.
spatial_distance_weights.dta,w341000,float32,,Row-standardized geographic-distance spatial weight for the destination code in the suffix.,284,0,284,,,,Matrix element; row/column ordering remains to be verified.
spatial_distance_weights.dta,w341100,float32,,Row-standardized geographic-distance spatial weight for the destination code in the suffix.,284,0,284,,,,Matrix element; row/column ordering remains to be verified.
spatial_distance_weights.dta,w341200,float32,,Row-standardized geographic-distance spatial weight for the destination code in the suffix.,284,0,284,,,,Matrix element; row/column ordering remains to be verified.
spatial_distance_weights.dta,w341300,float32,,Row-standardized geographic-distance spatial weight for the destination code in the suffix.,284,0,284,,,,Matrix element; row/column ordering remains to be verified.
spatial_distance_weights.dta,w341500,float32,,Row-standardized geographic-distance spatial weight for the destination code in the suffix.,284,0,284,,,,Matrix element; row/column ordering remains to be verified.
spatial_distance_weights.dta,w341600,float32,,Row-standardized geographic-distance spatial weight for the destination code in the suffix.,284,0,284,,,,Matrix element; row/column ordering remains to be verified.
spatial_distance_weights.dta,w341700,float32,,Row-standardized geographic-distance spatial weight for the destination code in the suffix.,284,0,284,,,,Matrix element; row/column ordering remains to be verified.
spatial_distance_weights.dta,w341800,float32,,Row-standardized geographic-distance spatial weight for the destination code in the suffix.,284,0,284,,,,Matrix element; row/column ordering remains to be verified.
spatial_distance_weights.dta,w350100,float32,,Row-standardized geographic-distance spatial weight for the destination code in the suffix.,284,0,284,,,,Matrix element; row/column ordering remains to be verified.
spatial_distance_weights.dta,w350200,float32,,Row-standardized geographic-distance spatial weight for the destination code in the suffix.,284,0,284,,,,Matrix element; row/column ordering remains to be verified.
spatial_distance_weights.dta,w350300,float32,,Row-standardized geographic-distance spatial weight for the destination code in the suffix.,284,0,284,,,,Matrix element; row/column ordering remains to be verified.
spatial_distance_weights.dta,w350400,float32,,Row-standardized geographic-distance spatial weight for the destination code in the suffix.,284,0,284,,,,Matrix element; row/column ordering remains to be verified.
spatial_distance_weights.dta,w350500,float32,,Row-standardized geographic-distance spatial weight for the destination code in the suffix.,284,0,284,,,,Matrix element; row/column ordering remains to be verified.
spatial_distance_weights.dta,w350600,float32,,Row-standardized geographic-distance spatial weight for the destination code in the suffix.,284,0,284,,,,Matrix element; row/column ordering remains to be verified.
spatial_distance_weights.dta,w350700,float32,,Row-standardized geographic-distance spatial weight for the destination code in the suffix.,284,0,284,,,,Matrix element; row/column ordering remains to be verified.
spatial_distance_weights.dta,w350800,float32,,Row-standardized geographic-distance spatial weight for the destination code in the suffix.,284,0,284,,,,Matrix element; row/column ordering remains to be verified.
spatial_distance_weights.dta,w350900,float32,,Row-standardized geographic-distance spatial weight for the destination code in the suffix.,284,0,284,,,,Matrix element; row/column ordering remains to be verified.
spatial_distance_weights.dta,w360100,float32,,Row-standardized geographic-distance spatial weight for the destination code in the suffix.,284,0,284,,,,Matrix element; row/column ordering remains to be verified.
spatial_distance_weights.dta,w360200,float32,,Row-standardized geographic-distance spatial weight for the destination code in the suffix.,284,0,284,,,,Matrix element; row/column ordering remains to be verified.
spatial_distance_weights.dta,w360300,float32,,Row-standardized geographic-distance spatial weight for the destination code in the suffix.,284,0,284,,,,Matrix element; row/column ordering remains to be verified.
spatial_distance_weights.dta,w360400,float32,,Row-standardized geographic-distance spatial weight for the destination code in the suffix.,284,0,284,,,,Matrix element; row/column ordering remains to be verified.
spatial_distance_weights.dta,w360500,float32,,Row-standardized geographic-distance spatial weight for the destination code in the suffix.,284,0,284,,,,Matrix element; row/column ordering remains to be verified.
spatial_distance_weights.dta,w360600,float32,,Row-standardized geographic-distance spatial weight for the destination code in the suffix.,284,0,284,,,,Matrix element; row/column ordering remains to be verified.
spatial_distance_weights.dta,w360700,float32,,Row-standardized geographic-distance spatial weight for the destination code in the suffix.,284,0,284,,,,Matrix element; row/column ordering remains to be verified.
spatial_distance_weights.dta,w360800,float32,,Row-standardized geographic-distance spatial weight for the destination code in the suffix.,284,0,284,,,,Matrix element; row/column ordering remains to be verified.
spatial_distance_weights.dta,w360900,float32,,Row-standardized geographic-distance spatial weight for the destination code in the suffix.,284,0,284,,,,Matrix element; row/column ordering remains to be verified.
spatial_distance_weights.dta,w361000,float32,,Row-standardized geographic-distance spatial weight for the destination code in the suffix.,284,0,284,,,,Matrix element; row/column ordering remains to be verified.
spatial_distance_weights.dta,w361100,float32,,Row-standardized geographic-distance spatial weight for the destination code in the suffix.,284,0,284,,,,Matrix element; row/column ordering remains to be verified.
spatial_distance_weights.dta,w370100,float32,,Row-standardized geographic-distance spatial weight for the destination code in the suffix.,284,0,284,,,,Matrix element; row/column ordering remains to be verified.
spatial_distance_weights.dta,w370200,float32,,Row-standardized geographic-distance spatial weight for the destination code in the suffix.,284,0,284,,,,Matrix element; row/column ordering remains to be verified.
spatial_distance_weights.dta,w370300,float32,,Row-standardized geographic-distance spatial weight for the destination code in the suffix.,284,0,284,,,,Matrix element; row/column ordering remains to be verified.
spatial_distance_weights.dta,w370400,float32,,Row-standardized geographic-distance spatial weight for the destination code in the suffix.,284,0,284,,,,Matrix element; row/column ordering remains to be verified.
spatial_distance_weights.dta,w370500,float32,,Row-standardized geographic-distance spatial weight for the destination code in the suffix.,284,0,284,,,,Matrix element; row/column ordering remains to be verified.
spatial_distance_weights.dta,w370600,float32,,Row-standardized geographic-distance spatial weight for the destination code in the suffix.,284,0,284,,,,Matrix element; row/column ordering remains to be verified.
spatial_distance_weights.dta,w370700,float32,,Row-standardized geographic-distance spatial weight for the destination code in the suffix.,284,0,284,,,,Matrix element; row/column ordering remains to be verified.
spatial_distance_weights.dta,w370800,float32,,Row-standardized geographic-distance spatial weight for the destination code in the suffix.,284,0,284,,,,Matrix element; row/column ordering remains to be verified.
spatial_distance_weights.dta,w370900,float32,,Row-standardized geographic-distance spatial weight for the destination code in the suffix.,284,0,284,,,,Matrix element; row/column ordering remains to be verified.
spatial_distance_weights.dta,w371000,float32,,Row-standardized geographic-distance spatial weight for the destination code in the suffix.,284,0,284,,,,Matrix element; row/column ordering remains to be verified.
spatial_distance_weights.dta,w371100,float32,,Row-standardized geographic-distance spatial weight for the destination code in the suffix.,284,0,284,,,,Matrix element; row/column ordering remains to be verified.
spatial_distance_weights.dta,w371300,float32,,Row-standardized geographic-distance spatial weight for the destination code in the suffix.,284,0,284,,,,Matrix element; row/column ordering remains to be verified.
spatial_distance_weights.dta,w371400,float32,,Row-standardized geographic-distance spatial weight for the destination code in the suffix.,284,0,284,,,,Matrix element; row/column ordering remains to be verified.
spatial_distance_weights.dta,w371500,float32,,Row-standardized geographic-distance spatial weight for the destination code in the suffix.,284,0,284,,,,Matrix element; row/column ordering remains to be verified.
spatial_distance_weights.dta,w371600,float32,,Row-standardized geographic-distance spatial weight for the destination code in the suffix.,284,0,284,,,,Matrix element; row/column ordering remains to be verified.
spatial_distance_weights.dta,w371700,float32,,Row-standardized geographic-distance spatial weight for the destination code in the suffix.,284,0,284,,,,Matrix element; row/column ordering remains to be verified.
spatial_distance_weights.dta,w410100,float32,,Row-standardized geographic-distance spatial weight for the destination code in the suffix.,284,0,284,,,,Matrix element; row/column ordering remains to be verified.
spatial_distance_weights.dta,w410200,float32,,Row-standardized geographic-distance spatial weight for the destination code in the suffix.,284,0,284,,,,Matrix element; row/column ordering remains to be verified.
spatial_distance_weights.dta,w410300,float32,,Row-standardized geographic-distance spatial weight for the destination code in the suffix.,284,0,284,,,,Matrix element; row/column ordering remains to be verified.
spatial_distance_weights.dta,w410400,float32,,Row-standardized geographic-distance spatial weight for the destination code in the suffix.,284,0,284,,,,Matrix element; row/column ordering remains to be verified.
spatial_distance_weights.dta,w410500,float32,,Row-standardized geographic-distance spatial weight for the destination code in the suffix.,284,0,284,,,,Matrix element; row/column ordering remains to be verified.
spatial_distance_weights.dta,w410600,float32,,Row-standardized geographic-distance spatial weight for the destination code in the suffix.,284,0,284,,,,Matrix element; row/column ordering remains to be verified.
spatial_distance_weights.dta,w410700,float32,,Row-standardized geographic-distance spatial weight for the destination code in the suffix.,284,0,284,,,,Matrix element; row/column ordering remains to be verified.
spatial_distance_weights.dta,w410800,float32,,Row-standardized geographic-distance spatial weight for the destination code in the suffix.,284,0,284,,,,Matrix element; row/column ordering remains to be verified.
spatial_distance_weights.dta,w410900,float32,,Row-standardized geographic-distance spatial weight for the destination code in the suffix.,284,0,284,,,,Matrix element; row/column ordering remains to be verified.
spatial_distance_weights.dta,w411000,float32,,Row-standardized geographic-distance spatial weight for the destination code in the suffix.,284,0,284,,,,Matrix element; row/column ordering remains to be verified.
spatial_distance_weights.dta,w411100,float32,,Row-standardized geographic-distance spatial weight for the destination code in the suffix.,284,0,284,,,,Matrix element; row/column ordering remains to be verified.
spatial_distance_weights.dta,w411200,float32,,Row-standardized geographic-distance spatial weight for the destination code in the suffix.,284,0,284,,,,Matrix element; row/column ordering remains to be verified.
spatial_distance_weights.dta,w411300,float32,,Row-standardized geographic-distance spatial weight for the destination code in the suffix.,284,0,284,,,,Matrix element; row/column ordering remains to be verified.
spatial_distance_weights.dta,w411400,float32,,Row-standardized geographic-distance spatial weight for the destination code in the suffix.,284,0,284,,,,Matrix element; row/column ordering remains to be verified.
spatial_distance_weights.dta,w411500,float32,,Row-standardized geographic-distance spatial weight for the destination code in the suffix.,284,0,284,,,,Matrix element; row/column ordering remains to be verified.
spatial_distance_weights.dta,w411600,float32,,Row-standardized geographic-distance spatial weight for the destination code in the suffix.,284,0,284,,,,Matrix element; row/column ordering remains to be verified.
spatial_distance_weights.dta,w411700,float32,,Row-standardized geographic-distance spatial weight for the destination code in the suffix.,284,0,284,,,,Matrix element; row/column ordering remains to be verified.
spatial_distance_weights.dta,w420100,float32,,Row-standardized geographic-distance spatial weight for the destination code in the suffix.,284,0,284,,,,Matrix element; row/column ordering remains to be verified.
spatial_distance_weights.dta,w420200,float32,,Row-standardized geographic-distance spatial weight for the destination code in the suffix.,284,0,284,,,,Matrix element; row/column ordering remains to be verified.
spatial_distance_weights.dta,w420300,float32,,Row-standardized geographic-distance spatial weight for the destination code in the suffix.,284,0,284,,,,Matrix element; row/column ordering remains to be verified.
spatial_distance_weights.dta,w420500,float32,,Row-standardized geographic-distance spatial weight for the destination code in the suffix.,284,0,284,,,,Matrix element; row/column ordering remains to be verified.
spatial_distance_weights.dta,w420600,float32,,Row-standardized geographic-distance spatial weight for the destination code in the suffix.,284,0,284,,,,Matrix element; row/column ordering remains to be verified.
spatial_distance_weights.dta,w420700,float32,,Row-standardized geographic-distance spatial weight for the destination code in the suffix.,284,0,284,,,,Matrix element; row/column ordering remains to be verified.
spatial_distance_weights.dta,w420800,float32,,Row-standardized geographic-distance spatial weight for the destination code in the suffix.,284,0,284,,,,Matrix element; row/column ordering remains to be verified.
spatial_distance_weights.dta,w420900,float32,,Row-standardized geographic-distance spatial weight for the destination code in the suffix.,284,0,284,,,,Matrix element; row/column ordering remains to be verified.
spatial_distance_weights.dta,w421000,float32,,Row-standardized geographic-distance spatial weight for the destination code in the suffix.,284,0,284,,,,Matrix element; row/column ordering remains to be verified.
spatial_distance_weights.dta,w421100,float32,,Row-standardized geographic-distance spatial weight for the destination code in the suffix.,284,0,284,,,,Matrix element; row/column ordering remains to be verified.
spatial_distance_weights.dta,w421200,float32,,Row-standardized geographic-distance spatial weight for the destination code in the suffix.,284,0,284,,,,Matrix element; row/column ordering remains to be verified.
spatial_distance_weights.dta,w421300,float32,,Row-standardized geographic-distance spatial weight for the destination code in the suffix.,284,0,284,,,,Matrix element; row/column ordering remains to be verified.
spatial_distance_weights.dta,w430100,float32,,Row-standardized geographic-distance spatial weight for the destination code in the suffix.,284,0,284,,,,Matrix element; row/column ordering remains to be verified.
spatial_distance_weights.dta,w430200,float32,,Row-standardized geographic-distance spatial weight for the destination code in the suffix.,284,0,284,,,,Matrix element; row/column ordering remains to be verified.
spatial_distance_weights.dta,w430300,float32,,Row-standardized geographic-distance spatial weight for the destination code in the suffix.,284,0,284,,,,Matrix element; row/column ordering remains to be verified.
spatial_distance_weights.dta,w430400,float32,,Row-standardized geographic-distance spatial weight for the destination code in the suffix.,284,0,284,,,,Matrix element; row/column ordering remains to be verified.
spatial_distance_weights.dta,w430500,float32,,Row-standardized geographic-distance spatial weight for the destination code in the suffix.,284,0,284,,,,Matrix element; row/column ordering remains to be verified.
spatial_distance_weights.dta,w430600,float32,,Row-standardized geographic-distance spatial weight for the destination code in the suffix.,284,0,284,,,,Matrix element; row/column ordering remains to be verified.
spatial_distance_weights.dta,w430700,float32,,Row-standardized geographic-distance spatial weight for the destination code in the suffix.,284,0,284,,,,Matrix element; row/column ordering remains to be verified.
spatial_distance_weights.dta,w430800,float32,,Row-standardized geographic-distance spatial weight for the destination code in the suffix.,284,0,284,,,,Matrix element; row/column ordering remains to be verified.
spatial_distance_weights.dta,w430900,float32,,Row-standardized geographic-distance spatial weight for the destination code in the suffix.,284,0,284,,,,Matrix element; row/column ordering remains to be verified.
spatial_distance_weights.dta,w431000,float32,,Row-standardized geographic-distance spatial weight for the destination code in the suffix.,284,0,284,,,,Matrix element; row/column ordering remains to be verified.
spatial_distance_weights.dta,w431100,float32,,Row-standardized geographic-distance spatial weight for the destination code in the suffix.,284,0,284,,,,Matrix element; row/column ordering remains to be verified.
spatial_distance_weights.dta,w431200,float32,,Row-standardized geographic-distance spatial weight for the destination code in the suffix.,284,0,284,,,,Matrix element; row/column ordering remains to be verified.
spatial_distance_weights.dta,w431300,float32,,Row-standardized geographic-distance spatial weight for the destination code in the suffix.,284,0,284,,,,Matrix element; row/column ordering remains to be verified.
spatial_distance_weights.dta,w440100,float32,,Row-standardized geographic-distance spatial weight for the destination code in the suffix.,284,0,284,,,,Matrix element; row/column ordering remains to be verified.
spatial_distance_weights.dta,w440200,float32,,Row-standardized geographic-distance spatial weight for the destination code in the suffix.,284,0,284,,,,Matrix element; row/column ordering remains to be verified.
spatial_distance_weights.dta,w440300,float32,,Row-standardized geographic-distance spatial weight for the destination code in the suffix.,284,0,284,,,,Matrix element; row/column ordering remains to be verified.
spatial_distance_weights.dta,w440400,float32,,Row-standardized geographic-distance spatial weight for the destination code in the suffix.,284,0,284,,,,Matrix element; row/column ordering remains to be verified.
spatial_distance_weights.dta,w440500,float32,,Row-standardized geographic-distance spatial weight for the destination code in the suffix.,284,0,284,,,,Matrix element; row/column ordering remains to be verified.
spatial_distance_weights.dta,w440600,float32,,Row-standardized geographic-distance spatial weight for the destination code in the suffix.,284,0,284,,,,Matrix element; row/column ordering remains to be verified.
spatial_distance_weights.dta,w440700,float32,,Row-standardized geographic-distance spatial weight for the destination code in the suffix.,284,0,284,,,,Matrix element; row/column ordering remains to be verified.
spatial_distance_weights.dta,w440800,float32,,Row-standardized geographic-distance spatial weight for the destination code in the suffix.,284,0,284,,,,Matrix element; row/column ordering remains to be verified.
spatial_distance_weights.dta,w440900,float32,,Row-standardized geographic-distance spatial weight for the destination code in the suffix.,284,0,284,,,,Matrix element; row/column ordering remains to be verified.
spatial_distance_weights.dta,w441200,float32,,Row-standardized geographic-distance spatial weight for the destination code in the suffix.,284,0,284,,,,Matrix element; row/column ordering remains to be verified.
spatial_distance_weights.dta,w441300,float32,,Row-standardized geographic-distance spatial weight for the destination code in the suffix.,284,0,284,,,,Matrix element; row/column ordering remains to be verified.
spatial_distance_weights.dta,w441400,float32,,Row-standardized geographic-distance spatial weight for the destination code in the suffix.,284,0,284,,,,Matrix element; row/column ordering remains to be verified.
spatial_distance_weights.dta,w441500,float32,,Row-standardized geographic-distance spatial weight for the destination code in the suffix.,284,0,284,,,,Matrix element; row/column ordering remains to be verified.
spatial_distance_weights.dta,w441600,float32,,Row-standardized geographic-distance spatial weight for the destination code in the suffix.,284,0,284,,,,Matrix element; row/column ordering remains to be verified.
spatial_distance_weights.dta,w441700,float32,,Row-standardized geographic-distance spatial weight for the destination code in the suffix.,284,0,284,,,,Matrix element; row/column ordering remains to be verified.
spatial_distance_weights.dta,w441800,float32,,Row-standardized geographic-distance spatial weight for the destination code in the suffix.,284,0,284,,,,Matrix element; row/column ordering remains to be verified.
spatial_distance_weights.dta,w441900,float32,,Row-standardized geographic-distance spatial weight for the destination code in the suffix.,284,0,284,,,,Matrix element; row/column ordering remains to be verified.
spatial_distance_weights.dta,w442000,float32,,Row-standardized geographic-distance spatial weight for the destination code in the suffix.,284,0,284,,,,Matrix element; row/column ordering remains to be verified.
spatial_distance_weights.dta,w445100,float32,,Row-standardized geographic-distance spatial weight for the destination code in the suffix.,284,0,284,,,,Matrix element; row/column ordering remains to be verified.
spatial_distance_weights.dta,w445200,float32,,Row-standardized geographic-distance spatial weight for the destination code in the suffix.,284,0,284,,,,Matrix element; row/column ordering remains to be verified.
spatial_distance_weights.dta,w445300,float32,,Row-standardized geographic-distance spatial weight for the destination code in the suffix.,284,0,284,,,,Matrix element; row/column ordering remains to be verified.
spatial_distance_weights.dta,w450100,float32,,Row-standardized geographic-distance spatial weight for the destination code in the suffix.,284,0,284,,,,Matrix element; row/column ordering remains to be verified.
spatial_distance_weights.dta,w450200,float32,,Row-standardized geographic-distance spatial weight for the destination code in the suffix.,284,0,284,,,,Matrix element; row/column ordering remains to be verified.
spatial_distance_weights.dta,w450300,float32,,Row-standardized geographic-distance spatial weight for the destination code in the suffix.,284,0,284,,,,Matrix element; row/column ordering remains to be verified.
spatial_distance_weights.dta,w450400,float32,,Row-standardized geographic-distance spatial weight for the destination code in the suffix.,284,0,284,,,,Matrix element; row/column ordering remains to be verified.
spatial_distance_weights.dta,w450500,float32,,Row-standardized geographic-distance spatial weight for the destination code in the suffix.,284,0,284,,,,Matrix element; row/column ordering remains to be verified.
spatial_distance_weights.dta,w450600,float32,,Row-standardized geographic-distance spatial weight for the destination code in the suffix.,284,0,284,,,,Matrix element; row/column ordering remains to be verified.
spatial_distance_weights.dta,w450700,float32,,Row-standardized geographic-distance spatial weight for the destination code in the suffix.,284,0,284,,,,Matrix element; row/column ordering remains to be verified.
spatial_distance_weights.dta,w450800,float32,,Row-standardized geographic-distance spatial weight for the destination code in the suffix.,284,0,284,,,,Matrix element; row/column ordering remains to be verified.
spatial_distance_weights.dta,w450900,float32,,Row-standardized geographic-distance spatial weight for the destination code in the suffix.,284,0,284,,,,Matrix element; row/column ordering remains to be verified.
spatial_distance_weights.dta,w451000,float32,,Row-standardized geographic-distance spatial weight for the destination code in the suffix.,284,0,284,,,,Matrix element; row/column ordering remains to be verified.
spatial_distance_weights.dta,w451100,float32,,Row-standardized geographic-distance spatial weight for the destination code in the suffix.,284,0,284,,,,Matrix element; row/column ordering remains to be verified.
spatial_distance_weights.dta,w451200,float32,,Row-standardized geographic-distance spatial weight for the destination code in the suffix.,284,0,284,,,,Matrix element; row/column ordering remains to be verified.
spatial_distance_weights.dta,w451300,float32,,Row-standardized geographic-distance spatial weight for the destination code in the suffix.,284,0,284,,,,Matrix element; row/column ordering remains to be verified.
spatial_distance_weights.dta,w451400,float32,,Row-standardized geographic-distance spatial weight for the destination code in the suffix.,284,0,284,,,,Matrix element; row/column ordering remains to be verified.
spatial_distance_weights.dta,w460100,float32,,Row-standardized geographic-distance spatial weight for the destination code in the suffix.,284,0,284,,,,Matrix element; row/column ordering remains to be verified.
spatial_distance_weights.dta,w460200,float32,,Row-standardized geographic-distance spatial weight for the destination code in the suffix.,284,0,284,,,,Matrix element; row/column ordering remains to be verified.
spatial_distance_weights.dta,w500000,float32,,Row-standardized geographic-distance spatial weight for the destination code in the suffix.,284,0,284,,,,Matrix element; row/column ordering remains to be verified.
spatial_distance_weights.dta,w510100,float32,,Row-standardized geographic-distance spatial weight for the destination code in the suffix.,284,0,284,,,,Matrix element; row/column ordering remains to be verified.
spatial_distance_weights.dta,w510300,float32,,Row-standardized geographic-distance spatial weight for the destination code in the suffix.,284,0,284,,,,Matrix element; row/column ordering remains to be verified.
spatial_distance_weights.dta,w510400,float32,,Row-standardized geographic-distance spatial weight for the destination code in the suffix.,284,0,284,,,,Matrix element; row/column ordering remains to be verified.
spatial_distance_weights.dta,w510500,float32,,Row-standardized geographic-distance spatial weight for the destination code in the suffix.,284,0,284,,,,Matrix element; row/column ordering remains to be verified.
spatial_distance_weights.dta,w510600,float32,,Row-standardized geographic-distance spatial weight for the destination code in the suffix.,284,0,284,,,,Matrix element; row/column ordering remains to be verified.
spatial_distance_weights.dta,w510700,float32,,Row-standardized geographic-distance spatial weight for the destination code in the suffix.,284,0,284,,,,Matrix element; row/column ordering remains to be verified.
spatial_distance_weights.dta,w510800,float32,,Row-standardized geographic-distance spatial weight for the destination code in the suffix.,284,0,284,,,,Matrix element; row/column ordering remains to be verified.
spatial_distance_weights.dta,w510900,float32,,Row-standardized geographic-distance spatial weight for the destination code in the suffix.,284,0,284,,,,Matrix element; row/column ordering remains to be verified.
spatial_distance_weights.dta,w511000,float32,,Row-standardized geographic-distance spatial weight for the destination code in the suffix.,284,0,284,,,,Matrix element; row/column ordering remains to be verified.
spatial_distance_weights.dta,w511100,float32,,Row-standardized geographic-distance spatial weight for the destination code in the suffix.,284,0,284,,,,Matrix element; row/column ordering remains to be verified.
spatial_distance_weights.dta,w511300,float32,,Row-standardized geographic-distance spatial weight for the destination code in the suffix.,284,0,284,,,,Matrix element; row/column ordering remains to be verified.
spatial_distance_weights.dta,w511400,float32,,Row-standardized geographic-distance spatial weight for the destination code in the suffix.,284,0,284,,,,Matrix element; row/column ordering remains to be verified.
spatial_distance_weights.dta,w511500,float32,,Row-standardized geographic-distance spatial weight for the destination code in the suffix.,284,0,284,,,,Matrix element; row/column ordering remains to be verified.
spatial_distance_weights.dta,w511600,float32,,Row-standardized geographic-distance spatial weight for the destination code in the suffix.,284,0,284,,,,Matrix element; row/column ordering remains to be verified.
spatial_distance_weights.dta,w511700,float32,,Row-standardized geographic-distance spatial weight for the destination code in the suffix.,284,0,284,,,,Matrix element; row/column ordering remains to be verified.
spatial_distance_weights.dta,w511800,float32,,Row-standardized geographic-distance spatial weight for the destination code in the suffix.,284,0,284,,,,Matrix element; row/column ordering remains to be verified.
spatial_distance_weights.dta,w511900,float32,,Row-standardized geographic-distance spatial weight for the destination code in the suffix.,284,0,284,,,,Matrix element; row/column ordering remains to be verified.
spatial_distance_weights.dta,w512000,float32,,Row-standardized geographic-distance spatial weight for the destination code in the suffix.,284,0,284,,,,Matrix element; row/column ordering remains to be verified.
spatial_distance_weights.dta,w520100,float32,,Row-standardized geographic-distance spatial weight for the destination code in the suffix.,284,0,284,,,,Matrix element; row/column ordering remains to be verified.
spatial_distance_weights.dta,w520200,float32,,Row-standardized geographic-distance spatial weight for the destination code in the suffix.,284,0,284,,,,Matrix element; row/column ordering remains to be verified.
spatial_distance_weights.dta,w520300,float32,,Row-standardized geographic-distance spatial weight for the destination code in the suffix.,284,0,284,,,,Matrix element; row/column ordering remains to be verified.
spatial_distance_weights.dta,w520400,float32,,Row-standardized geographic-distance spatial weight for the destination code in the suffix.,284,0,284,,,,Matrix element; row/column ordering remains to be verified.
spatial_distance_weights.dta,w530100,float32,,Row-standardized geographic-distance spatial weight for the destination code in the suffix.,284,0,284,,,,Matrix element; row/column ordering remains to be verified.
spatial_distance_weights.dta,w530300,float32,,Row-standardized geographic-distance spatial weight for the destination code in the suffix.,284,0,284,,,,Matrix element; row/column ordering remains to be verified.
spatial_distance_weights.dta,w530400,float32,,Row-standardized geographic-distance spatial weight for the destination code in the suffix.,284,0,284,,,,Matrix element; row/column ordering remains to be verified.
spatial_distance_weights.dta,w530500,float32,,Row-standardized geographic-distance spatial weight for the destination code in the suffix.,284,0,284,,,,Matrix element; row/column ordering remains to be verified.
spatial_distance_weights.dta,w530600,float32,,Row-standardized geographic-distance spatial weight for the destination code in the suffix.,284,0,284,,,,Matrix element; row/column ordering remains to be verified.
spatial_distance_weights.dta,w530700,float32,,Row-standardized geographic-distance spatial weight for the destination code in the suffix.,284,0,284,,,,Matrix element; row/column ordering remains to be verified.
spatial_distance_weights.dta,w530800,float32,,Row-standardized geographic-distance spatial weight for the destination code in the suffix.,284,0,284,,,,Matrix element; row/column ordering remains to be verified.
spatial_distance_weights.dta,w530900,float32,,Row-standardized geographic-distance spatial weight for the destination code in the suffix.,284,0,284,,,,Matrix element; row/column ordering remains to be verified.
spatial_distance_weights.dta,w540100,float32,,Row-standardized geographic-distance spatial weight for the destination code in the suffix.,284,0,284,,,,Matrix element; row/column ordering remains to be verified.
spatial_distance_weights.dta,w610100,float32,,Row-standardized geographic-distance spatial weight for the destination code in the suffix.,284,0,284,,,,Matrix element; row/column ordering remains to be verified.
spatial_distance_weights.dta,w610200,float32,,Row-standardized geographic-distance spatial weight for the destination code in the suffix.,284,0,284,,,,Matrix element; row/column ordering remains to be verified.
spatial_distance_weights.dta,w610300,float32,,Row-standardized geographic-distance spatial weight for the destination code in the suffix.,284,0,284,,,,Matrix element; row/column ordering remains to be verified.
spatial_distance_weights.dta,w610400,float32,,Row-standardized geographic-distance spatial weight for the destination code in the suffix.,284,0,284,,,,Matrix element; row/column ordering remains to be verified.
spatial_distance_weights.dta,w610500,float32,,Row-standardized geographic-distance spatial weight for the destination code in the suffix.,284,0,284,,,,Matrix element; row/column ordering remains to be verified.
spatial_distance_weights.dta,w610600,float32,,Row-standardized geographic-distance spatial weight for the destination code in the suffix.,284,0,284,,,,Matrix element; row/column ordering remains to be verified.
spatial_distance_weights.dta,w610700,float32,,Row-standardized geographic-distance spatial weight for the destination code in the suffix.,284,0,284,,,,Matrix element; row/column ordering remains to be verified.
spatial_distance_weights.dta,w610800,float32,,Row-standardized geographic-distance spatial weight for the destination code in the suffix.,284,0,284,,,,Matrix element; row/column ordering remains to be verified.
spatial_distance_weights.dta,w610900,float32,,Row-standardized geographic-distance spatial weight for the destination code in the suffix.,284,0,284,,,,Matrix element; row/column ordering remains to be verified.
spatial_distance_weights.dta,w611000,float32,,Row-standardized geographic-distance spatial weight for the destination code in the suffix.,284,0,284,,,,Matrix element; row/column ordering remains to be verified.
spatial_distance_weights.dta,w620100,float32,,Row-standardized geographic-distance spatial weight for the destination code in the suffix.,284,0,284,,,,Matrix element; row/column ordering remains to be verified.
spatial_distance_weights.dta,w620200,float32,,Row-standardized geographic-distance spatial weight for the destination code in the suffix.,284,0,284,,,,Matrix element; row/column ordering remains to be verified.
spatial_distance_weights.dta,w620300,float32,,Row-standardized geographic-distance spatial weight for the destination code in the suffix.,284,0,284,,,,Matrix element; row/column ordering remains to be verified.
spatial_distance_weights.dta,w620400,float32,,Row-standardized geographic-distance spatial weight for the destination code in the suffix.,284,0,284,,,,Matrix element; row/column ordering remains to be verified.
spatial_distance_weights.dta,w620500,float32,,Row-standardized geographic-distance spatial weight for the destination code in the suffix.,284,0,284,,,,Matrix element; row/column ordering remains to be verified.
spatial_distance_weights.dta,w620600,float32,,Row-standardized geographic-distance spatial weight for the destination code in the suffix.,284,0,284,,,,Matrix element; row/column ordering remains to be verified.
spatial_distance_weights.dta,w620700,float32,,Row-standardized geographic-distance spatial weight for the destination code in the suffix.,284,0,284,,,,Matrix element; row/column ordering remains to be verified.
spatial_distance_weights.dta,w620800,float32,,Row-standardized geographic-distance spatial weight for the destination code in the suffix.,284,0,284,,,,Matrix element; row/column ordering remains to be verified.
spatial_distance_weights.dta,w620900,float32,,Row-standardized geographic-distance spatial weight for the destination code in the suffix.,284,0,284,,,,Matrix element; row/column ordering remains to be verified.
spatial_distance_weights.dta,w621000,float32,,Row-standardized geographic-distance spatial weight for the destination code in the suffix.,284,0,284,,,,Matrix element; row/column ordering remains to be verified.
spatial_distance_weights.dta,w621100,float32,,Row-standardized geographic-distance spatial weight for the destination code in the suffix.,284,0,284,,,,Matrix element; row/column ordering remains to be verified.
spatial_distance_weights.dta,w621200,float32,,Row-standardized geographic-distance spatial weight for the destination code in the suffix.,284,0,284,,,,Matrix element; row/column ordering remains to be verified.
spatial_distance_weights.dta,w630100,float32,,Row-standardized geographic-distance spatial weight for the destination code in the suffix.,284,0,284,,,,Matrix element; row/column ordering remains to be verified.
spatial_distance_weights.dta,w640100,float32,,Row-standardized geographic-distance spatial weight for the destination code in the suffix.,284,0,284,,,,Matrix element; row/column ordering remains to be verified.
spatial_distance_weights.dta,w640200,float32,,Row-standardized geographic-distance spatial weight for the destination code in the suffix.,284,0,284,,,,Matrix element; row/column ordering remains to be verified.
spatial_distance_weights.dta,w640300,float32,,Row-standardized geographic-distance spatial weight for the destination code in the suffix.,284,0,284,,,,Matrix element; row/column ordering remains to be verified.
spatial_distance_weights.dta,w640400,float32,,Row-standardized geographic-distance spatial weight for the destination code in the suffix.,284,0,284,,,,Matrix element; row/column ordering remains to be verified.
spatial_distance_weights.dta,w650100,float32,,Row-standardized geographic-distance spatial weight for the destination code in the suffix.,284,0,284,,,,Matrix element; row/column ordering remains to be verified.
spatial_distance_weights.dta,w650200,float32,,Row-standardized geographic-distance spatial weight for the destination code in the suffix.,284,0,284,,,,Matrix element; row/column ordering remains to be verified.
spatial_geo_economic_source.dta,id,int32,id,"City identifier or matrix row identifier, depending on dataset.",4544,0,284,,City identifier used for the 284-city spatial panel or matrix ordering.,,Documented in the manuscript; verify against construction code before release.
spatial_geo_economic_source.dta,year,int16,year,Calendar year (2009-2024 in the main panel).,4544,0,16,,Calendar year; the final balanced panel covers 2009-2024.,,Documented in the manuscript; verify against construction code before release.
spatial_geo_economic_source.dta,lon,float64,lon,Longitude used to calculate great-circle distance; coordinate reference system must be confirmed.,4544,0,284,,,,Not fully documented in the supplied manuscript.
spatial_geo_economic_source.dta,lat,float64,lat,Latitude used to calculate great-circle distance; coordinate reference system must be confirmed.,4544,0,284,,,,Not fully documented in the supplied manuscript.
spatial_geo_economic_source.dta,pgdp,int32,pgdp,"Per-capita GDP used in the geo-economic weight matrix; unit, price basis, and transformation must be documented.",4544,0,4427,,,,Not fully documented in the supplied manuscript.
spatial_geo_economic_weights.dta,w_geoeco110000,float32,,Row-standardized geo-economic spatial weight for the destination code in the suffix.,284,0,284,,,,Matrix element; row/column ordering remains to be verified.
spatial_geo_economic_weights.dta,w_geoeco120000,float32,,Row-standardized geo-economic spatial weight for the destination code in the suffix.,284,0,284,,,,Matrix element; row/column ordering remains to be verified.
spatial_geo_economic_weights.dta,w_geoeco130100,float32,,Row-standardized geo-economic spatial weight for the destination code in the suffix.,284,0,284,,,,Matrix element; row/column ordering remains to be verified.
spatial_geo_economic_weights.dta,w_geoeco130200,float32,,Row-standardized geo-economic spatial weight for the destination code in the suffix.,284,0,284,,,,Matrix element; row/column ordering remains to be verified.
spatial_geo_economic_weights.dta,w_geoeco130300,float32,,Row-standardized geo-economic spatial weight for the destination code in the suffix.,284,0,284,,,,Matrix element; row/column ordering remains to be verified.
spatial_geo_economic_weights.dta,w_geoeco130400,float32,,Row-standardized geo-economic spatial weight for the destination code in the suffix.,284,0,284,,,,Matrix element; row/column ordering remains to be verified.
spatial_geo_economic_weights.dta,w_geoeco130500,float32,,Row-standardized geo-economic spatial weight for the destination code in the suffix.,284,0,284,,,,Matrix element; row/column ordering remains to be verified.
spatial_geo_economic_weights.dta,w_geoeco130600,float32,,Row-standardized geo-economic spatial weight for the destination code in the suffix.,284,0,284,,,,Matrix element; row/column ordering remains to be verified.
spatial_geo_economic_weights.dta,w_geoeco130700,float32,,Row-standardized geo-economic spatial weight for the destination code in the suffix.,284,0,284,,,,Matrix element; row/column ordering remains to be verified.
spatial_geo_economic_weights.dta,w_geoeco130800,float32,,Row-standardized geo-economic spatial weight for the destination code in the suffix.,284,0,284,,,,Matrix element; row/column ordering remains to be verified.
spatial_geo_economic_weights.dta,w_geoeco130900,float32,,Row-standardized geo-economic spatial weight for the destination code in the suffix.,284,0,284,,,,Matrix element; row/column ordering remains to be verified.
spatial_geo_economic_weights.dta,w_geoeco131000,float32,,Row-standardized geo-economic spatial weight for the destination code in the suffix.,284,0,284,,,,Matrix element; row/column ordering remains to be verified.
spatial_geo_economic_weights.dta,w_geoeco131100,float32,,Row-standardized geo-economic spatial weight for the destination code in the suffix.,284,0,284,,,,Matrix element; row/column ordering remains to be verified.
spatial_geo_economic_weights.dta,w_geoeco140100,float32,,Row-standardized geo-economic spatial weight for the destination code in the suffix.,284,0,284,,,,Matrix element; row/column ordering remains to be verified.
spatial_geo_economic_weights.dta,w_geoeco140200,float32,,Row-standardized geo-economic spatial weight for the destination code in the suffix.,284,0,284,,,,Matrix element; row/column ordering remains to be verified.
spatial_geo_economic_weights.dta,w_geoeco140300,float32,,Row-standardized geo-economic spatial weight for the destination code in the suffix.,284,0,284,,,,Matrix element; row/column ordering remains to be verified.
spatial_geo_economic_weights.dta,w_geoeco140400,float32,,Row-standardized geo-economic spatial weight for the destination code in the suffix.,284,0,284,,,,Matrix element; row/column ordering remains to be verified.
spatial_geo_economic_weights.dta,w_geoeco140500,float32,,Row-standardized geo-economic spatial weight for the destination code in the suffix.,284,0,284,,,,Matrix element; row/column ordering remains to be verified.
spatial_geo_economic_weights.dta,w_geoeco140600,float32,,Row-standardized geo-economic spatial weight for the destination code in the suffix.,284,0,284,,,,Matrix element; row/column ordering remains to be verified.
spatial_geo_economic_weights.dta,w_geoeco140700,float32,,Row-standardized geo-economic spatial weight for the destination code in the suffix.,284,0,284,,,,Matrix element; row/column ordering remains to be verified.
spatial_geo_economic_weights.dta,w_geoeco140800,float32,,Row-standardized geo-economic spatial weight for the destination code in the suffix.,284,0,284,,,,Matrix element; row/column ordering remains to be verified.
spatial_geo_economic_weights.dta,w_geoeco140900,float32,,Row-standardized geo-economic spatial weight for the destination code in the suffix.,284,0,284,,,,Matrix element; row/column ordering remains to be verified.
spatial_geo_economic_weights.dta,w_geoeco141000,float32,,Row-standardized geo-economic spatial weight for the destination code in the suffix.,284,0,284,,,,Matrix element; row/column ordering remains to be verified.
spatial_geo_economic_weights.dta,w_geoeco141100,float32,,Row-standardized geo-economic spatial weight for the destination code in the suffix.,284,0,284,,,,Matrix element; row/column ordering remains to be verified.
spatial_geo_economic_weights.dta,w_geoeco150100,float32,,Row-standardized geo-economic spatial weight for the destination code in the suffix.,284,0,284,,,,Matrix element; row/column ordering remains to be verified.
spatial_geo_economic_weights.dta,w_geoeco150200,float32,,Row-standardized geo-economic spatial weight for the destination code in the suffix.,284,0,284,,,,Matrix element; row/column ordering remains to be verified.
spatial_geo_economic_weights.dta,w_geoeco150300,float32,,Row-standardized geo-economic spatial weight for the destination code in the suffix.,284,0,284,,,,Matrix element; row/column ordering remains to be verified.
spatial_geo_economic_weights.dta,w_geoeco150400,float32,,Row-standardized geo-economic spatial weight for the destination code in the suffix.,284,0,284,,,,Matrix element; row/column ordering remains to be verified.
spatial_geo_economic_weights.dta,w_geoeco150500,float32,,Row-standardized geo-economic spatial weight for the destination code in the suffix.,284,0,284,,,,Matrix element; row/column ordering remains to be verified.
spatial_geo_economic_weights.dta,w_geoeco150600,float32,,Row-standardized geo-economic spatial weight for the destination code in the suffix.,284,0,284,,,,Matrix element; row/column ordering remains to be verified.
spatial_geo_economic_weights.dta,w_geoeco150700,float32,,Row-standardized geo-economic spatial weight for the destination code in the suffix.,284,0,284,,,,Matrix element; row/column ordering remains to be verified.
spatial_geo_economic_weights.dta,w_geoeco150800,float32,,Row-standardized geo-economic spatial weight for the destination code in the suffix.,284,0,284,,,,Matrix element; row/column ordering remains to be verified.
spatial_geo_economic_weights.dta,w_geoeco150900,float32,,Row-standardized geo-economic spatial weight for the destination code in the suffix.,284,0,284,,,,Matrix element; row/column ordering remains to be verified.
spatial_geo_economic_weights.dta,w_geoeco210100,float32,,Row-standardized geo-economic spatial weight for the destination code in the suffix.,284,0,284,,,,Matrix element; row/column ordering remains to be verified.
spatial_geo_economic_weights.dta,w_geoeco210200,float32,,Row-standardized geo-economic spatial weight for the destination code in the suffix.,284,0,284,,,,Matrix element; row/column ordering remains to be verified.
spatial_geo_economic_weights.dta,w_geoeco210300,float32,,Row-standardized geo-economic spatial weight for the destination code in the suffix.,284,0,284,,,,Matrix element; row/column ordering remains to be verified.
spatial_geo_economic_weights.dta,w_geoeco210400,float32,,Row-standardized geo-economic spatial weight for the destination code in the suffix.,284,0,284,,,,Matrix element; row/column ordering remains to be verified.
spatial_geo_economic_weights.dta,w_geoeco210500,float32,,Row-standardized geo-economic spatial weight for the destination code in the suffix.,284,0,284,,,,Matrix element; row/column ordering remains to be verified.
spatial_geo_economic_weights.dta,w_geoeco210600,float32,,Row-standardized geo-economic spatial weight for the destination code in the suffix.,284,0,284,,,,Matrix element; row/column ordering remains to be verified.
spatial_geo_economic_weights.dta,w_geoeco210700,float32,,Row-standardized geo-economic spatial weight for the destination code in the suffix.,284,0,284,,,,Matrix element; row/column ordering remains to be verified.
spatial_geo_economic_weights.dta,w_geoeco210800,float32,,Row-standardized geo-economic spatial weight for the destination code in the suffix.,284,0,284,,,,Matrix element; row/column ordering remains to be verified.
spatial_geo_economic_weights.dta,w_geoeco210900,float32,,Row-standardized geo-economic spatial weight for the destination code in the suffix.,284,0,284,,,,Matrix element; row/column ordering remains to be verified.
spatial_geo_economic_weights.dta,w_geoeco211000,float32,,Row-standardized geo-economic spatial weight for the destination code in the suffix.,284,0,284,,,,Matrix element; row/column ordering remains to be verified.
spatial_geo_economic_weights.dta,w_geoeco211100,float32,,Row-standardized geo-economic spatial weight for the destination code in the suffix.,284,0,284,,,,Matrix element; row/column ordering remains to be verified.
spatial_geo_economic_weights.dta,w_geoeco211200,float32,,Row-standardized geo-economic spatial weight for the destination code in the suffix.,284,0,284,,,,Matrix element; row/column ordering remains to be verified.
spatial_geo_economic_weights.dta,w_geoeco211300,float32,,Row-standardized geo-economic spatial weight for the destination code in the suffix.,284,0,284,,,,Matrix element; row/column ordering remains to be verified.
spatial_geo_economic_weights.dta,w_geoeco211400,float32,,Row-standardized geo-economic spatial weight for the destination code in the suffix.,284,0,284,,,,Matrix element; row/column ordering remains to be verified.
spatial_geo_economic_weights.dta,w_geoeco220100,float32,,Row-standardized geo-economic spatial weight for the destination code in the suffix.,284,0,284,,,,Matrix element; row/column ordering remains to be verified.
spatial_geo_economic_weights.dta,w_geoeco220200,float32,,Row-standardized geo-economic spatial weight for the destination code in the suffix.,284,0,284,,,,Matrix element; row/column ordering remains to be verified.
spatial_geo_economic_weights.dta,w_geoeco220300,float32,,Row-standardized geo-economic spatial weight for the destination code in the suffix.,284,0,284,,,,Matrix element; row/column ordering remains to be verified.
spatial_geo_economic_weights.dta,w_geoeco220400,float32,,Row-standardized geo-economic spatial weight for the destination code in the suffix.,284,0,284,,,,Matrix element; row/column ordering remains to be verified.
spatial_geo_economic_weights.dta,w_geoeco220500,float32,,Row-standardized geo-economic spatial weight for the destination code in the suffix.,284,0,284,,,,Matrix element; row/column ordering remains to be verified.
spatial_geo_economic_weights.dta,w_geoeco220600,float32,,Row-standardized geo-economic spatial weight for the destination code in the suffix.,284,0,284,,,,Matrix element; row/column ordering remains to be verified.
spatial_geo_economic_weights.dta,w_geoeco220700,float32,,Row-standardized geo-economic spatial weight for the destination code in the suffix.,284,0,284,,,,Matrix element; row/column ordering remains to be verified.
spatial_geo_economic_weights.dta,w_geoeco220800,float32,,Row-standardized geo-economic spatial weight for the destination code in the suffix.,284,0,284,,,,Matrix element; row/column ordering remains to be verified.
spatial_geo_economic_weights.dta,w_geoeco230100,float32,,Row-standardized geo-economic spatial weight for the destination code in the suffix.,284,0,284,,,,Matrix element; row/column ordering remains to be verified.
spatial_geo_economic_weights.dta,w_geoeco230200,float32,,Row-standardized geo-economic spatial weight for the destination code in the suffix.,284,0,284,,,,Matrix element; row/column ordering remains to be verified.
spatial_geo_economic_weights.dta,w_geoeco230300,float32,,Row-standardized geo-economic spatial weight for the destination code in the suffix.,284,0,284,,,,Matrix element; row/column ordering remains to be verified.
spatial_geo_economic_weights.dta,w_geoeco230400,float32,,Row-standardized geo-economic spatial weight for the destination code in the suffix.,284,0,284,,,,Matrix element; row/column ordering remains to be verified.
spatial_geo_economic_weights.dta,w_geoeco230500,float32,,Row-standardized geo-economic spatial weight for the destination code in the suffix.,284,0,284,,,,Matrix element; row/column ordering remains to be verified.
spatial_geo_economic_weights.dta,w_geoeco230600,float32,,Row-standardized geo-economic spatial weight for the destination code in the suffix.,284,0,284,,,,Matrix element; row/column ordering remains to be verified.
spatial_geo_economic_weights.dta,w_geoeco230700,float32,,Row-standardized geo-economic spatial weight for the destination code in the suffix.,284,0,284,,,,Matrix element; row/column ordering remains to be verified.
spatial_geo_economic_weights.dta,w_geoeco230800,float32,,Row-standardized geo-economic spatial weight for the destination code in the suffix.,284,0,284,,,,Matrix element; row/column ordering remains to be verified.
spatial_geo_economic_weights.dta,w_geoeco230900,float32,,Row-standardized geo-economic spatial weight for the destination code in the suffix.,284,0,284,,,,Matrix element; row/column ordering remains to be verified.
spatial_geo_economic_weights.dta,w_geoeco231000,float32,,Row-standardized geo-economic spatial weight for the destination code in the suffix.,284,0,284,,,,Matrix element; row/column ordering remains to be verified.
spatial_geo_economic_weights.dta,w_geoeco231100,float32,,Row-standardized geo-economic spatial weight for the destination code in the suffix.,284,0,284,,,,Matrix element; row/column ordering remains to be verified.
spatial_geo_economic_weights.dta,w_geoeco231200,float32,,Row-standardized geo-economic spatial weight for the destination code in the suffix.,284,0,284,,,,Matrix element; row/column ordering remains to be verified.
spatial_geo_economic_weights.dta,w_geoeco310000,float32,,Row-standardized geo-economic spatial weight for the destination code in the suffix.,284,0,284,,,,Matrix element; row/column ordering remains to be verified.
spatial_geo_economic_weights.dta,w_geoeco320100,float32,,Row-standardized geo-economic spatial weight for the destination code in the suffix.,284,0,284,,,,Matrix element; row/column ordering remains to be verified.
spatial_geo_economic_weights.dta,w_geoeco320200,float32,,Row-standardized geo-economic spatial weight for the destination code in the suffix.,284,0,284,,,,Matrix element; row/column ordering remains to be verified.
spatial_geo_economic_weights.dta,w_geoeco320300,float32,,Row-standardized geo-economic spatial weight for the destination code in the suffix.,284,0,284,,,,Matrix element; row/column ordering remains to be verified.
spatial_geo_economic_weights.dta,w_geoeco320400,float32,,Row-standardized geo-economic spatial weight for the destination code in the suffix.,284,0,284,,,,Matrix element; row/column ordering remains to be verified.
spatial_geo_economic_weights.dta,w_geoeco320500,float32,,Row-standardized geo-economic spatial weight for the destination code in the suffix.,284,0,284,,,,Matrix element; row/column ordering remains to be verified.
spatial_geo_economic_weights.dta,w_geoeco320600,float32,,Row-standardized geo-economic spatial weight for the destination code in the suffix.,284,0,284,,,,Matrix element; row/column ordering remains to be verified.
spatial_geo_economic_weights.dta,w_geoeco320700,float32,,Row-standardized geo-economic spatial weight for the destination code in the suffix.,284,0,284,,,,Matrix element; row/column ordering remains to be verified.
spatial_geo_economic_weights.dta,w_geoeco320800,float32,,Row-standardized geo-economic spatial weight for the destination code in the suffix.,284,0,284,,,,Matrix element; row/column ordering remains to be verified.
spatial_geo_economic_weights.dta,w_geoeco320900,float32,,Row-standardized geo-economic spatial weight for the destination code in the suffix.,284,0,284,,,,Matrix element; row/column ordering remains to be verified.
spatial_geo_economic_weights.dta,w_geoeco321000,float32,,Row-standardized geo-economic spatial weight for the destination code in the suffix.,284,0,284,,,,Matrix element; row/column ordering remains to be verified.
spatial_geo_economic_weights.dta,w_geoeco321100,float32,,Row-standardized geo-economic spatial weight for the destination code in the suffix.,284,0,284,,,,Matrix element; row/column ordering remains to be verified.
spatial_geo_economic_weights.dta,w_geoeco321200,float32,,Row-standardized geo-economic spatial weight for the destination code in the suffix.,284,0,284,,,,Matrix element; row/column ordering remains to be verified.
spatial_geo_economic_weights.dta,w_geoeco321300,float32,,Row-standardized geo-economic spatial weight for the destination code in the suffix.,284,0,284,,,,Matrix element; row/column ordering remains to be verified.
spatial_geo_economic_weights.dta,w_geoeco330100,float32,,Row-standardized geo-economic spatial weight for the destination code in the suffix.,284,0,284,,,,Matrix element; row/column ordering remains to be verified.
spatial_geo_economic_weights.dta,w_geoeco330200,float32,,Row-standardized geo-economic spatial weight for the destination code in the suffix.,284,0,284,,,,Matrix element; row/column ordering remains to be verified.
spatial_geo_economic_weights.dta,w_geoeco330300,float32,,Row-standardized geo-economic spatial weight for the destination code in the suffix.,284,0,284,,,,Matrix element; row/column ordering remains to be verified.
spatial_geo_economic_weights.dta,w_geoeco330400,float32,,Row-standardized geo-economic spatial weight for the destination code in the suffix.,284,0,284,,,,Matrix element; row/column ordering remains to be verified.
spatial_geo_economic_weights.dta,w_geoeco330500,float32,,Row-standardized geo-economic spatial weight for the destination code in the suffix.,284,0,284,,,,Matrix element; row/column ordering remains to be verified.
spatial_geo_economic_weights.dta,w_geoeco330600,float32,,Row-standardized geo-economic spatial weight for the destination code in the suffix.,284,0,284,,,,Matrix element; row/column ordering remains to be verified.
spatial_geo_economic_weights.dta,w_geoeco330700,float32,,Row-standardized geo-economic spatial weight for the destination code in the suffix.,284,0,284,,,,Matrix element; row/column ordering remains to be verified.
spatial_geo_economic_weights.dta,w_geoeco330800,float32,,Row-standardized geo-economic spatial weight for the destination code in the suffix.,284,0,284,,,,Matrix element; row/column ordering remains to be verified.
spatial_geo_economic_weights.dta,w_geoeco330900,float32,,Row-standardized geo-economic spatial weight for the destination code in the suffix.,284,0,284,,,,Matrix element; row/column ordering remains to be verified.
spatial_geo_economic_weights.dta,w_geoeco331000,float32,,Row-standardized geo-economic spatial weight for the destination code in the suffix.,284,0,284,,,,Matrix element; row/column ordering remains to be verified.
spatial_geo_economic_weights.dta,w_geoeco331100,float32,,Row-standardized geo-economic spatial weight for the destination code in the suffix.,284,0,284,,,,Matrix element; row/column ordering remains to be verified.
spatial_geo_economic_weights.dta,w_geoeco340100,float32,,Row-standardized geo-economic spatial weight for the destination code in the suffix.,284,0,284,,,,Matrix element; row/column ordering remains to be verified.
spatial_geo_economic_weights.dta,w_geoeco340200,float32,,Row-standardized geo-economic spatial weight for the destination code in the suffix.,284,0,284,,,,Matrix element; row/column ordering remains to be verified.
spatial_geo_economic_weights.dta,w_geoeco340300,float32,,Row-standardized geo-economic spatial weight for the destination code in the suffix.,284,0,284,,,,Matrix element; row/column ordering remains to be verified.
spatial_geo_economic_weights.dta,w_geoeco340400,float32,,Row-standardized geo-economic spatial weight for the destination code in the suffix.,284,0,284,,,,Matrix element; row/column ordering remains to be verified.
spatial_geo_economic_weights.dta,w_geoeco340500,float32,,Row-standardized geo-economic spatial weight for the destination code in the suffix.,284,0,284,,,,Matrix element; row/column ordering remains to be verified.
spatial_geo_economic_weights.dta,w_geoeco340600,float32,,Row-standardized geo-economic spatial weight for the destination code in the suffix.,284,0,284,,,,Matrix element; row/column ordering remains to be verified.
spatial_geo_economic_weights.dta,w_geoeco340700,float32,,Row-standardized geo-economic spatial weight for the destination code in the suffix.,284,0,284,,,,Matrix element; row/column ordering remains to be verified.
spatial_geo_economic_weights.dta,w_geoeco340800,float32,,Row-standardized geo-economic spatial weight for the destination code in the suffix.,284,0,284,,,,Matrix element; row/column ordering remains to be verified.
spatial_geo_economic_weights.dta,w_geoeco341000,float32,,Row-standardized geo-economic spatial weight for the destination code in the suffix.,284,0,284,,,,Matrix element; row/column ordering remains to be verified.
spatial_geo_economic_weights.dta,w_geoeco341100,float32,,Row-standardized geo-economic spatial weight for the destination code in the suffix.,284,0,284,,,,Matrix element; row/column ordering remains to be verified.
spatial_geo_economic_weights.dta,w_geoeco341200,float32,,Row-standardized geo-economic spatial weight for the destination code in the suffix.,284,0,284,,,,Matrix element; row/column ordering remains to be verified.
spatial_geo_economic_weights.dta,w_geoeco341300,float32,,Row-standardized geo-economic spatial weight for the destination code in the suffix.,284,0,284,,,,Matrix element; row/column ordering remains to be verified.
spatial_geo_economic_weights.dta,w_geoeco341500,float32,,Row-standardized geo-economic spatial weight for the destination code in the suffix.,284,0,284,,,,Matrix element; row/column ordering remains to be verified.
spatial_geo_economic_weights.dta,w_geoeco341600,float32,,Row-standardized geo-economic spatial weight for the destination code in the suffix.,284,0,284,,,,Matrix element; row/column ordering remains to be verified.
spatial_geo_economic_weights.dta,w_geoeco341700,float32,,Row-standardized geo-economic spatial weight for the destination code in the suffix.,284,0,284,,,,Matrix element; row/column ordering remains to be verified.
spatial_geo_economic_weights.dta,w_geoeco341800,float32,,Row-standardized geo-economic spatial weight for the destination code in the suffix.,284,0,284,,,,Matrix element; row/column ordering remains to be verified.
spatial_geo_economic_weights.dta,w_geoeco350100,float32,,Row-standardized geo-economic spatial weight for the destination code in the suffix.,284,0,284,,,,Matrix element; row/column ordering remains to be verified.
spatial_geo_economic_weights.dta,w_geoeco350200,float32,,Row-standardized geo-economic spatial weight for the destination code in the suffix.,284,0,284,,,,Matrix element; row/column ordering remains to be verified.
spatial_geo_economic_weights.dta,w_geoeco350300,float32,,Row-standardized geo-economic spatial weight for the destination code in the suffix.,284,0,284,,,,Matrix element; row/column ordering remains to be verified.
spatial_geo_economic_weights.dta,w_geoeco350400,float32,,Row-standardized geo-economic spatial weight for the destination code in the suffix.,284,0,284,,,,Matrix element; row/column ordering remains to be verified.
spatial_geo_economic_weights.dta,w_geoeco350500,float32,,Row-standardized geo-economic spatial weight for the destination code in the suffix.,284,0,284,,,,Matrix element; row/column ordering remains to be verified.
spatial_geo_economic_weights.dta,w_geoeco350600,float32,,Row-standardized geo-economic spatial weight for the destination code in the suffix.,284,0,284,,,,Matrix element; row/column ordering remains to be verified.
spatial_geo_economic_weights.dta,w_geoeco350700,float32,,Row-standardized geo-economic spatial weight for the destination code in the suffix.,284,0,284,,,,Matrix element; row/column ordering remains to be verified.
spatial_geo_economic_weights.dta,w_geoeco350800,float32,,Row-standardized geo-economic spatial weight for the destination code in the suffix.,284,0,284,,,,Matrix element; row/column ordering remains to be verified.
spatial_geo_economic_weights.dta,w_geoeco350900,float32,,Row-standardized geo-economic spatial weight for the destination code in the suffix.,284,0,284,,,,Matrix element; row/column ordering remains to be verified.
spatial_geo_economic_weights.dta,w_geoeco360100,float32,,Row-standardized geo-economic spatial weight for the destination code in the suffix.,284,0,284,,,,Matrix element; row/column ordering remains to be verified.
spatial_geo_economic_weights.dta,w_geoeco360200,float32,,Row-standardized geo-economic spatial weight for the destination code in the suffix.,284,0,284,,,,Matrix element; row/column ordering remains to be verified.
spatial_geo_economic_weights.dta,w_geoeco360300,float32,,Row-standardized geo-economic spatial weight for the destination code in the suffix.,284,0,284,,,,Matrix element; row/column ordering remains to be verified.
spatial_geo_economic_weights.dta,w_geoeco360400,float32,,Row-standardized geo-economic spatial weight for the destination code in the suffix.,284,0,284,,,,Matrix element; row/column ordering remains to be verified.
spatial_geo_economic_weights.dta,w_geoeco360500,float32,,Row-standardized geo-economic spatial weight for the destination code in the suffix.,284,0,284,,,,Matrix element; row/column ordering remains to be verified.
spatial_geo_economic_weights.dta,w_geoeco360600,float32,,Row-standardized geo-economic spatial weight for the destination code in the suffix.,284,0,284,,,,Matrix element; row/column ordering remains to be verified.
spatial_geo_economic_weights.dta,w_geoeco360700,float32,,Row-standardized geo-economic spatial weight for the destination code in the suffix.,284,0,284,,,,Matrix element; row/column ordering remains to be verified.
spatial_geo_economic_weights.dta,w_geoeco360800,float32,,Row-standardized geo-economic spatial weight for the destination code in the suffix.,284,0,284,,,,Matrix element; row/column ordering remains to be verified.
spatial_geo_economic_weights.dta,w_geoeco360900,float32,,Row-standardized geo-economic spatial weight for the destination code in the suffix.,284,0,284,,,,Matrix element; row/column ordering remains to be verified.
spatial_geo_economic_weights.dta,w_geoeco361000,float32,,Row-standardized geo-economic spatial weight for the destination code in the suffix.,284,0,284,,,,Matrix element; row/column ordering remains to be verified.
spatial_geo_economic_weights.dta,w_geoeco361100,float32,,Row-standardized geo-economic spatial weight for the destination code in the suffix.,284,0,284,,,,Matrix element; row/column ordering remains to be verified.
spatial_geo_economic_weights.dta,w_geoeco370100,float32,,Row-standardized geo-economic spatial weight for the destination code in the suffix.,284,0,284,,,,Matrix element; row/column ordering remains to be verified.
spatial_geo_economic_weights.dta,w_geoeco370200,float32,,Row-standardized geo-economic spatial weight for the destination code in the suffix.,284,0,284,,,,Matrix element; row/column ordering remains to be verified.
spatial_geo_economic_weights.dta,w_geoeco370300,float32,,Row-standardized geo-economic spatial weight for the destination code in the suffix.,284,0,284,,,,Matrix element; row/column ordering remains to be verified.
spatial_geo_economic_weights.dta,w_geoeco370400,float32,,Row-standardized geo-economic spatial weight for the destination code in the suffix.,284,0,284,,,,Matrix element; row/column ordering remains to be verified.
spatial_geo_economic_weights.dta,w_geoeco370500,float32,,Row-standardized geo-economic spatial weight for the destination code in the suffix.,284,0,284,,,,Matrix element; row/column ordering remains to be verified.
spatial_geo_economic_weights.dta,w_geoeco370600,float32,,Row-standardized geo-economic spatial weight for the destination code in the suffix.,284,0,284,,,,Matrix element; row/column ordering remains to be verified.
spatial_geo_economic_weights.dta,w_geoeco370700,float32,,Row-standardized geo-economic spatial weight for the destination code in the suffix.,284,0,284,,,,Matrix element; row/column ordering remains to be verified.
spatial_geo_economic_weights.dta,w_geoeco370800,float32,,Row-standardized geo-economic spatial weight for the destination code in the suffix.,284,0,284,,,,Matrix element; row/column ordering remains to be verified.
spatial_geo_economic_weights.dta,w_geoeco370900,float32,,Row-standardized geo-economic spatial weight for the destination code in the suffix.,284,0,284,,,,Matrix element; row/column ordering remains to be verified.
spatial_geo_economic_weights.dta,w_geoeco371000,float32,,Row-standardized geo-economic spatial weight for the destination code in the suffix.,284,0,284,,,,Matrix element; row/column ordering remains to be verified.
spatial_geo_economic_weights.dta,w_geoeco371100,float32,,Row-standardized geo-economic spatial weight for the destination code in the suffix.,284,0,284,,,,Matrix element; row/column ordering remains to be verified.
spatial_geo_economic_weights.dta,w_geoeco371300,float32,,Row-standardized geo-economic spatial weight for the destination code in the suffix.,284,0,284,,,,Matrix element; row/column ordering remains to be verified.
spatial_geo_economic_weights.dta,w_geoeco371400,float32,,Row-standardized geo-economic spatial weight for the destination code in the suffix.,284,0,284,,,,Matrix element; row/column ordering remains to be verified.
spatial_geo_economic_weights.dta,w_geoeco371500,float32,,Row-standardized geo-economic spatial weight for the destination code in the suffix.,284,0,284,,,,Matrix element; row/column ordering remains to be verified.
spatial_geo_economic_weights.dta,w_geoeco371600,float32,,Row-standardized geo-economic spatial weight for the destination code in the suffix.,284,0,284,,,,Matrix element; row/column ordering remains to be verified.
spatial_geo_economic_weights.dta,w_geoeco371700,float32,,Row-standardized geo-economic spatial weight for the destination code in the suffix.,284,0,284,,,,Matrix element; row/column ordering remains to be verified.
spatial_geo_economic_weights.dta,w_geoeco410100,float32,,Row-standardized geo-economic spatial weight for the destination code in the suffix.,284,0,284,,,,Matrix element; row/column ordering remains to be verified.
spatial_geo_economic_weights.dta,w_geoeco410200,float32,,Row-standardized geo-economic spatial weight for the destination code in the suffix.,284,0,284,,,,Matrix element; row/column ordering remains to be verified.
spatial_geo_economic_weights.dta,w_geoeco410300,float32,,Row-standardized geo-economic spatial weight for the destination code in the suffix.,284,0,284,,,,Matrix element; row/column ordering remains to be verified.
spatial_geo_economic_weights.dta,w_geoeco410400,float32,,Row-standardized geo-economic spatial weight for the destination code in the suffix.,284,0,284,,,,Matrix element; row/column ordering remains to be verified.
spatial_geo_economic_weights.dta,w_geoeco410500,float32,,Row-standardized geo-economic spatial weight for the destination code in the suffix.,284,0,284,,,,Matrix element; row/column ordering remains to be verified.
spatial_geo_economic_weights.dta,w_geoeco410600,float32,,Row-standardized geo-economic spatial weight for the destination code in the suffix.,284,0,284,,,,Matrix element; row/column ordering remains to be verified.
spatial_geo_economic_weights.dta,w_geoeco410700,float32,,Row-standardized geo-economic spatial weight for the destination code in the suffix.,284,0,284,,,,Matrix element; row/column ordering remains to be verified.
spatial_geo_economic_weights.dta,w_geoeco410800,float32,,Row-standardized geo-economic spatial weight for the destination code in the suffix.,284,0,284,,,,Matrix element; row/column ordering remains to be verified.
spatial_geo_economic_weights.dta,w_geoeco410900,float32,,Row-standardized geo-economic spatial weight for the destination code in the suffix.,284,0,284,,,,Matrix element; row/column ordering remains to be verified.
spatial_geo_economic_weights.dta,w_geoeco411000,float32,,Row-standardized geo-economic spatial weight for the destination code in the suffix.,284,0,284,,,,Matrix element; row/column ordering remains to be verified.
spatial_geo_economic_weights.dta,w_geoeco411100,float32,,Row-standardized geo-economic spatial weight for the destination code in the suffix.,284,0,284,,,,Matrix element; row/column ordering remains to be verified.
spatial_geo_economic_weights.dta,w_geoeco411200,float32,,Row-standardized geo-economic spatial weight for the destination code in the suffix.,284,0,284,,,,Matrix element; row/column ordering remains to be verified.
spatial_geo_economic_weights.dta,w_geoeco411300,float32,,Row-standardized geo-economic spatial weight for the destination code in the suffix.,284,0,284,,,,Matrix element; row/column ordering remains to be verified.
spatial_geo_economic_weights.dta,w_geoeco411400,float32,,Row-standardized geo-economic spatial weight for the destination code in the suffix.,284,0,284,,,,Matrix element; row/column ordering remains to be verified.
spatial_geo_economic_weights.dta,w_geoeco411500,float32,,Row-standardized geo-economic spatial weight for the destination code in the suffix.,284,0,284,,,,Matrix element; row/column ordering remains to be verified.
spatial_geo_economic_weights.dta,w_geoeco411600,float32,,Row-standardized geo-economic spatial weight for the destination code in the suffix.,284,0,284,,,,Matrix element; row/column ordering remains to be verified.
spatial_geo_economic_weights.dta,w_geoeco411700,float32,,Row-standardized geo-economic spatial weight for the destination code in the suffix.,284,0,284,,,,Matrix element; row/column ordering remains to be verified.
spatial_geo_economic_weights.dta,w_geoeco420100,float32,,Row-standardized geo-economic spatial weight for the destination code in the suffix.,284,0,284,,,,Matrix element; row/column ordering remains to be verified.
spatial_geo_economic_weights.dta,w_geoeco420200,float32,,Row-standardized geo-economic spatial weight for the destination code in the suffix.,284,0,284,,,,Matrix element; row/column ordering remains to be verified.
spatial_geo_economic_weights.dta,w_geoeco420300,float32,,Row-standardized geo-economic spatial weight for the destination code in the suffix.,284,0,284,,,,Matrix element; row/column ordering remains to be verified.
spatial_geo_economic_weights.dta,w_geoeco420500,float32,,Row-standardized geo-economic spatial weight for the destination code in the suffix.,284,0,284,,,,Matrix element; row/column ordering remains to be verified.
spatial_geo_economic_weights.dta,w_geoeco420600,float32,,Row-standardized geo-economic spatial weight for the destination code in the suffix.,284,0,284,,,,Matrix element; row/column ordering remains to be verified.
spatial_geo_economic_weights.dta,w_geoeco420700,float32,,Row-standardized geo-economic spatial weight for the destination code in the suffix.,284,0,284,,,,Matrix element; row/column ordering remains to be verified.
spatial_geo_economic_weights.dta,w_geoeco420800,float32,,Row-standardized geo-economic spatial weight for the destination code in the suffix.,284,0,284,,,,Matrix element; row/column ordering remains to be verified.
spatial_geo_economic_weights.dta,w_geoeco420900,float32,,Row-standardized geo-economic spatial weight for the destination code in the suffix.,284,0,284,,,,Matrix element; row/column ordering remains to be verified.
spatial_geo_economic_weights.dta,w_geoeco421000,float32,,Row-standardized geo-economic spatial weight for the destination code in the suffix.,284,0,284,,,,Matrix element; row/column ordering remains to be verified.
spatial_geo_economic_weights.dta,w_geoeco421100,float32,,Row-standardized geo-economic spatial weight for the destination code in the suffix.,284,0,284,,,,Matrix element; row/column ordering remains to be verified.
spatial_geo_economic_weights.dta,w_geoeco421200,float32,,Row-standardized geo-economic spatial weight for the destination code in the suffix.,284,0,284,,,,Matrix element; row/column ordering remains to be verified.
spatial_geo_economic_weights.dta,w_geoeco421300,float32,,Row-standardized geo-economic spatial weight for the destination code in the suffix.,284,0,284,,,,Matrix element; row/column ordering remains to be verified.
spatial_geo_economic_weights.dta,w_geoeco430100,float32,,Row-standardized geo-economic spatial weight for the destination code in the suffix.,284,0,284,,,,Matrix element; row/column ordering remains to be verified.
spatial_geo_economic_weights.dta,w_geoeco430200,float32,,Row-standardized geo-economic spatial weight for the destination code in the suffix.,284,0,284,,,,Matrix element; row/column ordering remains to be verified.
spatial_geo_economic_weights.dta,w_geoeco430300,float32,,Row-standardized geo-economic spatial weight for the destination code in the suffix.,284,0,284,,,,Matrix element; row/column ordering remains to be verified.
spatial_geo_economic_weights.dta,w_geoeco430400,float32,,Row-standardized geo-economic spatial weight for the destination code in the suffix.,284,0,284,,,,Matrix element; row/column ordering remains to be verified.
spatial_geo_economic_weights.dta,w_geoeco430500,float32,,Row-standardized geo-economic spatial weight for the destination code in the suffix.,284,0,284,,,,Matrix element; row/column ordering remains to be verified.
spatial_geo_economic_weights.dta,w_geoeco430600,float32,,Row-standardized geo-economic spatial weight for the destination code in the suffix.,284,0,284,,,,Matrix element; row/column ordering remains to be verified.
spatial_geo_economic_weights.dta,w_geoeco430700,float32,,Row-standardized geo-economic spatial weight for the destination code in the suffix.,284,0,284,,,,Matrix element; row/column ordering remains to be verified.
spatial_geo_economic_weights.dta,w_geoeco430800,float32,,Row-standardized geo-economic spatial weight for the destination code in the suffix.,284,0,284,,,,Matrix element; row/column ordering remains to be verified.
spatial_geo_economic_weights.dta,w_geoeco430900,float32,,Row-standardized geo-economic spatial weight for the destination code in the suffix.,284,0,284,,,,Matrix element; row/column ordering remains to be verified.
spatial_geo_economic_weights.dta,w_geoeco431000,float32,,Row-standardized geo-economic spatial weight for the destination code in the suffix.,284,0,284,,,,Matrix element; row/column ordering remains to be verified.
spatial_geo_economic_weights.dta,w_geoeco431100,float32,,Row-standardized geo-economic spatial weight for the destination code in the suffix.,284,0,284,,,,Matrix element; row/column ordering remains to be verified.
spatial_geo_economic_weights.dta,w_geoeco431200,float32,,Row-standardized geo-economic spatial weight for the destination code in the suffix.,284,0,284,,,,Matrix element; row/column ordering remains to be verified.
spatial_geo_economic_weights.dta,w_geoeco431300,float32,,Row-standardized geo-economic spatial weight for the destination code in the suffix.,284,0,284,,,,Matrix element; row/column ordering remains to be verified.
spatial_geo_economic_weights.dta,w_geoeco440100,float32,,Row-standardized geo-economic spatial weight for the destination code in the suffix.,284,0,284,,,,Matrix element; row/column ordering remains to be verified.
spatial_geo_economic_weights.dta,w_geoeco440200,float32,,Row-standardized geo-economic spatial weight for the destination code in the suffix.,284,0,284,,,,Matrix element; row/column ordering remains to be verified.
spatial_geo_economic_weights.dta,w_geoeco440300,float32,,Row-standardized geo-economic spatial weight for the destination code in the suffix.,284,0,284,,,,Matrix element; row/column ordering remains to be verified.
spatial_geo_economic_weights.dta,w_geoeco440400,float32,,Row-standardized geo-economic spatial weight for the destination code in the suffix.,284,0,284,,,,Matrix element; row/column ordering remains to be verified.
spatial_geo_economic_weights.dta,w_geoeco440500,float32,,Row-standardized geo-economic spatial weight for the destination code in the suffix.,284,0,284,,,,Matrix element; row/column ordering remains to be verified.
spatial_geo_economic_weights.dta,w_geoeco440600,float32,,Row-standardized geo-economic spatial weight for the destination code in the suffix.,284,0,284,,,,Matrix element; row/column ordering remains to be verified.
spatial_geo_economic_weights.dta,w_geoeco440700,float32,,Row-standardized geo-economic spatial weight for the destination code in the suffix.,284,0,284,,,,Matrix element; row/column ordering remains to be verified.
spatial_geo_economic_weights.dta,w_geoeco440800,float32,,Row-standardized geo-economic spatial weight for the destination code in the suffix.,284,0,284,,,,Matrix element; row/column ordering remains to be verified.
spatial_geo_economic_weights.dta,w_geoeco440900,float32,,Row-standardized geo-economic spatial weight for the destination code in the suffix.,284,0,284,,,,Matrix element; row/column ordering remains to be verified.
spatial_geo_economic_weights.dta,w_geoeco441200,float32,,Row-standardized geo-economic spatial weight for the destination code in the suffix.,284,0,284,,,,Matrix element; row/column ordering remains to be verified.
spatial_geo_economic_weights.dta,w_geoeco441300,float32,,Row-standardized geo-economic spatial weight for the destination code in the suffix.,284,0,284,,,,Matrix element; row/column ordering remains to be verified.
spatial_geo_economic_weights.dta,w_geoeco441400,float32,,Row-standardized geo-economic spatial weight for the destination code in the suffix.,284,0,284,,,,Matrix element; row/column ordering remains to be verified.
spatial_geo_economic_weights.dta,w_geoeco441500,float32,,Row-standardized geo-economic spatial weight for the destination code in the suffix.,284,0,284,,,,Matrix element; row/column ordering remains to be verified.
spatial_geo_economic_weights.dta,w_geoeco441600,float32,,Row-standardized geo-economic spatial weight for the destination code in the suffix.,284,0,284,,,,Matrix element; row/column ordering remains to be verified.
spatial_geo_economic_weights.dta,w_geoeco441700,float32,,Row-standardized geo-economic spatial weight for the destination code in the suffix.,284,0,284,,,,Matrix element; row/column ordering remains to be verified.
spatial_geo_economic_weights.dta,w_geoeco441800,float32,,Row-standardized geo-economic spatial weight for the destination code in the suffix.,284,0,284,,,,Matrix element; row/column ordering remains to be verified.
spatial_geo_economic_weights.dta,w_geoeco441900,float32,,Row-standardized geo-economic spatial weight for the destination code in the suffix.,284,0,284,,,,Matrix element; row/column ordering remains to be verified.
spatial_geo_economic_weights.dta,w_geoeco442000,float32,,Row-standardized geo-economic spatial weight for the destination code in the suffix.,284,0,284,,,,Matrix element; row/column ordering remains to be verified.
spatial_geo_economic_weights.dta,w_geoeco445100,float32,,Row-standardized geo-economic spatial weight for the destination code in the suffix.,284,0,284,,,,Matrix element; row/column ordering remains to be verified.
spatial_geo_economic_weights.dta,w_geoeco445200,float32,,Row-standardized geo-economic spatial weight for the destination code in the suffix.,284,0,284,,,,Matrix element; row/column ordering remains to be verified.
spatial_geo_economic_weights.dta,w_geoeco445300,float32,,Row-standardized geo-economic spatial weight for the destination code in the suffix.,284,0,284,,,,Matrix element; row/column ordering remains to be verified.
spatial_geo_economic_weights.dta,w_geoeco450100,float32,,Row-standardized geo-economic spatial weight for the destination code in the suffix.,284,0,284,,,,Matrix element; row/column ordering remains to be verified.
spatial_geo_economic_weights.dta,w_geoeco450200,float32,,Row-standardized geo-economic spatial weight for the destination code in the suffix.,284,0,284,,,,Matrix element; row/column ordering remains to be verified.
spatial_geo_economic_weights.dta,w_geoeco450300,float32,,Row-standardized geo-economic spatial weight for the destination code in the suffix.,284,0,284,,,,Matrix element; row/column ordering remains to be verified.
spatial_geo_economic_weights.dta,w_geoeco450400,float32,,Row-standardized geo-economic spatial weight for the destination code in the suffix.,284,0,284,,,,Matrix element; row/column ordering remains to be verified.
spatial_geo_economic_weights.dta,w_geoeco450500,float32,,Row-standardized geo-economic spatial weight for the destination code in the suffix.,284,0,284,,,,Matrix element; row/column ordering remains to be verified.
spatial_geo_economic_weights.dta,w_geoeco450600,float32,,Row-standardized geo-economic spatial weight for the destination code in the suffix.,284,0,284,,,,Matrix element; row/column ordering remains to be verified.
spatial_geo_economic_weights.dta,w_geoeco450700,float32,,Row-standardized geo-economic spatial weight for the destination code in the suffix.,284,0,284,,,,Matrix element; row/column ordering remains to be verified.
spatial_geo_economic_weights.dta,w_geoeco450800,float32,,Row-standardized geo-economic spatial weight for the destination code in the suffix.,284,0,284,,,,Matrix element; row/column ordering remains to be verified.
spatial_geo_economic_weights.dta,w_geoeco450900,float32,,Row-standardized geo-economic spatial weight for the destination code in the suffix.,284,0,284,,,,Matrix element; row/column ordering remains to be verified.
spatial_geo_economic_weights.dta,w_geoeco451000,float32,,Row-standardized geo-economic spatial weight for the destination code in the suffix.,284,0,284,,,,Matrix element; row/column ordering remains to be verified.
spatial_geo_economic_weights.dta,w_geoeco451100,float32,,Row-standardized geo-economic spatial weight for the destination code in the suffix.,284,0,284,,,,Matrix element; row/column ordering remains to be verified.
spatial_geo_economic_weights.dta,w_geoeco451200,float32,,Row-standardized geo-economic spatial weight for the destination code in the suffix.,284,0,284,,,,Matrix element; row/column ordering remains to be verified.
spatial_geo_economic_weights.dta,w_geoeco451300,float32,,Row-standardized geo-economic spatial weight for the destination code in the suffix.,284,0,284,,,,Matrix element; row/column ordering remains to be verified.
spatial_geo_economic_weights.dta,w_geoeco451400,float32,,Row-standardized geo-economic spatial weight for the destination code in the suffix.,284,0,284,,,,Matrix element; row/column ordering remains to be verified.
spatial_geo_economic_weights.dta,w_geoeco460100,float32,,Row-standardized geo-economic spatial weight for the destination code in the suffix.,284,0,284,,,,Matrix element; row/column ordering remains to be verified.
spatial_geo_economic_weights.dta,w_geoeco460200,float32,,Row-standardized geo-economic spatial weight for the destination code in the suffix.,284,0,284,,,,Matrix element; row/column ordering remains to be verified.
spatial_geo_economic_weights.dta,w_geoeco500000,float32,,Row-standardized geo-economic spatial weight for the destination code in the suffix.,284,0,284,,,,Matrix element; row/column ordering remains to be verified.
spatial_geo_economic_weights.dta,w_geoeco510100,float32,,Row-standardized geo-economic spatial weight for the destination code in the suffix.,284,0,284,,,,Matrix element; row/column ordering remains to be verified.
spatial_geo_economic_weights.dta,w_geoeco510300,float32,,Row-standardized geo-economic spatial weight for the destination code in the suffix.,284,0,284,,,,Matrix element; row/column ordering remains to be verified.
spatial_geo_economic_weights.dta,w_geoeco510400,float32,,Row-standardized geo-economic spatial weight for the destination code in the suffix.,284,0,284,,,,Matrix element; row/column ordering remains to be verified.
spatial_geo_economic_weights.dta,w_geoeco510500,float32,,Row-standardized geo-economic spatial weight for the destination code in the suffix.,284,0,284,,,,Matrix element; row/column ordering remains to be verified.
spatial_geo_economic_weights.dta,w_geoeco510600,float32,,Row-standardized geo-economic spatial weight for the destination code in the suffix.,284,0,284,,,,Matrix element; row/column ordering remains to be verified.
spatial_geo_economic_weights.dta,w_geoeco510700,float32,,Row-standardized geo-economic spatial weight for the destination code in the suffix.,284,0,284,,,,Matrix element; row/column ordering remains to be verified.
spatial_geo_economic_weights.dta,w_geoeco510800,float32,,Row-standardized geo-economic spatial weight for the destination code in the suffix.,284,0,284,,,,Matrix element; row/column ordering remains to be verified.
spatial_geo_economic_weights.dta,w_geoeco510900,float32,,Row-standardized geo-economic spatial weight for the destination code in the suffix.,284,0,284,,,,Matrix element; row/column ordering remains to be verified.
spatial_geo_economic_weights.dta,w_geoeco511000,float32,,Row-standardized geo-economic spatial weight for the destination code in the suffix.,284,0,284,,,,Matrix element; row/column ordering remains to be verified.
spatial_geo_economic_weights.dta,w_geoeco511100,float32,,Row-standardized geo-economic spatial weight for the destination code in the suffix.,284,0,284,,,,Matrix element; row/column ordering remains to be verified.
spatial_geo_economic_weights.dta,w_geoeco511300,float32,,Row-standardized geo-economic spatial weight for the destination code in the suffix.,284,0,284,,,,Matrix element; row/column ordering remains to be verified.
spatial_geo_economic_weights.dta,w_geoeco511400,float32,,Row-standardized geo-economic spatial weight for the destination code in the suffix.,284,0,284,,,,Matrix element; row/column ordering remains to be verified.
spatial_geo_economic_weights.dta,w_geoeco511500,float32,,Row-standardized geo-economic spatial weight for the destination code in the suffix.,284,0,284,,,,Matrix element; row/column ordering remains to be verified.
spatial_geo_economic_weights.dta,w_geoeco511600,float32,,Row-standardized geo-economic spatial weight for the destination code in the suffix.,284,0,284,,,,Matrix element; row/column ordering remains to be verified.
spatial_geo_economic_weights.dta,w_geoeco511700,float32,,Row-standardized geo-economic spatial weight for the destination code in the suffix.,284,0,284,,,,Matrix element; row/column ordering remains to be verified.
spatial_geo_economic_weights.dta,w_geoeco511800,float32,,Row-standardized geo-economic spatial weight for the destination code in the suffix.,284,0,284,,,,Matrix element; row/column ordering remains to be verified.
spatial_geo_economic_weights.dta,w_geoeco511900,float32,,Row-standardized geo-economic spatial weight for the destination code in the suffix.,284,0,284,,,,Matrix element; row/column ordering remains to be verified.
spatial_geo_economic_weights.dta,w_geoeco512000,float32,,Row-standardized geo-economic spatial weight for the destination code in the suffix.,284,0,284,,,,Matrix element; row/column ordering remains to be verified.
spatial_geo_economic_weights.dta,w_geoeco520100,float32,,Row-standardized geo-economic spatial weight for the destination code in the suffix.,284,0,284,,,,Matrix element; row/column ordering remains to be verified.
spatial_geo_economic_weights.dta,w_geoeco520200,float32,,Row-standardized geo-economic spatial weight for the destination code in the suffix.,284,0,284,,,,Matrix element; row/column ordering remains to be verified.
spatial_geo_economic_weights.dta,w_geoeco520300,float32,,Row-standardized geo-economic spatial weight for the destination code in the suffix.,284,0,284,,,,Matrix element; row/column ordering remains to be verified.
spatial_geo_economic_weights.dta,w_geoeco520400,float32,,Row-standardized geo-economic spatial weight for the destination code in the suffix.,284,0,284,,,,Matrix element; row/column ordering remains to be verified.
spatial_geo_economic_weights.dta,w_geoeco530100,float32,,Row-standardized geo-economic spatial weight for the destination code in the suffix.,284,0,284,,,,Matrix element; row/column ordering remains to be verified.
spatial_geo_economic_weights.dta,w_geoeco530300,float32,,Row-standardized geo-economic spatial weight for the destination code in the suffix.,284,0,284,,,,Matrix element; row/column ordering remains to be verified.
spatial_geo_economic_weights.dta,w_geoeco530400,float32,,Row-standardized geo-economic spatial weight for the destination code in the suffix.,284,0,284,,,,Matrix element; row/column ordering remains to be verified.
spatial_geo_economic_weights.dta,w_geoeco530500,float32,,Row-standardized geo-economic spatial weight for the destination code in the suffix.,284,0,284,,,,Matrix element; row/column ordering remains to be verified.
spatial_geo_economic_weights.dta,w_geoeco530600,float32,,Row-standardized geo-economic spatial weight for the destination code in the suffix.,284,0,284,,,,Matrix element; row/column ordering remains to be verified.
spatial_geo_economic_weights.dta,w_geoeco530700,float32,,Row-standardized geo-economic spatial weight for the destination code in the suffix.,284,0,284,,,,Matrix element; row/column ordering remains to be verified.
spatial_geo_economic_weights.dta,w_geoeco530800,float32,,Row-standardized geo-economic spatial weight for the destination code in the suffix.,284,0,284,,,,Matrix element; row/column ordering remains to be verified.
spatial_geo_economic_weights.dta,w_geoeco530900,float32,,Row-standardized geo-economic spatial weight for the destination code in the suffix.,284,0,284,,,,Matrix element; row/column ordering remains to be verified.
spatial_geo_economic_weights.dta,w_geoeco540100,float32,,Row-standardized geo-economic spatial weight for the destination code in the suffix.,284,0,284,,,,Matrix element; row/column ordering remains to be verified.
spatial_geo_economic_weights.dta,w_geoeco610100,float32,,Row-standardized geo-economic spatial weight for the destination code in the suffix.,284,0,284,,,,Matrix element; row/column ordering remains to be verified.
spatial_geo_economic_weights.dta,w_geoeco610200,float32,,Row-standardized geo-economic spatial weight for the destination code in the suffix.,284,0,284,,,,Matrix element; row/column ordering remains to be verified.
spatial_geo_economic_weights.dta,w_geoeco610300,float32,,Row-standardized geo-economic spatial weight for the destination code in the suffix.,284,0,284,,,,Matrix element; row/column ordering remains to be verified.
spatial_geo_economic_weights.dta,w_geoeco610400,float32,,Row-standardized geo-economic spatial weight for the destination code in the suffix.,284,0,284,,,,Matrix element; row/column ordering remains to be verified.
spatial_geo_economic_weights.dta,w_geoeco610500,float32,,Row-standardized geo-economic spatial weight for the destination code in the suffix.,284,0,284,,,,Matrix element; row/column ordering remains to be verified.
spatial_geo_economic_weights.dta,w_geoeco610600,float32,,Row-standardized geo-economic spatial weight for the destination code in the suffix.,284,0,284,,,,Matrix element; row/column ordering remains to be verified.
spatial_geo_economic_weights.dta,w_geoeco610700,float32,,Row-standardized geo-economic spatial weight for the destination code in the suffix.,284,0,284,,,,Matrix element; row/column ordering remains to be verified.
spatial_geo_economic_weights.dta,w_geoeco610800,float32,,Row-standardized geo-economic spatial weight for the destination code in the suffix.,284,0,284,,,,Matrix element; row/column ordering remains to be verified.
spatial_geo_economic_weights.dta,w_geoeco610900,float32,,Row-standardized geo-economic spatial weight for the destination code in the suffix.,284,0,284,,,,Matrix element; row/column ordering remains to be verified.
spatial_geo_economic_weights.dta,w_geoeco611000,float32,,Row-standardized geo-economic spatial weight for the destination code in the suffix.,284,0,284,,,,Matrix element; row/column ordering remains to be verified.
spatial_geo_economic_weights.dta,w_geoeco620100,float32,,Row-standardized geo-economic spatial weight for the destination code in the suffix.,284,0,284,,,,Matrix element; row/column ordering remains to be verified.
spatial_geo_economic_weights.dta,w_geoeco620200,float32,,Row-standardized geo-economic spatial weight for the destination code in the suffix.,284,0,284,,,,Matrix element; row/column ordering remains to be verified.
spatial_geo_economic_weights.dta,w_geoeco620300,float32,,Row-standardized geo-economic spatial weight for the destination code in the suffix.,284,0,284,,,,Matrix element; row/column ordering remains to be verified.
spatial_geo_economic_weights.dta,w_geoeco620400,float32,,Row-standardized geo-economic spatial weight for the destination code in the suffix.,284,0,284,,,,Matrix element; row/column ordering remains to be verified.
spatial_geo_economic_weights.dta,w_geoeco620500,float32,,Row-standardized geo-economic spatial weight for the destination code in the suffix.,284,0,284,,,,Matrix element; row/column ordering remains to be verified.
spatial_geo_economic_weights.dta,w_geoeco620600,float32,,Row-standardized geo-economic spatial weight for the destination code in the suffix.,284,0,284,,,,Matrix element; row/column ordering remains to be verified.
spatial_geo_economic_weights.dta,w_geoeco620700,float32,,Row-standardized geo-economic spatial weight for the destination code in the suffix.,284,0,284,,,,Matrix element; row/column ordering remains to be verified.
spatial_geo_economic_weights.dta,w_geoeco620800,float32,,Row-standardized geo-economic spatial weight for the destination code in the suffix.,284,0,284,,,,Matrix element; row/column ordering remains to be verified.
spatial_geo_economic_weights.dta,w_geoeco620900,float32,,Row-standardized geo-economic spatial weight for the destination code in the suffix.,284,0,284,,,,Matrix element; row/column ordering remains to be verified.
spatial_geo_economic_weights.dta,w_geoeco621000,float32,,Row-standardized geo-economic spatial weight for the destination code in the suffix.,284,0,284,,,,Matrix element; row/column ordering remains to be verified.
spatial_geo_economic_weights.dta,w_geoeco621100,float32,,Row-standardized geo-economic spatial weight for the destination code in the suffix.,284,0,284,,,,Matrix element; row/column ordering remains to be verified.
spatial_geo_economic_weights.dta,w_geoeco621200,float32,,Row-standardized geo-economic spatial weight for the destination code in the suffix.,284,0,284,,,,Matrix element; row/column ordering remains to be verified.
spatial_geo_economic_weights.dta,w_geoeco630100,float32,,Row-standardized geo-economic spatial weight for the destination code in the suffix.,284,0,284,,,,Matrix element; row/column ordering remains to be verified.
spatial_geo_economic_weights.dta,w_geoeco640100,float32,,Row-standardized geo-economic spatial weight for the destination code in the suffix.,284,0,284,,,,Matrix element; row/column ordering remains to be verified.
spatial_geo_economic_weights.dta,w_geoeco640200,float32,,Row-standardized geo-economic spatial weight for the destination code in the suffix.,284,0,284,,,,Matrix element; row/column ordering remains to be verified.
spatial_geo_economic_weights.dta,w_geoeco640300,float32,,Row-standardized geo-economic spatial weight for the destination code in the suffix.,284,0,284,,,,Matrix element; row/column ordering remains to be verified.
spatial_geo_economic_weights.dta,w_geoeco640400,float32,,Row-standardized geo-economic spatial weight for the destination code in the suffix.,284,0,284,,,,Matrix element; row/column ordering remains to be verified.
spatial_geo_economic_weights.dta,w_geoeco650100,float32,,Row-standardized geo-economic spatial weight for the destination code in the suffix.,284,0,284,,,,Matrix element; row/column ordering remains to be verified.
spatial_geo_economic_weights.dta,w_geoeco650200,float32,,Row-standardized geo-economic spatial weight for the destination code in the suffix.,284,0,284,,,,Matrix element; row/column ordering remains to be verified.
